location,date,depth_group,mean_dissolved_oxygen,std_dissolved_oxygen,measurement_count
SA,2014-02-18,Surface,7.60904752055894,0.0933166364289047,10
SA,2014-02-18,Mid-Depth,7.266,0.1993990972898324,10
SA,2014-02-18,Lower Photic,6.8180000000000005,0.1359248158194653,10
SA,2014-02-18,Deep,6.439069707308709,0.1749186998738058,22
SA,2014-03-26,Surface,7.465999999999999,0.0760409246539138,10
SA,2014-03-26,Mid-Depth,7.033,0.2467139594303042,10
SA,2014-03-26,Lower Photic,5.949,0.5808317790510052,10
SA,2014-03-26,Deep,4.264765373738981,0.4673371143965601,22
SA,2014-04-22,Surface,6.988,0.0719258877827262,10
SA,2014-04-22,Mid-Depth,6.726999999999999,0.0780384520605068,10
SA,2014-04-22,Lower Photic,5.93,1.0225241100118645,10
SA,2014-04-22,Deep,2.9913277507402958,0.2184461814888716,22
SA,2014-05-19,Surface,7.149499999999999,0.064137439231007,10
SA,2014-05-19,Mid-Depth,7.039,0.1360106205003449,10
SA,2014-05-19,Lower Photic,6.697,0.0888256719648098,10
SA,2014-05-19,Deep,4.114545454545454,1.157245656037433,22
SA,2014-06-24,Surface,7.42,0.1617267929427759,10
SA,2014-06-24,Mid-Depth,7.303,0.2068842940174798,10
SA,2014-06-24,Lower Photic,6.265,0.4503887209955417,10
SA,2014-06-24,Deep,3.2624242424242422,1.2664553632517757,22
SA,2014-07-22,Surface,6.968999999999999,0.0251440295541948,10
SA,2014-07-22,Mid-Depth,6.919,0.013703203194063,10
SA,2014-07-22,Lower Photic,6.4590000000000005,0.5405439647038691,10
SA,2014-07-22,Deep,3.060378787878788,0.9642934650428712,22
SA,2014-08-12,Surface,7.287999999999999,0.0329309040939425,10
SA,2014-08-12,Mid-Depth,7.108,0.2053614699337082,10
SA,2014-08-12,Lower Photic,6.7,0.1048808848170152,10
SA,2014-08-12,Deep,3.1313010598131386,1.6055108995447236,22
SA,2014-09-08,Surface,8.089,0.0474809903481853,10
SA,2014-09-08,Mid-Depth,7.796000000000001,0.191613035974997,10
SA,2014-09-08,Lower Photic,7.256,0.3833826055290227,10
SA,2014-09-08,Deep,3.0979545454545456,1.7544519284563111,22
SA,2014-10-07,Surface,8.476,0.0362705880232944,10
SA,2014-10-07,Mid-Depth,8.123,0.2493123877120162,10
SA,2014-10-07,Lower Photic,7.344999999999999,0.221120881972835,10
SA,2014-10-07,Deep,3.045806948316232,2.0150242672927465,22
SA,2014-11-11,Surface,7.858,0.0198885785202349,10
SA,2014-11-11,Mid-Depth,7.644,0.1760176758800725,10
SA,2014-11-11,Lower Photic,7.152000000000001,0.067297019910906,10
SA,2014-11-11,Deep,4.6644136947709205,2.1800463849157787,22
SA,2014-12-08,Surface,6.933,0.0283039062871383,10
SA,2014-12-08,Mid-Depth,6.929,0.0073786478737263,10
SA,2014-12-08,Lower Photic,6.961,0.0144913767461893,10
SA,2014-12-08,Deep,6.9556818181818185,0.023819532528371,22
SA,2015-01-13,Surface,7.27223406870409,0.0326865502735536,10
SA,2015-01-13,Mid-Depth,6.941262519495123,0.1563182069861333,10
SA,2015-01-13,Lower Photic,5.994193200628852,0.484964994680452,10
SA,2015-01-13,Deep,3.644518914539619,0.6113902735029749,22
SA,2015-02-10,Surface,6.416999999999999,0.4793062115646369,10
SA,2015-02-10,Mid-Depth,4.615,0.336889365288435,10
SA,2015-02-10,Lower Photic,4.786,0.4268801549225105,10
SA,2015-02-10,Deep,5.863484848484847,0.152212874024371,22
SA,2015-03-10,Surface,7.138000000000001,0.0348966728754731,10
SA,2015-03-10,Mid-Depth,6.872,0.200432864903272,10
SA,2015-03-10,Lower Photic,6.272,0.0656251984123984,10
SA,2015-03-10,Deep,6.674242424242425,0.1153104015103958,22
SA,2015-04-14,Surface,7.633,0.0374314187696792,10
SA,2015-04-14,Mid-Depth,7.189,0.3210209408192001,10
SA,2015-04-14,Lower Photic,6.586,0.0894675608499776,10
SA,2015-04-14,Deep,4.053484848484849,0.9758873196256116,22
SA,2015-06-09,Surface,7.372999999999999,0.0133749350984924,10
SA,2015-06-09,Mid-Depth,7.391999999999999,0.0193218356615858,10
SA,2015-06-09,Lower Photic,6.138999999999999,0.8735044361650374,10
SA,2015-06-09,Deep,3.6399242424242426,0.5518757042390007,22
SA,2015-07-14,Surface,7.168000000000001,0.019321835661586,10
SA,2015-07-14,Mid-Depth,7.208999999999999,0.0119721899973783,10
SA,2015-07-14,Lower Photic,7.083,0.1106596383310352,10
SA,2015-07-14,Deep,3.436818181818182,1.2661320832126686,22
SA,2015-08-10,Surface,7.478999999999999,0.0299814757623584,10
SA,2015-08-10,Mid-Depth,7.390000000000001,0.0339934634239518,10
SA,2015-08-10,Lower Photic,6.746,0.4987361805381457,10
SA,2015-08-10,Deep,3.538863636363637,1.3231663349071612,22
SA,2015-09-09,Surface,7.817,0.0713442359269478,10
SA,2015-09-09,Mid-Depth,7.741,0.1344494948546355,10
SA,2015-09-09,Lower Photic,6.681,0.6926831887666974,10
SA,2015-09-09,Deep,2.564469696969697,1.3509656928548568,22
SA,2015-10-06,Surface,7.973000000000001,0.0588878406615303,10
SA,2015-10-06,Mid-Depth,7.608,0.2622467031886832,10
SA,2015-10-06,Lower Photic,5.99,0.8510255251427212,10
SA,2015-10-06,Deep,2.3795454545454544,1.1564515583586747,22
SA,2015-11-11,Surface,7.259,0.0546605687655898,10
SA,2015-11-11,Mid-Depth,6.906000000000001,0.2376832626276687,10
SA,2015-11-11,Lower Photic,6.0920000000000005,0.697930273499199,10
SA,2015-11-11,Deep,2.7603388556645028,0.5436292696243402,22
SA,2016-01-19,Surface,7.324000000000001,0.0150554530541816,10
SA,2016-01-19,Mid-Depth,7.286,0.0469515116310907,10
SA,2016-01-19,Lower Photic,7.079000000000001,0.0817108723895825,10
SA,2016-01-19,Deep,5.8981818181818175,1.3970202519704518,22
SA,2016-02-16,Surface,6.662999999999999,1.8459147085147545,10
SA,2016-02-16,Mid-Depth,6.82,0.208912528213232,10
SA,2016-02-16,Lower Photic,6.856999999999999,0.1646578945031856,10
SA,2016-02-16,Deep,7.017348484848484,0.0225647750192434,22
SA,2016-03-01,Surface,8.027,0.0176698110409313,10
SA,2016-03-01,Mid-Depth,7.239,0.4038000055032744,10
SA,2016-03-01,Lower Photic,6.491,0.107336438878468,10
SA,2016-03-01,Deep,6.369545454545456,0.0896807710305878,22
SA,2016-04-12,Surface,8.031,0.0369534241384416,10
SA,2016-04-12,Mid-Depth,7.926999999999998,0.1416607841915952,10
SA,2016-04-12,Lower Photic,6.105,1.1431170835337328,10
SA,2016-04-12,Deep,4.406742424242424,0.2833419593797678,22
SA,2016-05-17,Surface,7.8809999999999985,0.0233095116493961,10
SA,2016-05-17,Mid-Depth,7.712999999999999,0.1811107702791611,10
SA,2016-05-17,Lower Photic,5.159,1.1829196459983613,10
SA,2016-05-17,Deep,3.300303030303031,0.334523524518065,22
SA,2016-06-14,Surface,7.832000000000001,0.0234757558155453,10
SA,2016-06-14,Mid-Depth,7.786000000000001,0.0900863783019139,10
SA,2016-06-14,Lower Photic,6.125,1.3886544246539927,10
SA,2016-06-14,Deep,2.6539393939393943,0.3778743616455515,22
SA,2016-07-12,Surface,7.536,0.0142984070596847,10
SA,2016-07-12,Mid-Depth,7.499,0.061904945054674,10
SA,2016-07-12,Lower Photic,6.034000000000001,1.357908522528508,10
SA,2016-07-12,Deep,2.79939393939394,0.3526387848126075,22
SA,2016-08-09,Surface,7.849000000000001,0.0395671019352638,10
SA,2016-08-09,Mid-Depth,7.824,0.0913114328974076,10
SA,2016-08-09,Lower Photic,7.100999999999999,0.42909335943488,10
SA,2016-08-09,Deep,3.0315151515151517,1.19518687621295,22
SA,2016-09-06,Surface,7.577,0.0319895816373601,10
SA,2016-09-06,Mid-Depth,7.501,0.1078527803175337,10
SA,2016-09-06,Lower Photic,6.906000000000001,0.2696582198924326,10
SA,2016-09-06,Deep,2.3403787878787883,1.2754526047806902,22
SA,2016-10-11,Surface,7.354999999999999,0.0254950975679639,10
SA,2016-10-11,Mid-Depth,7.319,0.0589632654003037,10
SA,2016-10-11,Lower Photic,7.117,0.0834066344283635,10
SA,2016-10-11,Deep,2.592860512202623,1.883827633535143,22
SA,2016-11-08,Surface,7.607000000000001,0.0082327260234858,10
SA,2016-11-08,Mid-Depth,7.51,0.0996661092515071,10
SA,2016-11-08,Lower Photic,7.162000000000001,0.1069579356569675,10
SA,2016-11-08,Deep,3.709015151515152,1.981034859905705,22
SA,2016-12-05,Surface,7.794,0.0117378779077726,10
SA,2016-12-05,Mid-Depth,7.624,0.1668132688567268,10
SA,2016-12-05,Lower Photic,7.042,0.1201665510863984,10
SA,2016-12-05,Deep,6.141666666666668,1.278199378341912,22
SA,2017-02-07,Surface,6.282,0.0601479656994132,10
SA,2017-02-07,Mid-Depth,6.289,0.0099442892601175,10
SA,2017-02-07,Lower Photic,6.161999999999999,0.0461398839279953,10
SA,2017-02-07,Deep,6.657954545454545,0.2380209028981491,22
SA,2017-03-13,Surface,7.699,0.0223358207570013,10
SA,2017-03-13,Mid-Depth,7.011,0.2986060206284454,10
SA,2017-03-13,Lower Photic,6.535000000000001,0.1485672313204437,10
SA,2017-03-13,Deep,5.132651515151514,0.7860090503758386,22
SA,2017-04-18,Surface,7.9,0.0169967317119759,10
SA,2017-04-18,Mid-Depth,7.802000000000001,0.1931493377329227,10
SA,2017-04-18,Lower Photic,7.253,0.0824688493378627,10
SA,2017-04-18,Deep,4.93189393939394,0.9252942182527084,22
SA,2017-05-16,Surface,7.943,0.0525039681040078,10
SA,2017-05-16,Mid-Depth,7.467,0.2956743704370286,10
SA,2017-05-16,Lower Photic,6.654000000000001,0.3767463042655864,10
SA,2017-05-16,Deep,3.893787878787879,0.8197302727469078,22
SA,2017-06-13,Surface,8.169,0.0602679203409427,10
SA,2017-06-13,Mid-Depth,7.837000000000001,0.3122338866939336,10
SA,2017-06-13,Lower Photic,5.957,0.7491187415149142,10
SA,2017-06-13,Deep,3.3401515151515144,0.4839680859572335,22
SA,2017-07-11,Surface,8.393,0.0838053299816504,10
SA,2017-07-11,Mid-Depth,8.248000000000001,0.2056318176850181,10
SA,2017-07-11,Lower Photic,6.863,0.8693937862416292,10
SA,2017-07-11,Deep,3.501969696969698,0.8108194686107448,22
SA,2017-08-08,Surface,8.045999999999998,0.0245854518861147,10
SA,2017-08-08,Mid-Depth,7.901000000000001,0.2112633953675416,10
SA,2017-08-08,Lower Photic,5.420999999999999,0.8791845969735568,10
SA,2017-08-08,Deep,2.9421969696969694,0.5039130967646198,22
SA,2017-09-12,Surface,7.270999999999999,0.0268535120814969,10
SA,2017-09-12,Mid-Depth,7.108,0.2567662144614997,10
SA,2017-09-12,Lower Photic,5.504,1.018552349606484,10
SA,2017-09-12,Deep,1.531439393939394,0.8745254639844898,22
SA,2017-10-12,Surface,5.930000000000001,0.0176383420737639,10
SA,2017-10-12,Mid-Depth,5.885,0.0620483682299542,10
SA,2017-10-12,Lower Photic,5.537999999999999,0.1208120670941258,10
SA,2017-10-12,Deep,1.4798484848484852,1.1203144528677975,22
SA,2017-11-07,Surface,7.529000000000001,0.0172884033065198,10
SA,2017-11-07,Mid-Depth,7.305,0.2156772279742735,10
SA,2017-11-07,Lower Photic,6.441,0.1530758708034098,10
SA,2017-11-07,Deep,2.138484848484848,1.880851638487971,22
SA,2017-12-13,Surface,3.883,0.1047801932088735,10
SA,2017-12-13,Mid-Depth,3.796,0.1164474130240771,10
SA,2017-12-13,Lower Photic,3.705000000000001,0.0605988632089927,10
SA,2017-12-13,Deep,3.650227272727273,0.210353881379107,22
SA,2018-01-11,Surface,6.560410735436544,0.0970512609447031,10
SA,2018-01-11,Mid-Depth,6.320161994352588,0.1102705540044268,10
SA,2018-01-11,Lower Photic,6.242815082827719,0.03038774298049,10
SA,2018-01-11,Deep,6.1620758662859485,0.1520436582059449,22
SA,2018-02-07,Surface,5.263232190617337,0.1039618677300017,10
SA,2018-02-07,Mid-Depth,4.775561536605177,0.0829435437148539,10
SA,2018-02-07,Lower Photic,5.174517277278414,0.0996753885851343,10
SA,2018-02-07,Deep,5.025477598355542,0.2042795407223651,22
SA,2018-03-13,Surface,6.615650826413787,0.0848416613393406,10
SA,2018-03-13,Mid-Depth,5.887541883086101,0.1466771877348118,10
SA,2018-03-13,Lower Photic,5.284195420680818,0.3516541674132782,10
SA,2018-03-13,Deep,3.624359462475398,0.5863063168808545,22
SA,2018-04-10,Surface,6.94987953362254,0.0214749135850594,10
SA,2018-04-10,Mid-Depth,6.239647611958683,0.2915395295763388,10
SA,2018-04-10,Lower Photic,5.431252556990252,0.712302722794374,10
SA,2018-04-10,Deep,2.7105738590463666,0.3526877235003268,22
SA,2018-05-15,Surface,7.315734074903753,0.2157904681427321,10
SA,2018-05-15,Mid-Depth,6.195670989729013,0.4590196555237444,10
SA,2018-05-15,Lower Photic,4.263555409425228,0.7403981969024231,10
SA,2018-05-15,Deep,1.6753320028319174,0.4168372886393049,22
SA,2018-06-12,Surface,7.080478981907223,0.0144718648231418,10
SA,2018-06-12,Mid-Depth,6.880760385833669,0.240483231140663,10
SA,2018-06-12,Lower Photic,4.491299094397064,0.7671864683838092,10
SA,2018-06-12,Deep,2.058347708849234,0.5269269241465118,22
SA,2018-07-17,Surface,6.969427111,0.0253567717713762,10
SA,2018-07-17,Mid-Depth,6.925100509000001,0.0053408442542987,10
SA,2018-07-17,Lower Photic,6.802457135999999,0.2289001082755349,10
SA,2018-07-17,Deep,2.360056605649941,1.3020075381987288,22
SA,2018-08-14,Surface,7.063523944849656,0.0585847437688132,10
SA,2018-08-14,Mid-Depth,6.611197963232501,0.1738595988284919,10
SA,2018-08-14,Lower Photic,5.685541475903995,0.3214029189902389,10
SA,2018-08-14,Deep,2.551204573746643,1.1563357661910831,22
SA,2018-09-11,Surface,7.156022970970686,0.1476842152986621,10
SA,2018-09-11,Mid-Depth,6.334349201449102,0.3743269435041723,10
SA,2018-09-11,Lower Photic,4.89176710177402,0.6465093862713064,10
SA,2018-09-11,Deep,1.7197900180424506,0.8434207660123262,22
SA,2018-09-24,Surface,7.769823533711144,0.1993314533128915,10
SA,2018-09-24,Mid-Depth,6.937945155122276,0.2291091723767286,10
SA,2018-09-24,Lower Photic,5.233336013285579,0.9038676385640424,10
SA,2018-09-24,Deep,1.2112746300466546,1.1014328975032412,22
SA,2018-11-14,Surface,6.845965564599332,0.0216741422230832,10
SA,2018-11-14,Mid-Depth,6.727807333616876,0.0651489433405346,10
SA,2018-11-14,Lower Photic,6.290873050595509,0.0983122244854816,10
SA,2018-11-14,Deep,1.8963316695012609,2.058182745998056,22
SA,2018-12-12,Surface,6.255746615238785,0.0290437495411095,10
SA,2018-12-12,Mid-Depth,6.1643292209146106,0.0243528890449283,10
SA,2018-12-12,Lower Photic,6.120936296475659,0.0072659114974839,10
SA,2018-12-12,Deep,5.567159377917666,0.7257749601064459,22
SA,2019-02-12,Surface,7.63,0.0716472842006823,10
SA,2019-02-12,Mid-Depth,7.138,0.1501702737265637,10
SA,2019-02-12,Lower Photic,6.922,0.0771434450300939,10
SA,2019-02-12,Deep,8.983306446167711,1.105660113874157,22
SA,2019-03-12,Surface,7.487999999999999,0.0161932770686548,10
SA,2019-03-12,Mid-Depth,6.897,0.272521151064973,10
SA,2019-03-12,Lower Photic,6.354,0.3707709685386802,10
SA,2019-03-12,Deep,4.036377603078117,0.6365009347367214,22
SA,2019-04-09,Surface,7.605000000000001,0.2116732282447537,10
SA,2019-04-09,Mid-Depth,6.635,0.1581314502417388,10
SA,2019-04-09,Lower Photic,6.224000000000001,0.1104737273945457,10
SA,2019-04-09,Deep,4.701368404838752,0.8352915177315844,22
SA,2019-05-14,Surface,7.41094767514623,0.038430477774024,10
SA,2019-05-14,Mid-Depth,6.7725729874141525,0.3256415007972789,10
SA,2019-05-14,Lower Photic,4.9627518130873405,0.6881100925744661,10
SA,2019-05-14,Deep,2.371295064893292,0.6623011417392053,22
SA,2019-06-12,Surface,7.246239338688132,0.0296047181600641,10
SA,2019-06-12,Mid-Depth,6.835452654296984,0.2490237432235572,10
SA,2019-06-12,Lower Photic,4.002184310261304,1.0561499829581087,10
SA,2019-06-12,Deep,2.13990787629888,0.5219900240639738,22
SA,2019-07-12,Surface,6.945812312389551,0.0090898680452025,10
SA,2019-07-12,Mid-Depth,6.859319908902317,0.0696487937918978,10
SA,2019-07-12,Lower Photic,4.646375202254686,1.4240715150660863,10
SA,2019-07-12,Deep,1.9904428174906847,0.3591945183883898,22
SA,2019-08-13,Surface,7.182337049303806,0.0160549394987997,10
SA,2019-08-13,Mid-Depth,6.905210936323508,0.1549616967941674,10
SA,2019-08-13,Lower Photic,5.397278236007285,1.026641815050425,10
SA,2019-08-13,Deep,1.7738307127940554,0.3497273443123406,22
SA,2019-09-10,Surface,7.233249345056417,0.0041390261946846,10
SA,2019-09-10,Mid-Depth,6.930656289846061,0.2633794022215939,10
SA,2019-09-10,Lower Photic,5.374286236990499,1.591614582418368,10
SA,2019-09-10,Deep,1.748197136041552,0.2984634923006753,22
SA,2020-02-11,Surface,7.648947032904277,0.0383466534030834,10
SA,2020-02-11,Mid-Depth,7.243582805343033,0.1139893111827987,10
SA,2020-02-11,Lower Photic,6.515730928877645,0.1250840607597552,10
SA,2020-02-11,Deep,5.227318578592189,0.7654557251672944,22
SA,2020-05-12,Surface,7.42008373623676,0.0552597264390627,10
SA,2020-05-12,Mid-Depth,7.030788551707028,0.1842456638424263,10
SA,2020-05-12,Lower Photic,5.138995151856991,1.030230341045798,10
SA,2020-05-12,Deep,3.3721591677580607,0.1463170155295977,22
SA,2020-06-09,Surface,7.4200472052231135,0.1590664591814494,10
SA,2020-06-09,Mid-Depth,6.8196960100146695,0.1973141986615832,10
SA,2020-06-09,Lower Photic,5.150150929157892,1.3095489670705354,10
SA,2020-06-09,Deep,2.996893227267266,0.2291969944719327,22
SA,2020-07-14,Surface,7.464983796464331,0.0259776851255519,10
SA,2020-07-14,Mid-Depth,7.020546455225366,0.2160845977552572,10
SA,2020-07-14,Lower Photic,4.866110641790605,1.432918987262141,10
SA,2020-07-14,Deep,2.424898757822214,0.3862776064220698,22
SA,2020-08-11,Surface,6.979406404668831,0.0055101811021954,10
SA,2020-08-11,Mid-Depth,6.951488781205347,0.0212227322486026,10
SA,2020-08-11,Lower Photic,4.685954587317112,1.6640541549992915,10
SA,2020-08-11,Deep,2.304435770976691,0.2160153905492933,22
SA,2020-09-08,Surface,7.003987218467924,0.0164729776525803,10
SA,2020-09-08,Mid-Depth,6.729294824818206,0.2557715723180804,10
SA,2020-09-08,Lower Photic,4.9112520114429,1.4031486976935672,10
SA,2020-09-08,Deep,1.3311839010550244,0.3993551436854163,22
SA,2020-10-13,Surface,7.022828492790953,0.0219084773397543,10
SA,2020-10-13,Mid-Depth,6.758213405651953,0.1191063924655446,10
SA,2020-10-13,Lower Photic,6.003245485480207,0.5730374890730485,10
SA,2020-10-13,Deep,1.2665331756423357,0.6417729156861526,22
SA,2020-11-10,Surface,7.389346680560726,0.0582830178880481,10
SA,2020-11-10,Mid-Depth,6.717517412978936,0.2068978106302714,10
SA,2020-11-10,Lower Photic,6.233899570380081,0.2844955511905521,10
SA,2020-11-10,Deep,2.4218074331402053,1.7115058591180274,22
SA,2020-12-08,Surface,6.663434939676565,0.0217609448608876,10
SA,2020-12-08,Mid-Depth,6.577204972339514,0.0207086586984934,10
SA,2020-12-08,Lower Photic,6.503495929640147,0.0266034994826759,10
SA,2020-12-08,Deep,4.718539838855485,1.7785159923281475,22
SA,2021-01-19,Surface,7.066336862612916,0.0577597722065185,10
SA,2021-01-19,Mid-Depth,6.914628335874473,0.0235574659247384,10
SA,2021-01-19,Lower Photic,6.608311222704297,0.1340142618357482,10
SA,2021-01-19,Deep,6.2642641502453165,0.193286640630257,22
SA,2021-02-16,Surface,7.026148467431762,0.0461740419979922,10
SA,2021-02-16,Mid-Depth,6.340759223347343,0.2951327403066749,10
SA,2021-02-16,Lower Photic,6.058604069218902,0.0135351245574487,10
SA,2021-02-16,Deep,5.421579280125022,0.5030054408024199,22
SA,2021-03-16,Surface,7.037071882183331,0.3134125194920877,10
SA,2021-03-16,Mid-Depth,6.4186158881442354,0.1097623249415899,10
SA,2021-03-16,Lower Photic,6.136505397276963,0.0693735446840987,10
SA,2021-03-16,Deep,5.155366965508839,0.5424738549318916,22
SA,2021-04-13,Surface,7.409080996274639,0.3125251517490899,10
SA,2021-04-13,Mid-Depth,6.649171833220803,0.1521525411008298,10
SA,2021-04-13,Lower Photic,6.282484180024536,0.0842313851815247,10
SA,2021-04-13,Deep,5.158419478548257,0.671442593511541,22
SA,2021-05-11,Surface,7.417648661183529,0.0120604710283797,10
SA,2021-05-11,Mid-Depth,6.8981260387514265,0.4237636065533601,10
SA,2021-05-11,Lower Photic,5.242440238605156,0.2624771504041499,10
SA,2021-05-11,Deep,4.516082254801979,0.4340556596962558,22
SA,2021-06-08,Surface,7.473341919395383,0.0533020871932837,10
SA,2021-06-08,Mid-Depth,6.643858660921507,0.4938745831705886,10
SA,2021-06-08,Lower Photic,4.871564203024917,0.5394758842797903,10
SA,2021-06-08,Deep,3.6988415861505946,0.2916581956653836,22
SA,2021-07-13,Surface,7.366769850491487,0.0138549339622116,10
SA,2021-07-13,Mid-Depth,7.26781289562161,0.0516844515424279,10
SA,2021-07-13,Lower Photic,4.731810765756382,1.2746925976279695,10
SA,2021-07-13,Deep,3.224943007324073,0.156149149599842,22
SA,2021-08-10,Surface,7.397959563881547,0.0452308155638799,10
SA,2021-08-10,Mid-Depth,7.219267880211079,0.0556277211697047,10
SA,2021-08-10,Lower Photic,5.776673471054756,1.164936317412116,10
SA,2021-08-10,Deep,2.9804810481810544,0.1253386850235394,22
SA,2021-09-07,Surface,7.39953755783893,0.0821091398181054,10
SA,2021-09-07,Mid-Depth,6.98071169073976,0.1359769583187297,10
SA,2021-09-07,Lower Photic,5.491963716927402,0.9180160117710426,10
SA,2021-09-07,Deep,2.554726284313802,0.4208461487726284,22
SA,2021-10-12,Surface,7.477838734081319,0.1156321009993477,10
SA,2021-10-12,Mid-Depth,6.731880449009267,0.1247504902760572,10
SA,2021-10-12,Lower Photic,5.086237004888838,0.9949066354073628,10
SA,2021-10-12,Deep,2.0086435714718567,0.3688313515881043,22
SA,2021-11-09,Surface,6.992147713177356,0.0479222978555786,10
SA,2021-11-09,Mid-Depth,6.819820424785695,0.0736785565492963,10
SA,2021-11-09,Lower Photic,6.56563934618063,0.1019740765498957,10
SA,2021-11-09,Deep,2.175244296653012,1.4934823670793105,22
SA,2021-12-07,Surface,7.093130618294079,0.1154222162944024,10
SA,2021-12-07,Mid-Depth,6.820217239276522,0.1640817511851377,10
SA,2021-12-07,Lower Photic,6.344713050892549,0.0650394008906191,10
SA,2021-12-07,Deep,6.07718680764306,0.1848915748195017,22
SA,2022-01-18,Surface,6.764687170344553,0.0308174371853161,10
SA,2022-01-18,Mid-Depth,6.604742297486278,0.0955916353991261,10
SA,2022-01-18,Lower Photic,6.249096877853509,0.0750253660358592,10
SA,2022-01-18,Deep,5.883061920984509,0.2531934386575457,22
SA,2022-02-08,Surface,6.942781885177878,0.0646166706763436,10
SA,2022-02-08,Mid-Depth,6.64776085419341,0.1487088148481,10
SA,2022-02-08,Lower Photic,6.372147057911205,0.0375533264806273,10
SA,2022-02-08,Deep,6.3158806110530925,0.1256424093615525,22
SA,2022-03-08,Surface,7.546786116148387,0.3120367905768299,10
SA,2022-03-08,Mid-Depth,6.732644118035337,0.1552958884217763,10
SA,2022-03-08,Lower Photic,6.36797529646119,0.0377543259671845,10
SA,2022-03-08,Deep,6.251899915390921,0.3313182838965963,22
SA,2022-04-05,Surface,7.589467174910761,0.1055541409522226,10
SA,2022-04-05,Mid-Depth,6.902209286162797,0.1869200514407969,10
SA,2022-04-05,Lower Photic,5.911869194747479,0.3818876111913791,10
SA,2022-04-05,Deep,4.725606697128234,0.4799589922487711,22
SA,2022-05-10,Surface,7.926953991101852,0.0570898181874214,10
SA,2022-05-10,Mid-Depth,7.459754439966706,0.2745564524212716,10
SA,2022-05-10,Lower Photic,5.596262124239599,0.6358542814389392,10
SA,2022-05-10,Deep,3.865950472175633,0.3633946340583183,22
SA,2022-06-14,Surface,7.34256627063713,0.0278396951700755,10
SA,2022-06-14,Mid-Depth,7.173493454981623,0.0749923830660949,10
SA,2022-06-14,Lower Photic,5.322572177901788,1.461986760964487,10
SA,2022-06-14,Deep,3.2802743754507047,0.3850364172606821,22
SA,2022-07-12,Surface,7.412561997881651,0.0795871785100053,10
SA,2022-07-12,Mid-Depth,7.031974663445746,0.2023101840553381,10
SA,2022-07-12,Lower Photic,5.8314303796369975,0.7789140050669394,10
SA,2022-07-12,Deep,3.340157214465933,0.237718356801164,22
SA,2022-08-09,Surface,7.091904845258664,0.0187934842757565,10
SA,2022-08-09,Mid-Depth,6.980453595553014,0.0640214595442053,10
SA,2022-08-09,Lower Photic,6.521050695277928,0.6147564239292627,10
SA,2022-08-09,Deep,2.7861259618171483,0.4378048055501753,22
SA,2022-09-06,Surface,7.589672919998956,0.0260179891278881,10
SA,2022-09-06,Mid-Depth,6.92949539092602,0.3342059467891338,10
SA,2022-09-06,Lower Photic,5.591720864450577,0.6668869298800633,10
SA,2022-09-06,Deep,2.225875877088453,0.5545393099954551,22
SA,2022-10-18,Surface,7.282552036428839,0.0451154215187405,10
SA,2022-10-18,Mid-Depth,6.707720654825296,0.329677363871134,10
SA,2022-10-18,Lower Photic,6.156961293095253,0.1464099852321482,10
SA,2022-10-18,Deep,1.9839446313430635,1.3399232176005749,22
SA,2022-11-08,Surface,7.074862200613351,0.0444453471202171,10
SA,2022-11-08,Mid-Depth,6.478442007722579,0.3936610807066008,10
SA,2022-11-08,Lower Photic,5.52424120370511,0.4636047370877168,10
SA,2022-11-08,Deep,1.8941342889468693,1.1300893956462803,22
SA,2022-12-06,Surface,6.54163299661108,0.0687075084329904,10
SA,2022-12-06,Mid-Depth,6.353138514880082,0.050579213939664,10
SA,2022-12-06,Lower Photic,6.162844337694788,0.1188647316320038,10
SA,2022-12-06,Deep,5.7240522542889165,0.3993025582799495,22
SA,2023-01-17,Surface,6.907896067201811,0.0867606024073579,10
SA,2023-01-17,Mid-Depth,6.583605761896966,0.1340215497747815,10
SA,2023-01-17,Lower Photic,6.450935396649359,0.0342476229237601,10
SA,2023-01-17,Deep,6.24688365037101,0.1219339674742513,22
SA,2023-02-14,Surface,6.587865040944055,0.0441438006879184,10
SA,2023-02-14,Mid-Depth,6.640716812312851,0.1484772073730776,10
SA,2023-02-14,Lower Photic,6.584954458109034,0.1288736590866943,10
SA,2023-02-14,Deep,6.313545611616655,0.1215339191804415,22
SA,2023-03-14,Surface,7.7242253873154,0.0481412405400405,10
SA,2023-03-14,Mid-Depth,7.04669398876103,0.339055411293474,10
SA,2023-03-14,Lower Photic,5.760694695987242,0.5113295237118682,10
SA,2023-03-14,Deep,4.711602938533858,0.327151765003923,22
SA,2023-04-11,Surface,7.129059060071837,0.0335083968277399,10
SA,2023-04-11,Mid-Depth,7.0028973388193005,0.0395366434343201,10
SA,2023-04-11,Lower Photic,6.5520906892089625,0.5735422571975237,10
SA,2023-04-11,Deep,2.735482420143129,0.6592572830341477,22
SA,2023-05-09,Surface,7.769248012441736,0.0313216497454035,10
SA,2023-05-09,Mid-Depth,7.500319832688578,0.1805538962327388,10
SA,2023-05-09,Lower Photic,5.916004637863358,0.8590431832689732,10
SA,2023-05-09,Deep,3.153840854757973,0.2944841532485939,22
SA,2023-06-13,Surface,7.669910373224828,0.0441349640497564,10
SA,2023-06-13,Mid-Depth,7.152626727731077,0.2437345058610993,10
SA,2023-06-13,Lower Photic,4.562431190681585,0.8997425467083141,10
SA,2023-06-13,Deep,2.161629860069328,0.3857034971187189,22
SA,2023-07-18,Surface,7.142385958833844,0.0218493312759621,10
SA,2023-07-18,Mid-Depth,7.04518731089036,0.0359709130349975,10
SA,2023-07-18,Lower Photic,6.405243296702759,1.13277130391604,10
SA,2023-07-18,Deep,1.218818521264825,0.6849952989520095,22
SA,2023-08-16,Surface,7.316590430940272,0.0224485444631147,10
SA,2023-08-16,Mid-Depth,7.067036678473192,0.130788327514166,10
SA,2023-08-16,Lower Photic,5.068397557191462,1.230276458040114,10
SA,2023-08-16,Deep,1.5685345133896822,0.3893831376735219,22
SA,2023-09-05,Surface,7.451776143362052,0.0794780081490815,10
SA,2023-09-05,Mid-Depth,6.989184524926147,0.2648211273639851,10
SA,2023-09-05,Lower Photic,4.555586862796679,1.5745014622761402,10
SA,2023-09-05,Deep,1.307332926511071,0.4544332056206832,22
SA,2023-10-18,Surface,7.166338597484765,0.0196736905149116,10
SA,2023-10-18,Mid-Depth,7.165019184236856,0.0072950876273915,10
SA,2023-10-18,Lower Photic,6.726468708461337,0.6048611567452358,10
SA,2023-10-18,Deep,1.172102618797883,1.0234986354752853,22
SA,2023-11-14,Surface,7.015025945114149,0.0963918206872412,10
SA,2023-11-14,Mid-Depth,6.7518036193456,0.0954832210672973,10
SA,2023-11-14,Lower Photic,6.429547058034298,0.1256350162716602,10
SA,2023-11-14,Deep,2.7760321969541986,2.315051910951726,22
SA,2023-12-05,Surface,6.751127747167956,0.047991914008018,10
SA,2023-12-05,Mid-Depth,6.67694070634114,0.0151858233218051,10
SA,2023-12-05,Lower Photic,6.633135996520321,0.0363796741074987,10
SA,2023-12-05,Deep,3.539818720581428,2.595257905069262,22
WG,2014-02-14,Surface,7.582499999999999,0.1550421089754507,10
WG,2014-02-14,Mid-Depth,6.966714285714285,0.1110082885916832,10
WG,2014-02-14,Lower Photic,6.483928571428573,0.1751711990584978,10
WG,2014-02-14,Deep,3.6716111004142338,2.2778169629170013,45
WG,2014-02-19,Surface,7.606,0.0598516684999025,10
WG,2014-02-19,Mid-Depth,7.339000000000001,0.1908722667707968,10
WG,2014-02-19,Lower Photic,6.273000000000001,0.2589315653904627,10
WG,2014-02-19,Deep,3.3489138510652627,2.649870947162594,45
WG,2014-03-26,Surface,7.318,0.0545282801244761,10
WG,2014-03-26,Mid-Depth,7.147,0.1004489920307815,10
WG,2014-03-26,Lower Photic,5.729,0.5325087375391652,10
WG,2014-03-26,Deep,2.653875934693772,1.9857397938672807,45
WG,2014-04-23,Surface,7.159925592657731,0.0472013224817005,10
WG,2014-04-23,Mid-Depth,7.087999999999999,0.0325917508308808,10
WG,2014-04-23,Lower Photic,7.019,0.0303498123735735,10
WG,2014-04-23,Deep,3.087883643276498,1.8464077915176125,45
WG,2014-04-27,Surface,7.134598799331288,0.0488828614745671,10
WG,2014-04-27,Mid-Depth,7.178,0.0204396129556746,10
WG,2014-04-27,Lower Photic,6.721000000000001,0.3629952555551596,10
WG,2014-04-27,Deep,2.858001013963296,1.618304997207045,45
WG,2014-06-25,Surface,7.2,0.078173595997057,10
WG,2014-06-25,Mid-Depth,7.257,0.0374314187696793,10
WG,2014-06-25,Lower Photic,6.911,0.4792459354722445,10
WG,2014-06-25,Deep,2.6498326335783893,1.4909019031311934,45
WG,2014-07-23,Surface,6.884,0.0126491106406734,10
WG,2014-07-23,Mid-Depth,6.9,0.0094280904158207,10
WG,2014-07-23,Lower Photic,6.883,0.0105934990547138,10
WG,2014-07-23,Deep,2.615383134582534,1.5047176710298011,45
WG,2014-08-13,Surface,7.465999999999999,0.0386436713231717,10
WG,2014-08-13,Mid-Depth,7.456999999999999,0.0688072993543886,10
WG,2014-08-13,Lower Photic,7.116999999999999,0.178950644964843,10
WG,2014-08-13,Deep,2.6911506924204494,1.8456443113643024,45
WG,2014-09-09,Surface,8.127,0.0176698110409318,10
WG,2014-09-09,Mid-Depth,8.113,0.0182878222991273,10
WG,2014-09-09,Lower Photic,7.925999999999999,0.3551900899518451,10
WG,2014-09-09,Deep,2.5741568774711188,1.632428332165492,45
WG,2014-09-25,Surface,8.037,0.0413790070231539,10
WG,2014-09-25,Mid-Depth,8.021,0.0378447119452932,10
WG,2014-09-25,Lower Photic,7.515000000000001,0.4268554269955526,10
WG,2014-09-25,Deep,2.350039844208845,1.3053921282087513,45
WG,2014-10-08,Surface,8.287,0.2083826608269827,10
WG,2014-10-08,Mid-Depth,8.508,0.0410419839243237,10
WG,2014-10-08,Lower Photic,7.700999999999999,0.763143353360152,10
WG,2014-10-08,Deep,2.5997313713079784,1.3814239387442242,45
WG,2014-11-12,Surface,7.823,0.0141813649241218,10
WG,2014-11-12,Mid-Depth,7.842,0.0198885785202351,10
WG,2014-11-12,Lower Photic,7.546000000000001,0.1054303350822502,10
WG,2014-11-12,Deep,2.7737503865633046,2.23538217112342,45
WG,2014-12-09,Surface,6.504,0.0427395211328655,10
WG,2014-12-09,Mid-Depth,6.491000000000001,0.0099442892601173,10
WG,2014-12-09,Lower Photic,6.505,0.0164991582276859,10
WG,2014-12-09,Deep,3.573994809202466,2.8181220459109166,45
WG,2015-01-14,Surface,7.184898563205289,0.0242527374814791,10
WG,2015-01-14,Mid-Depth,7.082475594054652,0.0720008575993658,10
WG,2015-01-14,Lower Photic,6.251431764777943,0.4671429618017766,10
WG,2015-01-14,Deep,2.80900972881628,1.7693045583429028,45
WG,2015-02-11,Surface,5.813,0.0346570499481868,10
WG,2015-02-11,Mid-Depth,5.805999999999999,0.006992058987801,10
WG,2015-02-11,Lower Photic,5.851999999999999,0.0113529242439511,10
WG,2015-02-11,Deep,5.159681192016532,1.4599637241088974,45
WG,2015-03-11,Surface,7.055,0.0271825107171667,10
WG,2015-03-11,Mid-Depth,7.115,0.037785946829182,10
WG,2015-03-11,Lower Photic,6.666,0.3266734693169245,10
WG,2015-03-11,Deep,4.137544514886158,1.5927265480072226,45
WG,2015-04-14,Surface,7.193,0.0298328677803525,10
WG,2015-04-14,Mid-Depth,7.2010000000000005,0.007378647873726,10
WG,2015-04-14,Lower Photic,6.814,0.4355890009834703,10
WG,2015-04-14,Deep,3.540798923380489,1.5818445346890082,45
WG,2015-05-05,Surface,7.248,0.0161932770686547,10
WG,2015-05-05,Mid-Depth,7.286,0.0201108041719976,10
WG,2015-05-05,Lower Photic,7.078000000000001,0.5125058265251453,10
WG,2015-05-05,Deep,3.444313396923372,1.5056726547242665,45
WG,2015-06-09,Surface,7.432,0.009189365834727,10
WG,2015-06-09,Mid-Depth,7.446000000000001,0.0201108041719977,10
WG,2015-06-09,Lower Photic,7.061,0.5723528437753916,10
WG,2015-06-09,Deep,3.2864336469548365,1.4464816310887378,45
WG,2015-07-15,Surface,7.235000000000001,0.0184089350286454,10
WG,2015-07-15,Mid-Depth,7.295999999999999,0.013498971154211,10
WG,2015-07-15,Lower Photic,7.296000000000001,0.024129281427805,10
WG,2015-07-15,Deep,3.40715654817002,1.6597206119674304,45
WG,2015-08-11,Surface,7.868,0.0692499498595887,10
WG,2015-08-11,Mid-Depth,7.892999999999999,0.0625477595299961,10
WG,2015-08-11,Lower Photic,7.152000000000001,0.5767880411766912,10
WG,2015-08-11,Deep,3.0035521340275584,1.2728565565341878,45
WG,2015-09-09,Surface,8.043000000000001,0.0194650684275422,10
WG,2015-09-09,Mid-Depth,8.013,0.065328231093286,10
WG,2015-09-09,Lower Photic,7.011,0.5067423189134472,10
WG,2015-09-09,Deep,2.88554513046786,1.0258975360900182,45
WG,2015-10-07,Surface,8.155,0.0259272486435061,10
WG,2015-10-07,Mid-Depth,8.202,0.0122927259430577,10
WG,2015-10-07,Lower Photic,7.619999999999999,0.7608766873372672,10
WG,2015-10-07,Deep,2.9564852499559087,1.0863964515625215,45
WG,2015-11-12,Surface,7.353,0.0543752394630744,10
WG,2015-11-12,Mid-Depth,7.214000000000001,0.0283627298482435,10
WG,2015-11-12,Lower Photic,6.452,1.100513011685409,10
WG,2015-11-12,Deep,2.97635391844722,0.5165250937113629,45
WG,2015-12-08,Surface,7.023999999999999,0.0492612085384297,10
WG,2015-12-08,Mid-Depth,7.011,0.0110050493461461,10
WG,2015-12-08,Lower Photic,7.037999999999999,0.0234757558155455,10
WG,2015-12-08,Deep,3.6915554230601457,2.2419191080662246,45
WG,2016-01-20,Surface,7.129,0.0223358207570011,10
WG,2016-01-20,Mid-Depth,7.117,0.0105934990547137,10
WG,2016-01-20,Lower Photic,7.133000000000001,0.0141813649241218,10
WG,2016-01-20,Deep,4.26508312041354,2.514315116282095,45
WG,2016-02-17,Surface,7.290999999999999,0.0536345659688475,10
WG,2016-02-17,Mid-Depth,7.078999999999999,0.2465517750448731,10
WG,2016-02-17,Lower Photic,6.488,0.0731512891965077,10
WG,2016-02-17,Deep,3.954408610005226,2.3608568942600447,45
WG,2016-03-01,Surface,7.296000000000001,0.0826236447190914,10
WG,2016-03-01,Mid-Depth,7.284000000000001,0.0275680975041805,10
WG,2016-03-01,Lower Photic,7.174000000000001,0.0772010362624752,10
WG,2016-03-01,Deep,4.104223243943876,2.552160370884151,45
WG,2016-03-09,Surface,8.397,0.0262678510731272,10
WG,2016-03-09,Mid-Depth,8.354000000000001,0.1192755912442552,10
WG,2016-03-09,Lower Photic,7.125,0.5477073427783612,10
WG,2016-03-09,Deep,3.9224031091188913,2.4008959678651287,45
WG,2016-04-13,Surface,8.291,0.024698178070457,10
WG,2016-04-13,Mid-Depth,7.923,0.3153498938568959,10
WG,2016-04-13,Lower Photic,6.867,0.4191008894712055,10
WG,2016-04-13,Deep,3.416449836658369,2.2070167944411363,45
WG,2016-05-18,Surface,7.926,0.0374759181934808,10
WG,2016-05-18,Mid-Depth,7.987999999999999,0.0590291829898097,10
WG,2016-05-18,Lower Photic,5.951,1.0919752744453513,10
WG,2016-05-18,Deep,2.939113036801153,1.751386916063206,45
WG,2016-06-15,Surface,8.029,0.0303498123735735,10
WG,2016-06-15,Mid-Depth,8.100999999999999,0.0268535120814967,10
WG,2016-06-15,Lower Photic,5.329,1.81854306764753,10
WG,2016-06-15,Deep,2.4336715746902398,1.727511893404798,45
WG,2016-07-13,Surface,7.574,0.0189736659610103,10
WG,2016-07-13,Mid-Depth,7.622,0.0113529242439506,10
WG,2016-07-13,Lower Photic,6.692,1.2094700400496816,10
WG,2016-07-13,Deep,2.422249432562137,1.394758613050477,45
WG,2016-08-10,Surface,7.711,0.0392852813828962,10
WG,2016-08-10,Mid-Depth,7.825,0.0279880927062443,10
WG,2016-08-10,Lower Photic,7.283000000000001,0.82817134566331,10
WG,2016-08-10,Deep,2.067809886783308,1.2982979938782528,45
WG,2016-09-07,Surface,7.727000000000001,0.0211081869319833,10
WG,2016-09-07,Mid-Depth,7.758000000000001,0.0078881063774659,10
WG,2016-09-07,Lower Photic,7.222999999999999,0.7140502627811139,10
WG,2016-09-07,Deep,1.9527194392469147,1.238508662475191,45
WG,2016-10-12,Surface,7.313999999999998,0.0287518115371303,10
WG,2016-10-12,Mid-Depth,7.406000000000001,0.0211869981094276,10
WG,2016-10-12,Lower Photic,7.404999999999999,0.0070710678118653,10
WG,2016-10-12,Deep,1.8628272616662207,1.3549389048628038,45
WG,2016-11-09,Surface,7.395,0.0143372087784044,10
WG,2016-11-09,Mid-Depth,7.434,0.0271620650499511,10
WG,2016-11-09,Lower Photic,7.448,0.0147572957474523,10
WG,2016-11-09,Deep,2.776007760542305,2.463850453851315,45
WG,2016-12-05,Surface,7.927000000000001,0.0067494855771055,10
WG,2016-12-05,Mid-Depth,7.947,0.011595018087284,10
WG,2016-12-05,Lower Photic,7.702,0.1284782731307777,10
WG,2016-12-05,Deep,3.284234263529197,2.965406903536151,45
WG,2017-02-08,Surface,6.5840000000000005,0.133433295861432,10
WG,2017-02-08,Mid-Depth,6.605,0.0195789002074512,10
WG,2017-02-08,Lower Photic,6.51,0.1342468704373485,10
WG,2017-02-08,Deep,3.870066159198625,2.3510921181589124,45
WG,2017-03-14,Surface,7.534999999999999,0.0143372087784045,10
WG,2017-03-14,Mid-Depth,7.409000000000001,0.1828448036511352,10
WG,2017-03-14,Lower Photic,6.928,0.1238996009320089,10
WG,2017-03-14,Deep,4.1038837061682205,2.341368081685966,45
WG,2017-04-19,Surface,7.640000000000001,0.0094280904158207,10
WG,2017-04-19,Mid-Depth,7.688000000000001,0.0373571352696585,10
WG,2017-04-19,Lower Photic,7.659000000000001,0.2607872696279479,10
WG,2017-04-19,Deep,4.005125161967508,2.3638031386215577,45
WG,2017-05-17,Surface,7.218000000000001,0.112229922728101,10
WG,2017-05-17,Mid-Depth,7.387,0.0397352348538283,10
WG,2017-05-17,Lower Photic,6.93,0.3349295116554791,10
WG,2017-05-17,Deep,3.2942358236224254,1.917226672119256,45
WG,2017-06-21,Surface,6.728,0.0154919333848296,10
WG,2017-06-21,Mid-Depth,6.7780000000000005,0.0342539535431069,10
WG,2017-06-21,Lower Photic,6.132000000000001,0.5593607462491843,10
WG,2017-06-21,Deep,2.7936195994954023,1.7964078999296904,45
WG,2017-07-12,Surface,8.475999999999999,0.0217050941281331,10
WG,2017-07-12,Mid-Depth,7.417,0.5238330947077621,10
WG,2017-07-12,Lower Photic,4.893999999999999,0.8220597437061506,10
WG,2017-07-12,Deep,2.36902111348946,1.5526322576527307,45
WG,2017-08-09,Surface,8.225,0.0748702581507207,10
WG,2017-08-09,Mid-Depth,8.296000000000001,0.0222111083319439,10
WG,2017-08-09,Lower Photic,6.854000000000001,0.878865430224926,10
WG,2017-08-09,Deep,2.6370925982832607,1.5736812468206731,45
WG,2017-09-13,Surface,7.242,0.0379473319220204,10
WG,2017-09-13,Mid-Depth,6.539999999999999,0.5899152481501051,10
WG,2017-09-13,Lower Photic,2.9880000000000004,0.868649014914028,10
WG,2017-09-13,Deep,1.8973159213753883,0.968823148761936,45
WG,2017-10-13,Surface,6.087,0.0082327260234854,10
WG,2017-10-13,Mid-Depth,6.107,0.0254077853335458,10
WG,2017-10-13,Lower Photic,5.852,0.5237641538792903,10
WG,2017-10-13,Deep,1.7358883392404572,1.1823583998434326,45
WG,2017-11-08,Surface,7.526000000000001,0.0350238014308364,10
WG,2017-11-08,Mid-Depth,7.536999999999999,0.0176698110409313,10
WG,2017-11-08,Lower Photic,7.383,0.1504105492754191,10
WG,2017-11-08,Deep,2.258278669083531,1.7394580864465532,45
WG,2017-12-14,Surface,5.987,0.4557301833321994,10
WG,2017-12-14,Mid-Depth,5.882,0.012292725943057,10
WG,2017-12-14,Lower Photic,5.908,0.0154919333848297,10
WG,2017-12-14,Deep,3.0040657990580377,2.5347074570248616,45
WG,2018-01-11,Surface,5.852273698628558,0.0122908940329721,10
WG,2018-01-11,Mid-Depth,5.883674113461977,0.0157402366127452,10
WG,2018-01-11,Lower Photic,5.9107995900430925,0.0206046988589655,10
WG,2018-01-11,Deep,3.22001164160418,2.681425571419807,45
WG,2018-02-07,Surface,4.34516803886447,0.0854282588109207,10
WG,2018-02-07,Mid-Depth,4.288265795796299,0.0387397219889634,10
WG,2018-02-07,Lower Photic,4.289987634995143,0.056435862923973,10
WG,2018-02-07,Deep,3.115431773784375,0.4615683511016319,45
WG,2018-02-28,Surface,6.2170413423031246,0.0214398033447645,10
WG,2018-02-28,Mid-Depth,5.772023957129335,0.4348320624956219,10
WG,2018-02-28,Lower Photic,4.434338876116003,0.1603921542421292,10
WG,2018-02-28,Deep,3.471458456148865,0.4898201427719507,45
WG,2018-03-15,Surface,6.780581413123107,0.0047085543085982,10
WG,2018-03-15,Mid-Depth,6.46843717026029,0.4044587475140454,10
WG,2018-03-15,Lower Photic,4.615856420962792,0.4179942272843485,10
WG,2018-03-15,Deep,3.2827894652428893,0.4256942880999269,45
WG,2018-04-12,Surface,6.732023782607348,0.0924819507405552,10
WG,2018-04-12,Mid-Depth,6.4796524224205045,0.3259623317605643,10
WG,2018-04-12,Lower Photic,4.894428507818871,0.3786410553554817,10
WG,2018-04-12,Deep,3.11779067653402,0.4332087611697933,45
WG,2018-05-16,Surface,7.242183498398146,0.0016793944521859,10
WG,2018-05-16,Mid-Depth,6.986013580628129,0.3440106477597943,10
WG,2018-05-16,Lower Photic,4.76328863699732,0.7432086249915287,10
WG,2018-05-16,Deep,2.902795057603273,0.4056356303113095,45
WG,2018-06-13,Surface,7.107179308865369,0.0066238174247487,10
WG,2018-06-13,Mid-Depth,6.8786311910060025,0.3641707934056156,10
WG,2018-06-13,Lower Photic,4.780012895742966,0.5370037277931526,10
WG,2018-06-13,Deep,2.8230886691859083,0.5042333845734905,45
WG,2018-07-18,Surface,6.663514730356104,0.0016707198866945,10
WG,2018-07-18,Mid-Depth,6.6669133034274335,0.0072939129513905,10
WG,2018-07-18,Lower Photic,5.811918216023335,1.059257905992111,10
WG,2018-07-18,Deep,2.6548236089825523,0.3709276374798395,45
WG,2018-08-16,Surface,7.07132838096292,0.1442641528976877,10
WG,2018-08-16,Mid-Depth,6.923956201988448,0.0538110007080894,10
WG,2018-08-16,Lower Photic,6.374598097784571,0.3898143894968001,10
WG,2018-08-16,Deep,2.683954657462696,0.8195365149465338,45
WG,2018-09-12,Surface,7.11155845838002,0.0030834544069692,10
WG,2018-09-12,Mid-Depth,7.047396101749375,0.0694855791787876,10
WG,2018-09-12,Lower Photic,5.833644685449135,0.8304073569153922,10
WG,2018-09-12,Deep,2.439486862941449,0.5077907758331243,45
WG,2018-09-24,Surface,7.890863764370816,0.2507830443309807,10
WG,2018-09-24,Mid-Depth,7.7165475061026,0.2882223786980064,10
WG,2018-09-24,Lower Photic,5.90495335495857,0.7391810086736684,10
WG,2018-09-24,Deep,2.5261544503257665,0.5591828188357888,45
WG,2018-10-10,Surface,6.916278505594301,0.0083585412180481,10
WG,2018-10-10,Mid-Depth,6.873642042180867,0.0119971254131895,10
WG,2018-10-10,Lower Photic,6.768734049200917,0.227919640384351,10
WG,2018-10-10,Deep,2.44119682689747,0.8599994924190397,45
WG,2018-11-14,Surface,6.958515133241346,0.0631343919067083,10
WG,2018-11-14,Mid-Depth,6.867874773130128,0.0235909486421254,10
WG,2018-11-14,Lower Photic,6.326756347495588,0.5231811653584181,10
WG,2018-11-14,Deep,2.3936227483066586,1.134115608838549,45
WG,2018-12-12,Surface,6.390152017327416,0.0516804289923034,10
WG,2018-12-12,Mid-Depth,6.317218538698201,0.0130727477776557,10
WG,2018-12-12,Lower Photic,6.28837339013843,0.0064201174236681,10
WG,2018-12-12,Deep,3.634765883802407,2.0540716761168123,45
WG,2019-02-12,Surface,7.385440942340173,0.8560672030992333,10
WG,2019-02-12,Mid-Depth,5.955,0.2166025546171297,10
WG,2019-02-12,Lower Photic,5.654999999999999,0.0302765035409749,10
WG,2019-02-12,Deep,5.008885093476591,3.049893558558588,45
WG,2019-03-12,Surface,7.507000000000001,0.0386005181312375,10
WG,2019-03-12,Mid-Depth,6.885,0.2034835510687671,10
WG,2019-03-12,Lower Photic,6.459999999999999,0.1891501461214815,10
WG,2019-03-12,Deep,3.0240837857458063,2.7375762082112227,45
WG,2019-04-09,Surface,7.651999999999999,0.0382390143992,10
WG,2019-04-09,Mid-Depth,7.312,0.2420192829783059,10
WG,2019-04-09,Lower Photic,6.417,0.2463985028814547,10
WG,2019-04-09,Deep,3.167416624714825,2.185148649139798,45
WG,2019-05-14,Surface,7.229429806689749,0.0278489698629226,10
WG,2019-05-14,Mid-Depth,7.055025772506187,0.1801008260387041,10
WG,2019-05-14,Lower Photic,5.323263208732181,0.5815727515559066,10
WG,2019-05-14,Deep,2.7002445316721526,1.605181562431242,45
WG,2019-06-12,Surface,7.477274777082345,0.0116922680750578,10
WG,2019-06-12,Mid-Depth,7.377882382324995,0.1520489109442718,10
WG,2019-06-12,Lower Photic,5.0560649675067495,0.827926034783828,10
WG,2019-06-12,Deep,2.660313894270413,1.670935556510677,45
WG,2019-07-12,Surface,6.844231508738932,0.0069104405950145,10
WG,2019-07-12,Mid-Depth,6.8247208862324245,0.0163224333260553,10
WG,2019-07-12,Lower Photic,5.360055346069111,1.1552826890114554,10
WG,2019-07-12,Deep,2.3959681700236963,1.5067029976947026,45
WG,2019-08-13,Surface,7.013105894793597,0.0156044408117335,10
WG,2019-08-13,Mid-Depth,6.944410026474847,0.0697701287684975,10
WG,2019-08-13,Lower Photic,5.219049960083591,1.036784889487384,10
WG,2019-08-13,Deep,2.184097214797664,1.3499756263460423,45
WG,2019-09-10,Surface,7.090487292026113,0.0616367300090398,10
WG,2019-09-10,Mid-Depth,7.006731315513089,0.0112154445139657,10
WG,2019-09-10,Lower Photic,5.84104836284208,1.328786153483056,10
WG,2019-09-10,Deep,1.9373676715130168,1.268352379312799,45
WG,2020-01-23,Surface,6.009065966005498,0.0380503817527461,10
WG,2020-01-23,Mid-Depth,5.92364712951096,0.0248680836138704,10
WG,2020-01-23,Lower Photic,5.7783498634345145,0.0512535674751938,10
WG,2020-01-23,Deep,3.0275057246540693,2.61567165591605,45
WG,2020-02-11,Surface,7.612865083003415,0.0367423201295575,10
WG,2020-02-11,Mid-Depth,7.548330807008661,0.0158314250112917,10
WG,2020-02-11,Lower Photic,6.589809071492167,0.5267270823768399,10
WG,2020-02-11,Deep,3.054420024627276,2.6764764972693964,45
WG,2020-03-10,Surface,6.619955097793583,0.0158575326080398,10
WG,2020-03-10,Mid-Depth,6.56294407187808,0.0076704665110029,10
WG,2020-03-10,Lower Photic,6.541149559623959,0.0037817224281418,10
WG,2020-03-10,Deep,3.4964586290786657,3.043086749541872,45
WG,2020-04-14,Surface,7.340920976376859,0.0022327752090981,10
WG,2020-04-14,Mid-Depth,7.256236288049214,0.1337947658478692,10
WG,2020-04-14,Lower Photic,6.021179925326877,0.373398981909375,10
WG,2020-04-14,Deep,2.984948691849219,2.574509173289398,45
WG,2020-05-12,Surface,7.204639068234149,0.0016360168419273,10
WG,2020-05-12,Mid-Depth,7.1667516045871,0.1273721386590303,10
WG,2020-05-12,Lower Photic,5.605201236938203,0.4912106778062702,10
WG,2020-05-12,Deep,2.692550473412465,2.3159009929095418,45
WG,2020-06-09,Surface,7.288158161100884,0.0061588944679765,10
WG,2020-06-09,Mid-Depth,7.307728301313203,0.0313787274422493,10
WG,2020-06-09,Lower Photic,5.71720711713442,0.9585330538774988,10
WG,2020-06-09,Deep,2.5526649216966413,2.218115052444587,45
WG,2020-07-14,Surface,7.170999378372855,0.0090705697781559,10
WG,2020-07-14,Mid-Depth,7.110925940390122,0.0401973109250092,10
WG,2020-07-14,Lower Photic,5.376201093034214,1.0489490475606111,10
WG,2020-07-14,Deep,2.275071850275298,1.972936732106672,45
WG,2020-08-11,Surface,7.007066196893708,0.0141989253643258,10
WG,2020-08-11,Mid-Depth,6.95324418565569,0.0463781010100207,10
WG,2020-08-11,Lower Photic,5.292400187496341,1.1116102840876247,10
WG,2020-08-11,Deep,2.039178660461835,1.810429364181084,45
WG,2020-09-08,Surface,7.116922550839315,0.0415444080445239,10
WG,2020-09-08,Mid-Depth,7.008759034249708,0.014245173395309,10
WG,2020-09-08,Lower Photic,5.546512791018115,1.3223065591163268,10
WG,2020-09-08,Deep,1.8821424155342896,1.6806592514598853,45
WG,2020-10-13,Surface,7.0717290640625965,0.0159868413267094,10
WG,2020-10-13,Mid-Depth,7.031383721253212,0.0193376869731211,10
WG,2020-10-13,Lower Photic,5.545313840954361,1.4399937195805037,10
WG,2020-10-13,Deep,1.7503744501688712,1.5581035152618998,45
WG,2020-11-10,Surface,6.870830343796745,0.0129524883681987,10
WG,2020-11-10,Mid-Depth,6.807354610747066,0.0275015935326621,10
WG,2020-11-10,Lower Photic,6.6143137791111855,0.0777857526684316,10
WG,2020-11-10,Deep,2.008318284888513,1.926811483931401,45
WG,2020-12-08,Surface,6.758705739324187,0.0379131642767842,10
WG,2020-12-08,Mid-Depth,6.641951586000866,0.0199910523962592,10
WG,2020-12-08,Lower Photic,6.541679117433397,0.0291668493931781,10
WG,2020-12-08,Deep,2.4625732074159834,2.53682155057454,45
WG,2021-01-19,Surface,6.852006877827594,0.0246225397463124,10
WG,2021-01-19,Mid-Depth,6.775991738367614,0.0107436979975284,10
WG,2021-01-19,Lower Photic,6.749755340497669,0.0141986423054461,10
WG,2021-01-19,Deep,3.145184141704711,3.050774866843056,45
WG,2021-02-16,Surface,7.37048810125313,0.0228189659305688,10
WG,2021-02-16,Mid-Depth,7.128881336950572,0.2414177586806999,10
WG,2021-02-16,Lower Photic,6.232941272316317,0.2343673098363964,10
WG,2021-02-16,Deep,3.0237277252377983,2.7911605904701373,45
WG,2021-03-16,Surface,7.065317854308374,0.019902270177437,10
WG,2021-03-16,Mid-Depth,6.853435267052184,0.121299767828928,10
WG,2021-03-16,Lower Photic,6.412459906178929,0.1560080627737707,10
WG,2021-03-16,Deep,3.2076174312463044,2.949430205145118,45
WG,2021-04-13,Surface,7.577164557040066,0.0145343702900919,10
WG,2021-04-13,Mid-Depth,7.30043300761548,0.3248780950791902,10
WG,2021-04-13,Lower Photic,6.382362236250761,0.0855403569776862,10
WG,2021-04-13,Deep,3.1152860331106984,2.826647316784217,45
WG,2021-05-11,Surface,7.226700355337906,0.0186272153336924,10
WG,2021-05-11,Mid-Depth,6.980326158953099,0.2385141060862961,10
WG,2021-05-11,Lower Photic,6.064603736171292,0.194951994462583,10
WG,2021-05-11,Deep,2.955726391253949,2.660355023499871,45
WG,2021-06-08,Surface,7.248931281985511,0.0296637690209033,10
WG,2021-06-08,Mid-Depth,7.018452698105295,0.2337512258936704,10
WG,2021-06-08,Lower Photic,5.5666308842307135,0.2989940859727875,10
WG,2021-06-08,Deep,2.807716410977076,2.544942606985887,45
WG,2021-07-13,Surface,7.167915175297921,0.0194121749050236,10
WG,2021-07-13,Mid-Depth,6.936114190002312,0.3723667003223433,10
WG,2021-07-13,Lower Photic,4.84521835624394,0.3293309361006387,10
WG,2021-07-13,Deep,2.6276848615950894,2.3705812054861486,45
WG,2021-08-10,Surface,7.282955678538395,0.0216401281112462,10
WG,2021-08-10,Mid-Depth,7.245259917773231,0.0277871524941141,10
WG,2021-08-10,Lower Photic,5.531802538980738,1.0264762860389174,10
WG,2021-08-10,Deep,2.4376804932764613,2.170461541914399,45
WG,2021-09-07,Surface,7.229522936686483,0.0694053953021384,10
WG,2021-09-07,Mid-Depth,7.123870050046729,0.0161568810510718,10
WG,2021-09-07,Lower Photic,5.800044781827292,1.121783195092377,10
WG,2021-09-07,Deep,2.215637514825828,1.967299206153403,45
WG,2021-10-12,Surface,7.301128828908301,0.0775793205097619,10
WG,2021-10-12,Mid-Depth,7.177994751970564,0.023240863964552,10
WG,2021-10-12,Lower Photic,5.997062786891467,1.1727421097948512,10
WG,2021-10-12,Deep,2.091074089689788,1.854396681999404,45
WG,2021-11-09,Surface,6.740236143683393,0.0999438522226973,10
WG,2021-11-09,Mid-Depth,6.6478247789208655,0.0132085858244636,10
WG,2021-11-09,Lower Photic,6.013791982159088,0.656882722771614,10
WG,2021-11-09,Deep,1.957579220878748,1.726277571737843,45
WG,2021-12-07,Surface,6.920442736798672,0.0281905639814293,10
WG,2021-12-07,Mid-Depth,6.882215352651359,0.0350427360328415,10
WG,2021-12-07,Lower Photic,6.802772434461114,0.0439654773506695,10
WG,2021-12-07,Deep,2.8482967827176564,2.7508667944072336,45
WG,2022-01-18,Surface,6.878476075080256,0.0480430381923375,10
WG,2022-01-18,Mid-Depth,6.816049052444788,0.0074222891122141,10
WG,2022-01-18,Lower Photic,6.776602634802148,0.0646385469539232,10
WG,2022-01-18,Deep,3.1765875823401006,2.9791205294915777,45
WG,2022-02-08,Surface,6.440316666841075,0.0352384770188854,10
WG,2022-02-08,Mid-Depth,6.381713722550627,0.0112546062440651,10
WG,2022-02-08,Lower Photic,6.362516247975532,0.0025987456496956,10
WG,2022-02-08,Deep,3.283359573208793,2.9790297517126523,45
WG,2022-03-08,Surface,7.424582611545229,0.0355451272009536,10
WG,2022-03-08,Mid-Depth,7.164004275947451,0.2467525372558543,10
WG,2022-03-08,Lower Photic,6.675901000997537,0.0600439771122979,10
WG,2022-03-08,Deep,4.060878505993252,2.6453219743748275,45
WG,2022-04-05,Surface,7.156726438433705,0.0131076732704866,10
WG,2022-04-05,Mid-Depth,7.063446306469333,0.0786480138856254,10
WG,2022-04-05,Lower Photic,6.414962863749125,0.266277063231416,10
WG,2022-04-05,Deep,3.005345752650933,2.593158296186721,45
WG,2022-05-10,Surface,7.413255927014662,0.0580442784958279,10
WG,2022-05-10,Mid-Depth,7.400860791036907,0.1597449456637987,10
WG,2022-05-10,Lower Photic,5.946715296574576,0.5144336622776187,10
WG,2022-05-10,Deep,2.7698070298041464,2.4151781013850315,45
WG,2022-06-14,Surface,7.274676246021258,0.1126331877684517,10
WG,2022-06-14,Mid-Depth,7.1753505064511405,0.0087148669401878,10
WG,2022-06-14,Lower Photic,5.84482446686934,0.9957635383089828,10
WG,2022-06-14,Deep,2.562967740663082,2.188175881514205,45
WG,2022-07-12,Surface,7.196972857123508,0.031519849459524,10
WG,2022-07-12,Mid-Depth,7.144872276084032,0.0067128270371891,10
WG,2022-07-12,Lower Photic,6.011757592444637,0.976382102059006,10
WG,2022-07-12,Deep,2.351681121059916,2.0069193819354374,45
WG,2022-08-09,Surface,7.046548124626495,0.0105407332033278,10
WG,2022-08-09,Mid-Depth,7.003327405144208,0.011541435160634,10
WG,2022-08-09,Lower Photic,6.276434539725589,0.9886271605899744,10
WG,2022-08-09,Deep,2.2831675556269886,1.92513048112313,45
WG,2022-09-06,Surface,7.427254032418356,0.0583811871222646,10
WG,2022-09-06,Mid-Depth,7.400979166401974,0.0901179858968075,10
WG,2022-09-06,Lower Photic,6.116851702180153,0.7685109333834351,10
WG,2022-09-06,Deep,2.026514222715474,1.7328434413181262,45
WG,2022-10-18,Surface,7.216991368610286,0.0306656950383377,10
WG,2022-10-18,Mid-Depth,7.120013567917629,0.0530603364092251,10
WG,2022-10-18,Lower Photic,6.391990796454907,0.463782928575869,10
WG,2022-10-18,Deep,1.8555019868897349,1.6069624440371029,45
WG,2022-11-08,Surface,7.209197224445541,0.0279683828435217,10
WG,2022-11-08,Mid-Depth,7.11318092344608,0.0182858947344625,10
WG,2022-11-08,Lower Photic,6.705340252761829,0.6620045299059983,10
WG,2022-11-08,Deep,1.792862226982463,1.5385939602435306,45
WG,2022-12-06,Surface,6.511771525404693,0.0593897083251533,10
WG,2022-12-06,Mid-Depth,6.381686514272364,0.0153132394653832,10
WG,2022-12-06,Lower Photic,6.363338093562627,0.0066343261315766,10
WG,2022-12-06,Deep,2.800734808335158,2.671014171545146,45
WG,2023-01-17,Surface,6.592148399180625,0.0307474867530006,10
WG,2023-01-17,Mid-Depth,6.537165576608009,0.0184125553517804,10
WG,2023-01-17,Lower Photic,6.439611763713806,0.0776484190004146,10
WG,2023-01-17,Deep,3.1087997914468835,2.858840672495869,45
WG,2023-02-14,Surface,6.03250191013713,0.051917333669703,10
WG,2023-02-14,Mid-Depth,5.894779720276981,0.0450460728594126,10
WG,2023-02-14,Lower Photic,5.505836002191009,0.2712475898925143,10
WG,2023-02-14,Deep,2.926832792413246,2.311860029651082,45
WG,2023-03-14,Surface,7.309642460000001,0.0163218965622387,10
WG,2023-03-14,Mid-Depth,7.127664853000001,0.1621650744618416,10
WG,2023-03-14,Lower Photic,5.6922322819,0.6504255338951457,10
WG,2023-03-14,Deep,2.880858304726454,2.1892052534732347,45
WG,2023-04-11,Surface,7.03316770343925,0.009615893177031,10
WG,2023-04-11,Mid-Depth,6.971184855771625,0.0234112451058606,10
WG,2023-04-11,Lower Photic,6.134145512728665,0.5665984424358271,10
WG,2023-04-11,Deep,2.723904782288887,2.1315686430522334,45
WG,2023-05-09,Surface,7.428700809518669,0.0510255489506407,10
WG,2023-05-09,Mid-Depth,7.363733683753351,0.0394800475403047,10
WG,2023-05-09,Lower Photic,6.089374067277097,0.8552869449263106,10
WG,2023-05-09,Deep,2.4251273300651404,1.8919486225700128,45
WG,2023-06-13,Surface,7.288310030403705,0.021736306723661,10
WG,2023-06-13,Mid-Depth,7.271222545151535,0.0373019756934421,10
WG,2023-06-13,Lower Photic,5.608636937888197,1.0479101780641675,10
WG,2023-06-13,Deep,2.188734021181704,1.6907395255767512,45
WG,2023-07-18,Surface,7.127888784727501,0.0554136115452211,10
WG,2023-07-18,Mid-Depth,7.035389101609468,0.018930891218967,10
WG,2023-07-18,Lower Photic,5.629514530189132,1.3926512304252952,10
WG,2023-07-18,Deep,1.9674108258526268,1.4753379591104416,45
WG,2023-08-16,Surface,7.270920659066502,0.0067428035976699,10
WG,2023-08-16,Mid-Depth,7.231524805255025,0.0482051241656197,10
WG,2023-08-16,Lower Photic,5.293015262007037,1.152455916502559,10
WG,2023-08-16,Deep,1.7955975156177093,1.3594961207659737,45
WG,2023-09-05,Surface,7.382138229383791,0.0474716667111183,10
WG,2023-09-05,Mid-Depth,7.318839331736392,0.0233131984075197,10
WG,2023-09-05,Lower Photic,6.123765857560941,1.426622284181506,10
WG,2023-09-05,Deep,1.6173097406711874,1.250826899026068,45
WG,2023-10-18,Surface,7.274266141172743,0.0416521801428745,10
WG,2023-10-18,Mid-Depth,7.415781018330032,0.0408505405463534,10
WG,2023-10-18,Lower Photic,6.005601123643365,1.1357725720129954,10
WG,2023-10-18,Deep,1.679575643559969,1.2032534761191578,45
WG,2023-11-14,Surface,6.62229102713413,0.1356465034226872,10
WG,2023-11-14,Mid-Depth,6.5209503840688425,0.0122830086675744,10
WG,2023-11-14,Lower Photic,6.477222770705093,0.0571298976597731,10
WG,2023-11-14,Deep,1.8449077187595628,1.8968905756822168,45
WG,2023-12-05,Surface,6.907667143567356,0.1459438369449737,10
WG,2023-12-05,Mid-Depth,6.6826118189225125,0.0253702979059761,10
WG,2023-12-05,Lower Photic,6.656891686298724,0.003310761488461,10
WG,2023-12-05,Deep,2.0610149540278515,2.1163471348198604,45
WP,2014-02-26,Surface,7.922,0.1538975127948609,10
WP,2014-02-26,Mid-Depth,6.487,0.6950467610168396,10
WP,2014-02-26,Lower Photic,5.487,0.234665246207822,10
WP,2014-02-26,Deep,4.343876464631824,1.0920655204826764,28
WP,2014-03-26,Surface,7.322500000000001,0.0463830668335858,10
WP,2014-03-26,Mid-Depth,7.313000000000001,0.0380204623269571,10
WP,2014-03-26,Lower Photic,6.855500000000001,0.3086570372868024,10
WP,2014-03-26,Deep,4.624587824101312,1.195636398159123,28
WP,2014-04-22,Surface,7.029259034210144,0.0940691058588883,10
WP,2014-04-22,Mid-Depth,7.074000000000001,0.0195505043981534,10
WP,2014-04-22,Lower Photic,7.059,0.0255821118057998,10
WP,2014-04-22,Deep,4.582334614440917,1.4225672948505228,28
WP,2014-06-24,Surface,7.07,0.125786415094088,10
WP,2014-06-24,Mid-Depth,7.086999999999999,0.1040352504362503,10
WP,2014-06-24,Lower Photic,6.412999999999999,0.4867362963887347,10
WP,2014-06-24,Deep,3.303345421423143,1.0883569375662243,28
WP,2014-07-23,Surface,6.754,0.0429987079909255,10
WP,2014-07-23,Mid-Depth,6.598999999999999,0.036040101122068,10
WP,2014-07-23,Lower Photic,6.129,0.635215623933235,10
WP,2014-07-23,Deep,3.088464004016925,0.8655113220727886,28
WP,2014-08-12,Surface,7.468999999999999,0.0591514064827614,10
WP,2014-08-12,Mid-Depth,7.405000000000001,0.2693716969377278,10
WP,2014-08-12,Lower Photic,6.535000000000001,0.0501663898109747,10
WP,2014-08-12,Deep,3.043464376395076,1.2175411675029666,28
WP,2014-09-08,Surface,8.227,0.0945221902224255,10
WP,2014-09-08,Mid-Depth,8.091000000000001,0.1934166487146338,10
WP,2014-09-08,Lower Photic,6.76,0.7120549292169968,10
WP,2014-09-08,Deep,3.1993719015933584,1.1134525921944043,28
WP,2014-10-07,Surface,8.796000000000001,0.1453883687843626,10
WP,2014-10-07,Mid-Depth,8.199000000000002,0.3570076251908974,10
WP,2014-10-07,Lower Photic,7.1240000000000006,0.5790451910976666,10
WP,2014-10-07,Deep,2.890131881287136,1.2105558619237402,28
WP,2014-11-11,Surface,7.695,0.180262154775883,10
WP,2014-11-11,Mid-Depth,7.047,0.1585384636119717,10
WP,2014-11-11,Lower Photic,6.715000000000001,0.0330823887354653,10
WP,2014-11-11,Deep,4.252633529415206,2.1690546934178085,28
WP,2014-12-08,Surface,6.396,0.0142984070596849,10
WP,2014-12-08,Mid-Depth,6.338,0.0274064063881259,10
WP,2014-12-08,Lower Photic,6.269,0.0202484567313165,10
WP,2014-12-08,Deep,3.873199125350234,2.133350408329954,28
WP,2015-01-14,Surface,7.169559132390569,0.0356998065884214,10
WP,2015-01-14,Mid-Depth,6.872843833940081,0.1496328273945479,10
WP,2015-01-14,Lower Photic,5.950619590630389,0.4416448659802116,10
WP,2015-01-14,Deep,3.85460386090022,1.017455088093011,28
WP,2015-02-10,Surface,6.684,0.2506081491979948,10
WP,2015-02-10,Mid-Depth,6.742999999999999,0.0125166555703456,10
WP,2015-02-10,Lower Photic,6.767999999999999,0.0042163702135577,10
WP,2015-02-10,Deep,6.5844980554522055,1.021574177730588,28
WP,2015-03-10,Surface,6.590999999999999,0.0574359546703011,10
WP,2015-03-10,Mid-Depth,6.371,0.4330627360248551,10
WP,2015-03-10,Lower Photic,5.502999999999999,0.1295333504889335,10
WP,2015-03-10,Deep,4.968472297118564,0.8802193425300611,28
WP,2015-04-14,Surface,7.175999999999999,0.0924000962000461,10
WP,2015-04-14,Mid-Depth,7.238000000000001,0.0274064063881258,10
WP,2015-04-14,Lower Photic,7.053,0.1781416415228187,10
WP,2015-04-14,Deep,5.121744315435806,1.4379021219364987,28
WP,2015-05-05,Surface,6.746,1.9470387772204227,10
WP,2015-05-05,Mid-Depth,7.4300000000000015,0.0611010092660779,10
WP,2015-05-05,Lower Photic,6.993,0.338921492056461,10
WP,2015-05-05,Deep,4.601400663297592,1.2675753765184576,28
WP,2015-06-09,Surface,7.414,0.0206559111797729,10
WP,2015-06-09,Mid-Depth,7.437,0.0125166555703458,10
WP,2015-06-09,Lower Photic,6.374,0.579812230141985,10
WP,2015-06-09,Deep,4.078017857142856,0.7488150946432693,28
WP,2015-07-14,Surface,7.306,0.0694742158406027,10
WP,2015-07-14,Mid-Depth,7.208,0.0845642425089418,10
WP,2015-07-14,Lower Photic,6.737,0.4904657650302076,10
WP,2015-07-14,Deep,3.775828197978658,0.8295372223473457,28
WP,2015-08-10,Surface,7.801,0.0851730265074833,10
WP,2015-08-10,Mid-Depth,7.871,0.0363470921960904,10
WP,2015-08-10,Lower Photic,6.7700000000000005,0.9886354231970448,10
WP,2015-08-10,Deep,3.3554683838262136,0.6844636365582054,28
WP,2015-09-09,Surface,8.177999999999999,0.0964710664741853,10
WP,2015-09-09,Mid-Depth,7.947000000000001,0.214115752702961,10
WP,2015-09-09,Lower Photic,6.575999999999999,0.8167170052513091,10
WP,2015-09-09,Deep,3.068585944868278,0.8036050984664359,28
WP,2015-10-06,Surface,8.117,0.0800069441430626,10
WP,2015-10-06,Mid-Depth,7.654999999999999,0.4350542750303947,10
WP,2015-10-06,Lower Photic,6.049999999999999,0.7364026676274936,10
WP,2015-10-06,Deep,2.866165395270072,0.7384287136915547,28
WP,2015-11-12,Surface,7.114,0.1340978084169247,10
WP,2015-11-12,Mid-Depth,6.415000000000001,0.9320854753365344,10
WP,2015-11-12,Lower Photic,5.264999999999999,0.9434246127804804,10
WP,2015-11-12,Deep,2.824428829029815,0.5178089661746283,28
WP,2015-12-08,Surface,7.26,0.0748331477354787,10
WP,2015-12-08,Mid-Depth,7.220999999999999,0.0242441287279574,10
WP,2015-12-08,Lower Photic,7.079000000000001,0.1231485101637674,10
WP,2015-12-08,Deep,4.6778776526220325,2.1251913177637607,28
WP,2016-01-19,Surface,7.321000000000001,0.0417532433869912,10
WP,2016-01-19,Mid-Depth,7.1720000000000015,0.1001998003990027,10
WP,2016-01-19,Lower Photic,6.911999999999999,0.051596726855705,10
WP,2016-01-19,Deep,5.418130485791225,2.0771088381527227,28
WP,2016-02-16,Surface,7.4300000000000015,0.0365148371670112,10
WP,2016-02-16,Mid-Depth,7.199000000000001,0.1688819443016662,10
WP,2016-02-16,Lower Photic,6.705000000000001,0.0723033732116127,10
WP,2016-02-16,Deep,5.686856551307464,1.8392866237267875,28
WP,2016-03-08,Surface,8.180000000000001,0.0509901951359278,10
WP,2016-03-08,Mid-Depth,7.816999999999998,0.330254110917302,10
WP,2016-03-08,Lower Photic,6.920999999999999,0.2691323507537178,10
WP,2016-03-08,Deep,5.687210988119195,1.4323591993161089,28
WP,2016-04-13,Surface,8.329,0.1622378226897511,10
WP,2016-04-13,Mid-Depth,8.092,0.3520037878584074,10
WP,2016-04-13,Lower Photic,6.461,0.5370588629025892,10
WP,2016-04-13,Deep,4.647550532365473,1.1571508019415149,28
WP,2016-05-17,Surface,8.019,0.0445845015423272,10
WP,2016-05-17,Mid-Depth,8.222999999999999,0.081383864084555,10
WP,2016-05-17,Lower Photic,5.718,0.9736506332127328,10
WP,2016-05-17,Deep,3.973363117442227,1.1367200505306156,28
WP,2016-06-14,Surface,8.071000000000002,0.1000499875062461,10
WP,2016-06-14,Mid-Depth,8.045999999999998,0.0793305321634319,10
WP,2016-06-14,Lower Photic,5.649,1.609247236028904,10
WP,2016-06-14,Deep,3.2681523983473206,0.8097528270018544,28
WP,2016-07-12,Surface,7.510000000000001,0.0266666666666665,10
WP,2016-07-12,Mid-Depth,7.462999999999999,0.1026374417278823,10
WP,2016-07-12,Lower Photic,4.426,1.556207641101348,10
WP,2016-07-12,Deep,2.92617067130562,0.9535625488756824,28
WP,2016-08-10,Surface,7.749,0.0975761810643924,10
WP,2016-08-10,Mid-Depth,7.922,0.067954232964384,10
WP,2016-08-10,Lower Photic,7.531000000000001,0.3056304958606062,10
WP,2016-08-10,Deep,2.917056378234032,0.9477149226602324,28
WP,2016-09-07,Surface,7.764999999999999,0.0575905084772365,10
WP,2016-09-07,Mid-Depth,7.800999999999999,0.0712507309904021,10
WP,2016-09-07,Lower Photic,7.161,0.8008252687765984,10
WP,2016-09-07,Deep,2.9210601147170285,0.7710979523789436,28
WP,2016-10-12,Surface,7.244,0.0245854518861142,10
WP,2016-10-12,Mid-Depth,7.259,0.0056764621219753,10
WP,2016-10-12,Lower Photic,6.472,0.9857630997805148,10
WP,2016-10-12,Deep,2.1831428571428573,0.8591554731153883,28
WP,2016-11-09,Surface,7.537999999999999,0.0439191175786682,10
WP,2016-11-09,Mid-Depth,7.511999999999999,0.0559364719024079,10
WP,2016-11-09,Lower Photic,7.237,0.0684835746730556,10
WP,2016-11-09,Deep,3.036025153399657,2.23647433646368,28
WP,2016-12-05,Surface,7.93,0.0169967317119759,10
WP,2016-12-05,Mid-Depth,7.644,0.2367464654200543,10
WP,2016-12-05,Lower Photic,6.910000000000001,0.1725623880739304,10
WP,2016-12-05,Deep,4.641783043750786,2.2100803233451627,28
WP,2017-02-08,Surface,6.405000000000001,0.0474341649025257,10
WP,2017-02-08,Mid-Depth,6.115,0.434901010448227,10
WP,2017-02-08,Lower Photic,5.373,0.0991127304302192,10
WP,2017-02-08,Deep,4.642203912404544,0.6531678497623057,28
WP,2017-03-14,Surface,7.396000000000001,0.0689927532426412,10
WP,2017-03-14,Mid-Depth,6.496,0.421905729333514,10
WP,2017-03-14,Lower Photic,5.792,0.1069579356569674,10
WP,2017-03-14,Deep,4.846658331653394,0.9525526901511696,28
WP,2017-04-19,Surface,7.601000000000001,0.0246981780704571,10
WP,2017-04-19,Mid-Depth,7.505,0.1026590906295633,10
WP,2017-04-19,Lower Photic,7.097999999999999,0.1472563901650601,10
WP,2017-04-19,Deep,5.372386257965104,1.2374284367361963,28
WP,2017-05-16,Surface,7.823,0.0821989456542276,10
WP,2017-05-16,Mid-Depth,7.834999999999999,0.0934820244158676,10
WP,2017-05-16,Lower Photic,7.167999999999999,0.3972069150119786,10
WP,2017-05-16,Deep,4.978771868281113,1.1287476184811152,28
WP,2017-06-13,Surface,8.091,0.0838583461691335,10
WP,2017-06-13,Mid-Depth,7.886999999999999,0.1005595456544141,10
WP,2017-06-13,Lower Photic,6.564,0.6661698148537069,10
WP,2017-06-13,Deep,4.53158607226407,0.912225252120584,28
WP,2017-07-11,Surface,8.538,0.2415597464626735,10
WP,2017-07-11,Mid-Depth,7.824,0.4248712223198407,10
WP,2017-07-11,Lower Photic,6.103,0.8086346517432951,10
WP,2017-07-11,Deep,3.978683315626394,0.8506253085395555,28
WP,2017-08-08,Surface,8.116,0.0435124503255487,10
WP,2017-08-08,Mid-Depth,8.196,0.0241292814278054,10
WP,2017-08-08,Lower Photic,6.824,1.3799452485112913,10
WP,2017-08-08,Deep,3.420843768863425,0.6624605182471147,28
WP,2017-09-12,Surface,7.318,0.1512025866915715,10
WP,2017-09-12,Mid-Depth,7.148000000000001,0.1276975593606496,10
WP,2017-09-12,Lower Photic,5.284999999999999,1.0617935559964355,10
WP,2017-09-12,Deep,2.519770908592036,0.4747930001589943,28
WP,2017-10-12,Surface,6.0840000000000005,0.0518973345494095,10
WP,2017-10-12,Mid-Depth,5.99,0.134412301024373,10
WP,2017-10-12,Lower Photic,5.33,0.4384568900638287,10
WP,2017-10-12,Deep,2.1212470581010647,0.5449221702260925,28
WP,2017-11-07,Surface,7.736,0.0638052592746954,10
WP,2017-11-07,Mid-Depth,7.266999999999999,0.2889848131342238,10
WP,2017-11-07,Lower Photic,6.825,0.1883996933236475,10
WP,2017-11-07,Deep,2.744725600597463,1.3093897226838789,28
WP,2017-12-13,Surface,4.601999999999999,0.139666268893626,10
WP,2017-12-13,Mid-Depth,4.6450000000000005,0.0097182531580757,10
WP,2017-12-13,Lower Photic,4.6,0.0176383420737639,10
WP,2017-12-13,Deep,3.827177329238359,1.2447361026581367,28
WP,2018-01-11,Surface,6.832807484017145,0.4284863639541112,10
WP,2018-01-11,Mid-Depth,5.406894123068633,0.1612981582826897,10
WP,2018-01-11,Lower Photic,4.967269666902449,0.1225023048891845,10
WP,2018-01-11,Deep,4.531883470386251,0.8032341346014682,28
WP,2018-02-07,Surface,4.088988575432203,0.709715710088199,10
WP,2018-02-07,Mid-Depth,3.027145667155224,0.0361506427855364,10
WP,2018-02-07,Lower Photic,3.030612204561657,0.0066730965958316,10
WP,2018-02-07,Deep,2.836664945131185,0.4026292762084152,28
WP,2018-02-28,Surface,5.242853720726248,0.7935552011042031,10
WP,2018-02-28,Mid-Depth,3.8233349019101817,0.1632288304943268,10
WP,2018-02-28,Lower Photic,3.524572588131281,0.2231123469271375,10
WP,2018-02-28,Deep,3.050156738045001,0.4311845388117291,28
WP,2018-03-13,Surface,6.328672046938283,0.8008226500146165,10
WP,2018-03-13,Mid-Depth,4.649091489302416,0.2989441912372086,10
WP,2018-03-13,Lower Photic,4.274481645258261,0.0431412267150712,10
WP,2018-03-13,Deep,3.4083691601748027,0.609549591322884,28
WP,2018-04-10,Surface,6.84209164622218,0.0072215488472652,10
WP,2018-04-10,Mid-Depth,6.698896839003399,0.1554909099712098,10
WP,2018-04-10,Lower Photic,5.603822549639864,0.5029764117169538,10
WP,2018-04-10,Deep,3.326077914892877,0.731984040466696,28
WP,2018-05-15,Surface,7.325109273778745,0.0487455909937918,10
WP,2018-05-15,Mid-Depth,7.002865846313318,0.3274745001595203,10
WP,2018-05-15,Lower Photic,5.5724730963642655,0.4575586948058211,10
WP,2018-05-15,Deep,3.382603777191165,0.7446804406889526,28
WP,2018-06-12,Surface,7.035633129217297,0.1204985273046129,10
WP,2018-06-12,Mid-Depth,6.273982566374345,0.5030686601246347,10
WP,2018-06-12,Lower Photic,4.214252392543126,0.4657268675447827,10
WP,2018-06-12,Deep,2.794287558524394,0.5415565121881488,28
WP,2018-07-17,Surface,6.614298728285689,0.02365677861752,10
WP,2018-07-17,Mid-Depth,6.484498956866044,0.0535271494207852,10
WP,2018-07-17,Lower Photic,5.196334308373964,1.217791210587812,10
WP,2018-07-17,Deep,2.473150887858882,0.4555431238876926,28
WP,2018-08-14,Surface,7.00893985272605,0.0369793915970272,10
WP,2018-08-14,Mid-Depth,6.861045867954014,0.1038112610518457,10
WP,2018-08-14,Lower Photic,6.142171481250903,0.444247000580554,10
WP,2018-08-14,Deep,2.7924976524239464,0.8215379639820278,28
WP,2018-09-11,Surface,7.23588162100724,0.0157564046170995,10
WP,2018-09-11,Mid-Depth,7.0772773937266695,0.1520632200126232,10
WP,2018-09-11,Lower Photic,5.504410314507718,0.9661731896894712,10
WP,2018-09-11,Deep,2.5331078130853286,0.6819562114186151,28
WP,2018-12-12,Surface,5.7969988594139865,8.967777166834929e-07,10
WP,2018-12-12,Mid-Depth,5.781349460642111,0.0160941990853221,10
WP,2018-12-12,Lower Photic,5.618874769972146,0.0954101469917955,10
WP,2018-12-12,Deep,3.302660732077626,1.547581340808291,28
WP,2019-02-12,Surface,6.883,0.2668770003828229,10
WP,2019-02-12,Mid-Depth,6.324,0.2371216284244579,10
WP,2019-02-12,Lower Photic,5.997999999999999,0.0461398839279953,10
WP,2019-02-12,Deep,7.146249609653334,1.827132064882882,28
WP,2019-03-12,Surface,7.044000000000001,0.3073253795066213,10
WP,2019-03-12,Mid-Depth,6.289,0.174512018051607,10
WP,2019-03-12,Lower Photic,5.917,0.1232927861276201,10
WP,2019-03-12,Deep,4.819727396809043,1.212741060126299,28
WP,2019-04-09,Surface,7.489,0.1880573198669905,10
WP,2019-04-09,Mid-Depth,6.682,0.1361208613287798,10
WP,2019-04-09,Lower Photic,6.117,0.215357583773799,10
WP,2019-04-09,Deep,4.556708070814591,1.2678462967588813,28
WP,2019-05-14,Surface,7.663388640401498,0.0202314529318974,10
WP,2019-05-14,Mid-Depth,6.888368524818205,0.56092314066816,10
WP,2019-05-14,Lower Photic,5.0991034488551765,0.3853646042228895,10
WP,2019-05-14,Deep,3.770802920999444,1.2799579624334034,28
WP,2019-06-12,Surface,7.040495497423756,0.0305084449187879,10
WP,2019-06-12,Mid-Depth,6.821973260548778,0.1670704359721051,10
WP,2019-06-12,Lower Photic,4.634086725132006,0.8531743508966025,10
WP,2019-06-12,Deep,3.324823584162566,0.9459884784971766,28
WP,2019-07-12,Surface,6.830180703093423,0.0107698653691785,10
WP,2019-07-12,Mid-Depth,6.775990405432606,0.0425155129383974,10
WP,2019-07-12,Lower Photic,4.884856484246746,1.2229582280877391,10
WP,2019-07-12,Deep,3.240852733780348,0.9565906177114946,28
WP,2019-08-13,Surface,7.245586744375744,0.0248338651845067,10
WP,2019-08-13,Mid-Depth,6.883878015328255,0.3041816454010688,10
WP,2019-08-13,Lower Photic,5.921040774724335,0.4776868302041631,10
WP,2019-08-13,Deep,3.033759373727341,0.9132603259240304,28
WP,2019-09-10,Surface,7.200876271314874,0.0238873984061037,10
WP,2019-09-10,Mid-Depth,6.644413473875666,0.4919172390003751,10
WP,2019-09-10,Lower Photic,4.569111208768785,0.8778023151881293,10
WP,2019-09-10,Deep,2.668971056086904,0.7917907216885629,28
WP,2020-01-23,Surface,6.335848093098865,0.0051767598877909,10
WP,2020-01-23,Mid-Depth,6.28125957403624,0.035805152950462,10
WP,2020-01-23,Lower Photic,6.174819361273171,0.0279579519752566,10
WP,2020-01-23,Deep,5.122441938675883,1.8100601190989465,28
WP,2020-02-11,Surface,7.52830324752995,0.074984576025376,10
WP,2020-02-11,Mid-Depth,7.008601289296733,0.1651302224508034,10
WP,2020-02-11,Lower Photic,6.310705447232463,0.3788473187480888,10
WP,2020-02-11,Deep,4.616227989821224,1.862785802295311,28
WP,2020-03-10,Surface,6.500392180198216,0.0619409298083797,10
WP,2020-03-10,Mid-Depth,6.129893714890609,0.1416071238322911,10
WP,2020-03-10,Lower Photic,5.956787393916513,0.0213988769544264,10
WP,2020-03-10,Deep,5.0961966820340425,1.7379347196638226,28
WP,2020-08-11,Surface,7.035147387485495,0.0174330941968636,10
WP,2020-08-11,Mid-Depth,6.841608308397056,0.189286187060337,10
WP,2020-08-11,Lower Photic,5.181510828898157,1.2275384200804431,10
WP,2020-08-11,Deep,3.1363273119128925,1.1174777870189474,28
WP,2020-09-08,Surface,7.216914037596399,0.0662025705326603,10
WP,2020-09-08,Mid-Depth,6.890210419367932,0.0956379512482975,10
WP,2020-09-08,Lower Photic,5.445179624779054,1.0929641898176576,10
WP,2020-09-08,Deep,2.9005386664019537,1.0614770461062808,28
WP,2020-10-13,Surface,7.054449248472167,0.1768254843849274,10
WP,2020-10-13,Mid-Depth,6.659598255720264,0.1141905013859748,10
WP,2020-10-13,Lower Photic,5.045089715615772,1.2448902841442768,10
WP,2020-10-13,Deep,2.758344609036528,1.0071987287357664,28
WP,2020-11-10,Surface,6.905031464437414,0.0285022703323234,10
WP,2020-11-10,Mid-Depth,6.554443080577729,0.1429924057291261,10
WP,2020-11-10,Lower Photic,6.235661531106151,0.1371165243094995,10
WP,2020-11-10,Deep,3.045579131565656,1.3331750601426766,28
WP,2020-12-08,Surface,6.426168501765517,0.0295172609073567,10
WP,2020-12-08,Mid-Depth,6.294453928835151,0.0160325431283333,10
WP,2020-12-08,Lower Photic,6.295116038791193,0.0060874687586048,10
WP,2020-12-08,Deep,4.008575871791509,2.074776019771348,28
WP,2021-01-19,Surface,6.488935678034641,0.0365788545883566,10
WP,2021-01-19,Mid-Depth,6.421262787307008,0.0163579684580578,10
WP,2021-01-19,Lower Photic,6.359652662243395,0.0150943068016212,10
WP,2021-01-19,Deep,5.100070603784956,2.2368697737617094,28
WP,2021-02-16,Surface,7.468965258847021,0.1280743839935354,10
WP,2021-02-16,Mid-Depth,7.052658585313783,0.1475039692140388,10
WP,2021-02-16,Lower Photic,6.547203630788262,0.0969357060778259,10
WP,2021-02-16,Deep,5.054401743808752,1.8200398701577776,28
WP,2021-03-16,Surface,7.244941371173125,0.1179212724880842,10
WP,2021-03-16,Mid-Depth,6.825299761668108,0.2175701991939557,10
WP,2021-03-16,Lower Photic,6.178917211188063,0.1205558136230452,10
WP,2021-03-16,Deep,5.079508626804814,1.685988621824946,28
WP,2021-04-13,Surface,7.496495110896964,0.0633465445332323,10
WP,2021-04-13,Mid-Depth,7.098614824828087,0.155909443724208,10
WP,2021-04-13,Lower Photic,6.754932520394822,0.0737978346872667,10
WP,2021-04-13,Deep,5.255527781501748,1.6966243553985048,28
WP,2021-05-11,Surface,7.255289221390237,0.0381756379445314,10
WP,2021-05-11,Mid-Depth,6.82291448923749,0.2367740957591157,10
WP,2021-05-11,Lower Photic,5.995708361099196,0.2197461029595238,10
WP,2021-05-11,Deep,4.705948428215087,1.5197781251038365,28
WP,2021-06-08,Surface,7.302313347228482,0.0446383486586827,10
WP,2021-06-08,Mid-Depth,6.848264432714369,0.3974823435595501,10
WP,2021-06-08,Lower Photic,5.321212560411159,0.1138716048157067,10
WP,2021-06-08,Deep,4.3469470609596135,1.6439473866483698,28
WP,2021-07-13,Surface,7.42896455955696,0.0234271343732826,10
WP,2021-07-13,Mid-Depth,7.070691428226104,0.2094104835017533,10
WP,2021-07-13,Lower Photic,4.9892537800484025,0.6057636319636649,10
WP,2021-07-13,Deep,4.006853177750606,1.2181604897920106,28
WP,2021-08-10,Surface,7.493678830419123,0.023535596736202,10
WP,2021-08-10,Mid-Depth,7.11867100090453,0.1434742353524479,10
WP,2021-08-10,Lower Photic,5.871678735743343,0.7749455915633728,10
WP,2021-08-10,Deep,3.836626639686653,1.2757758474161531,28
WP,2021-09-07,Surface,7.32590973438919,0.036325381880228,10
WP,2021-09-07,Mid-Depth,7.09863379514289,0.223233405932183,10
WP,2021-09-07,Lower Photic,6.218879366931659,0.823328922834277,10
WP,2021-09-07,Deep,3.3896729672337087,1.1671809039961074,28
WP,2021-10-12,Surface,7.329613720415077,0.0179192851273873,10
WP,2021-10-12,Mid-Depth,7.403743587431082,0.144070931188086,10
WP,2021-10-12,Lower Photic,5.754076803176401,1.140861142538593,10
WP,2021-10-12,Deep,3.237937273534263,1.1034231535876204,28
WP,2021-11-09,Surface,6.783403148552489,0.0248762477342738,10
WP,2021-11-09,Mid-Depth,6.667929379921797,0.0918870316243899,10
WP,2021-11-09,Lower Photic,6.374768668161933,0.2535552559710394,10
WP,2021-11-09,Deep,2.856611781781285,1.245712440000796,28
WP,2021-12-07,Surface,6.959943041955997,0.0513596951443013,10
WP,2021-12-07,Mid-Depth,6.85835438386597,0.0448125717322424,10
WP,2021-12-07,Lower Photic,6.741850015733645,0.0411661378793951,10
WP,2021-12-07,Deep,4.275333857398258,2.066406045435916,28
WP,2022-01-18,Surface,6.7209522775541926,0.2144827860684908,10
WP,2022-01-18,Mid-Depth,6.005535010453704,0.1443069602301583,10
WP,2022-01-18,Lower Photic,5.708152865170077,0.0904993281627768,10
WP,2022-01-18,Deep,4.470624950820818,1.6003078233862575,28
WP,2022-02-08,Surface,6.524381518137143,0.0538429899557149,10
WP,2022-02-08,Mid-Depth,6.265651694588199,0.0711125529309614,10
WP,2022-02-08,Lower Photic,5.879528570958953,0.058254640943465,10
WP,2022-02-08,Deep,5.056422102250402,1.708083314351945,28
WP,2022-03-08,Surface,7.493687423573286,0.1984373549594479,10
WP,2022-03-08,Mid-Depth,6.638364041130727,0.2897616352400327,10
WP,2022-03-08,Lower Photic,6.058230533067445,0.0780473684746888,10
WP,2022-03-08,Deep,5.450287680782765,1.1906522141065523,28
WP,2022-04-05,Surface,7.105142085845076,0.0527536987248985,10
WP,2022-04-05,Mid-Depth,7.052260886981154,0.1083535645748028,10
WP,2022-04-05,Lower Photic,6.425206995088153,0.2877180205688715,10
WP,2022-04-05,Deep,4.889056283917858,1.233758216179621,28
WP,2022-05-10,Surface,7.451125349514707,0.0533969009319348,10
WP,2022-05-10,Mid-Depth,7.247968240721934,0.2696263379281695,10
WP,2022-05-10,Lower Photic,5.826416634789838,0.5075565628291864,10
WP,2022-05-10,Deep,4.400329737234238,0.9947684313396584,28
WP,2022-06-14,Surface,7.264273564230143,0.1615532907483012,10
WP,2022-06-14,Mid-Depth,6.908566438242319,0.0423538117762866,10
WP,2022-06-14,Lower Photic,5.610099810326768,0.9359554750519952,10
WP,2022-06-14,Deep,3.933401668220553,1.2074408838240944,28
WP,2022-07-12,Surface,7.345525120989478,0.0597905670414968,10
WP,2022-07-12,Mid-Depth,7.223689475200956,0.1897860133202817,10
WP,2022-07-12,Lower Photic,5.982409924694454,0.6827519526055641,10
WP,2022-07-12,Deep,3.5598739520776923,1.0049965421946456,28
WP,2022-08-09,Surface,7.121435244638391,0.0331112658616282,10
WP,2022-08-09,Mid-Depth,7.134868020516317,0.0131216703538596,10
WP,2022-08-09,Lower Photic,6.408789154316662,1.0386705572077533,10
WP,2022-08-09,Deep,3.376321373679352,0.7812121945723348,28
WP,2022-09-06,Surface,7.6260790148617135,0.0964385658473265,10
WP,2022-09-06,Mid-Depth,7.222698502763674,0.2035252941639274,10
WP,2022-09-06,Lower Photic,6.057194034144175,0.6747643231824916,10
WP,2022-09-06,Deep,3.281831800050519,0.8536073720737501,28
WP,2022-10-18,Surface,7.139528106121981,0.0877678579736309,10
WP,2022-10-18,Mid-Depth,6.554359472048932,0.1529948484680376,10
WP,2022-10-18,Lower Photic,6.3180598561865855,0.0990899545177809,10
WP,2022-10-18,Deep,3.0419137062120574,1.3510888393949576,28
WP,2022-11-08,Surface,7.274334239645303,0.1689673761092765,10
WP,2022-11-08,Mid-Depth,6.616832768975259,0.130564031810558,10
WP,2022-11-08,Lower Photic,6.145791676177901,0.282370963377413,10
WP,2022-11-08,Deep,2.7677437758999943,1.1947209815715871,28
WP,2022-12-06,Surface,6.385192728169757,0.0912508550772061,10
WP,2022-12-06,Mid-Depth,6.263987038763118,0.0376592617794613,10
WP,2022-12-06,Lower Photic,6.188045307992141,0.0134663912889462,10
WP,2022-12-06,Deep,4.022589753100443,2.0052459385281254,28
WP,2023-01-17,Surface,6.47515149900386,0.04422619986238,10
WP,2023-01-17,Mid-Depth,6.309286564427331,0.0948385342734573,10
WP,2023-01-17,Lower Photic,5.945738580121877,0.1725855839357207,10
WP,2023-01-17,Deep,4.968988938878508,1.579599468199189,28
WP,2023-02-14,Surface,5.743212947194588,0.0836612795089205,10
WP,2023-02-14,Mid-Depth,5.557036533090875,0.0478797032118325,10
WP,2023-02-14,Lower Photic,5.478321056607438,0.0193163425217312,10
WP,2023-02-14,Deep,4.894774553369195,0.7266370566039644,28
WP,2023-03-14,Surface,7.495216034541437,0.0257080138545305,10
WP,2023-03-14,Mid-Depth,7.09842821657473,0.4436181577501745,10
WP,2023-03-14,Lower Photic,5.224445549232814,0.3668132790897259,10
WP,2023-03-14,Deep,4.172061505340077,0.7294782715200316,28
WP,2023-04-11,Surface,7.123211012038534,0.0166509913424834,10
WP,2023-04-11,Mid-Depth,7.041921119011652,0.0490209938083223,10
WP,2023-04-11,Lower Photic,6.203455990580685,0.6727668884671334,10
WP,2023-04-11,Deep,3.9536407714304778,0.7836257327714914,28
WP,2023-05-09,Surface,7.629857205722752,0.2965965522267482,10
WP,2023-05-09,Mid-Depth,7.555051265947801,0.2560820367113606,10
WP,2023-05-09,Lower Photic,5.813991491097372,0.7272110423316039,10
WP,2023-05-09,Deep,3.5951388461859586,0.7688526728508619,28
WP,2023-06-13,Surface,7.504079356709165,0.0825154776690809,10
WP,2023-06-13,Mid-Depth,7.494067156308223,0.1759314865045469,10
WP,2023-06-13,Lower Photic,5.335613492923909,0.8068961463988308,10
WP,2023-06-13,Deep,3.2801674513587487,0.7272885719686792,28
WP,2023-07-18,Surface,7.194278190913813,0.0180479285888981,10
WP,2023-07-18,Mid-Depth,6.903628505218866,0.4375285121956857,10
WP,2023-07-18,Lower Photic,4.245341566302455,0.7120864122813592,10
WP,2023-07-18,Deep,2.96990530946432,0.5539423663634617,28
WP,2023-08-16,Surface,7.447942195524229,0.1288815543777751,10
WP,2023-08-16,Mid-Depth,6.809705539746913,0.2448674259046634,10
WP,2023-08-16,Lower Photic,4.613970068711329,0.8660253694011559,10
WP,2023-08-16,Deep,2.3948475055785168,0.4568551312896672,28
WP,2023-09-05,Surface,7.608909412579578,0.0308497922920991,10
WP,2023-09-05,Mid-Depth,7.360260065096696,0.2210629484060349,10
WP,2023-09-05,Lower Photic,4.921358667547851,1.3690823556312803,10
WP,2023-09-05,Deep,2.24603625985483,0.4254559469911644,28
WP,2023-10-18,Surface,7.038533421632619,0.0458046107918869,10
WP,2023-10-18,Mid-Depth,6.803611750846206,0.0436416923188708,10
WP,2023-10-18,Lower Photic,5.62774084256608,1.0007079595127093,10
WP,2023-10-18,Deep,2.1425045708343458,0.5492415540832076,28
WP,2023-11-14,Surface,6.626412060421837,0.1226817666013406,10
WP,2023-11-14,Mid-Depth,6.361575563227011,0.0557169735713509,10
WP,2023-11-14,Lower Photic,6.240659336379596,0.0239438142962361,10
WP,2023-11-14,Deep,3.358471093870751,1.8153403687285263,28
WP,2023-12-05,Surface,6.615766634872022,0.268660910874576,10
WP,2023-12-05,Mid-Depth,6.387822541703274,0.0369393018065139,10
WP,2023-12-05,Lower Photic,6.335756275701633,0.0081784756178265,10
WP,2023-12-05,Deep,3.79636618126489,2.02842951003994,28
