location,index,Unnamed: 0_level_0,mean_ph,mean_ph,mean_ph,mean_ph,mean_ph,mean_ph,mean_ph,mean_ph,mean_ph,mean_ph,mean_ph,mean_ph,mean_ph,mean_ph,mean_ph,mean_ph,mean_ph,mean_ph,mean_ph,mean_ph,mean_ph,mean_ph,mean_ph,mean_ph,mean_ph,mean_ph,mean_ph,mean_ph,mean_ph,mean_ph,mean_ph,mean_ph,mean_ph,mean_ph,mean_ph,mean_ph,mean_ph,mean_ph,mean_ph,mean_ph,mean_ph,mean_ph,mean_ph,mean_ph,mean_ph,mean_ph,mean_ph,mean_ph,mean_ph,mean_ph,mean_ph,mean_ph,mean_ph,mean_ph,mean_ph,mean_ph,mean_ph,mean_ph,mean_ph,mean_ph,mean_ph,mean_ph,mean_ph,mean_ph,mean_ph,mean_ph,mean_ph,mean_ph,mean_ph,mean_ph,mean_ph,mean_ph,mean_ph,mean_ph,mean_ph,mean_ph,mean_ph,mean_ph,mean_ph,mean_ph,mean_ph,mean_ph,mean_ph,mean_ph,mean_ph,mean_ph,mean_ph,mean_ph,mean_ph,mean_ph,mean_ph,mean_ph,mean_ph,mean_ph,mean_ph,mean_ph,mean_ph,mean_ph,mean_ph,mean_ph,mean_ph,mean_ph,mean_ph,mean_ph,mean_ph,mean_ph,mean_ph,mean_ph,mean_ph,std_ph,std_ph,std_ph,std_ph,std_ph,std_ph,std_ph,std_ph,std_ph,std_ph,std_ph,std_ph,std_ph,std_ph,std_ph,std_ph,std_ph,std_ph,std_ph,std_ph,std_ph,std_ph,std_ph,std_ph,std_ph,std_ph,std_ph,std_ph,std_ph,std_ph,std_ph,std_ph,std_ph,std_ph,std_ph,std_ph,std_ph,std_ph,std_ph,std_ph,std_ph,std_ph,std_ph,std_ph,std_ph,std_ph,std_ph,std_ph,std_ph,std_ph,std_ph,std_ph,std_ph,std_ph,std_ph,std_ph,std_ph,std_ph,std_ph,std_ph,std_ph,std_ph,std_ph,std_ph,std_ph,std_ph,std_ph,std_ph,std_ph,std_ph,std_ph,std_ph,std_ph,std_ph,std_ph,std_ph,std_ph,std_ph,std_ph,std_ph,std_ph,std_ph,std_ph,std_ph,std_ph,std_ph,std_ph,std_ph,std_ph,std_ph,std_ph,std_ph,std_ph,std_ph,std_ph,std_ph,std_ph,std_ph,std_ph,std_ph,std_ph,std_ph,std_ph,std_ph,std_ph,std_ph,std_ph,std_ph,std_ph,measurement_count,measurement_count,measurement_count,measurement_count,measurement_count,measurement_count,measurement_count,measurement_count,measurement_count,measurement_count,measurement_count,measurement_count,measurement_count,measurement_count,measurement_count,measurement_count,measurement_count,measurement_count,measurement_count,measurement_count,measurement_count,measurement_count,measurement_count,measurement_count,measurement_count,measurement_count,measurement_count,measurement_count,measurement_count,measurement_count,measurement_count,measurement_count,measurement_count,measurement_count,measurement_count,measurement_count,measurement_count,measurement_count,measurement_count,measurement_count,measurement_count,measurement_count,measurement_count,measurement_count,measurement_count,measurement_count,measurement_count,measurement_count,measurement_count,measurement_count,measurement_count,measurement_count,measurement_count,measurement_count,measurement_count,measurement_count,measurement_count,measurement_count,measurement_count,measurement_count,measurement_count,measurement_count,measurement_count,measurement_count,measurement_count,measurement_count,measurement_count,measurement_count,measurement_count,measurement_count,measurement_count,measurement_count,measurement_count,measurement_count,measurement_count,measurement_count,measurement_count,measurement_count,measurement_count,measurement_count,measurement_count,measurement_count,measurement_count,measurement_count,measurement_count,measurement_count,measurement_count,measurement_count,measurement_count,measurement_count,measurement_count,measurement_count,measurement_count,measurement_count,measurement_count,measurement_count,measurement_count,measurement_count,measurement_count,measurement_count,measurement_count,measurement_count,measurement_count,measurement_count,measurement_count,measurement_count,measurement_count,measurement_count,measurement_count,mean_ph,mean_ph,mean_ph,mean_ph,mean_ph,mean_ph,mean_ph,mean_ph,mean_ph,mean_ph,mean_ph,mean_ph,mean_ph,mean_ph,mean_ph,mean_ph,mean_ph,mean_ph,mean_ph,mean_ph,mean_ph,mean_ph,mean_ph,mean_ph,mean_ph,mean_ph,mean_ph,mean_ph,mean_ph,mean_ph,mean_ph,mean_ph,mean_ph,mean_ph,mean_ph,mean_ph,mean_ph,mean_ph,mean_ph,mean_ph,mean_ph,mean_ph,mean_ph,mean_ph,mean_ph,mean_ph,mean_ph,mean_ph,mean_ph,mean_ph,mean_ph,mean_ph,mean_ph,mean_ph,mean_ph,std_ph,std_ph,std_ph,std_ph,std_ph,std_ph,std_ph,std_ph,std_ph,std_ph,std_ph,std_ph,std_ph,std_ph,std_ph,std_ph,std_ph,std_ph,std_ph,std_ph,std_ph,std_ph,std_ph,std_ph,std_ph,std_ph,std_ph,std_ph,std_ph,std_ph,std_ph,std_ph,std_ph,std_ph,std_ph,std_ph,std_ph,std_ph,std_ph,std_ph,std_ph,std_ph,std_ph,std_ph,std_ph,std_ph,std_ph,std_ph,std_ph,std_ph,std_ph,std_ph,std_ph,std_ph,std_ph,measurement_count,measurement_count,measurement_count,measurement_count,measurement_count,measurement_count,measurement_count,measurement_count,measurement_count,measurement_count,measurement_count,measurement_count,measurement_count,measurement_count,measurement_count,measurement_count,measurement_count,measurement_count,measurement_count,measurement_count,measurement_count,measurement_count,measurement_count,measurement_count,measurement_count,measurement_count,measurement_count,measurement_count,measurement_count,measurement_count,measurement_count,measurement_count,measurement_count,measurement_count,measurement_count,measurement_count,measurement_count,measurement_count,measurement_count,measurement_count,measurement_count,measurement_count,measurement_count,measurement_count,measurement_count,measurement_count,measurement_count,measurement_count,measurement_count,measurement_count,measurement_count,measurement_count,measurement_count,measurement_count,measurement_count,mean_ph,mean_ph,std_ph,std_ph,measurement_count,measurement_count
,,date,2014-02-18,2014-03-26,2014-04-22,2014-05-19,2014-06-24,2014-07-22,2014-08-12,2014-09-08,2014-10-07,2014-11-11,2014-12-08,2015-01-13,2015-02-10,2015-03-10,2015-04-14,2015-06-09,2015-07-14,2015-08-10,2015-09-09,2015-10-06,2015-11-11,2016-01-19,2016-02-16,2016-03-01,2016-04-12,2016-05-17,2016-06-14,2016-07-12,2016-08-09,2016-09-06,2016-10-11,2016-11-08,2016-12-05,2017-02-07,2017-03-13,2017-04-18,2017-05-16,2017-06-13,2017-07-11,2017-08-08,2017-09-12,2017-10-12,2017-11-07,2017-12-13,2018-01-11,2018-02-07,2018-03-13,2018-04-10,2018-05-15,2018-06-12,2018-07-17,2018-08-14,2018-09-11,2018-09-24,2018-11-14,2018-12-12,2019-02-12,2019-03-12,2019-04-09,2019-05-14,2019-06-12,2019-07-12,2019-08-13,2019-09-10,2020-02-11,2020-05-12,2020-06-09,2020-07-14,2020-08-11,2020-09-08,2020-10-13,2020-11-10,2020-12-08,2021-01-19,2021-02-16,2021-03-16,2021-04-13,2021-05-11,2021-06-08,2021-07-13,2021-08-10,2021-09-07,2021-10-12,2021-11-09,2021-12-07,2022-01-18,2022-02-08,2022-03-08,2022-04-05,2022-05-10,2022-06-14,2022-07-12,2022-08-09,2022-09-06,2022-10-18,2022-11-08,2022-12-06,2023-01-17,2023-02-14,2023-03-14,2023-04-11,2023-05-09,2023-06-13,2023-07-18,2023-08-16,2023-09-05,2023-10-18,2023-11-14,2023-12-05,2014-02-18,2014-03-26,2014-04-22,2014-05-19,2014-06-24,2014-07-22,2014-08-12,2014-09-08,2014-10-07,2014-11-11,2014-12-08,2015-01-13,2015-02-10,2015-03-10,2015-04-14,2015-06-09,2015-07-14,2015-08-10,2015-09-09,2015-10-06,2015-11-11,2016-01-19,2016-02-16,2016-03-01,2016-04-12,2016-05-17,2016-06-14,2016-07-12,2016-08-09,2016-09-06,2016-10-11,2016-11-08,2016-12-05,2017-02-07,2017-03-13,2017-04-18,2017-05-16,2017-06-13,2017-07-11,2017-08-08,2017-09-12,2017-10-12,2017-11-07,2017-12-13,2018-01-11,2018-02-07,2018-03-13,2018-04-10,2018-05-15,2018-06-12,2018-07-17,2018-08-14,2018-09-11,2018-09-24,2018-11-14,2018-12-12,2019-02-12,2019-03-12,2019-04-09,2019-05-14,2019-06-12,2019-07-12,2019-08-13,2019-09-10,2020-02-11,2020-05-12,2020-06-09,2020-07-14,2020-08-11,2020-09-08,2020-10-13,2020-11-10,2020-12-08,2021-01-19,2021-02-16,2021-03-16,2021-04-13,2021-05-11,2021-06-08,2021-07-13,2021-08-10,2021-09-07,2021-10-12,2021-11-09,2021-12-07,2022-01-18,2022-02-08,2022-03-08,2022-04-05,2022-05-10,2022-06-14,2022-07-12,2022-08-09,2022-09-06,2022-10-18,2022-11-08,2022-12-06,2023-01-17,2023-02-14,2023-03-14,2023-04-11,2023-05-09,2023-06-13,2023-07-18,2023-08-16,2023-09-05,2023-10-18,2023-11-14,2023-12-05,2014-02-18,2014-03-26,2014-04-22,2014-05-19,2014-06-24,2014-07-22,2014-08-12,2014-09-08,2014-10-07,2014-11-11,2014-12-08,2015-01-13,2015-02-10,2015-03-10,2015-04-14,2015-06-09,2015-07-14,2015-08-10,2015-09-09,2015-10-06,2015-11-11,2016-01-19,2016-02-16,2016-03-01,2016-04-12,2016-05-17,2016-06-14,2016-07-12,2016-08-09,2016-09-06,2016-10-11,2016-11-08,2016-12-05,2017-02-07,2017-03-13,2017-04-18,2017-05-16,2017-06-13,2017-07-11,2017-08-08,2017-09-12,2017-10-12,2017-11-07,2017-12-13,2018-01-11,2018-02-07,2018-03-13,2018-04-10,2018-05-15,2018-06-12,2018-07-17,2018-08-14,2018-09-11,2018-09-24,2018-11-14,2018-12-12,2019-02-12,2019-03-12,2019-04-09,2019-05-14,2019-06-12,2019-07-12,2019-08-13,2019-09-10,2020-02-11,2020-05-12,2020-06-09,2020-07-14,2020-08-11,2020-09-08,2020-10-13,2020-11-10,2020-12-08,2021-01-19,2021-02-16,2021-03-16,2021-04-13,2021-05-11,2021-06-08,2021-07-13,2021-08-10,2021-09-07,2021-10-12,2021-11-09,2021-12-07,2022-01-18,2022-02-08,2022-03-08,2022-04-05,2022-05-10,2022-06-14,2022-07-12,2022-08-09,2022-09-06,2022-10-18,2022-11-08,2022-12-06,2023-01-17,2023-02-14,2023-03-14,2023-04-11,2023-05-09,2023-06-13,2023-07-18,2023-08-16,2023-09-05,2023-10-18,2023-11-14,2023-12-05,2014-02-14,2014-02-19,2014-04-23,2014-04-27,2014-06-25,2014-07-23,2014-08-13,2014-09-09,2014-09-25,2014-10-08,2014-11-12,2014-12-09,2015-01-14,2015-02-11,2015-03-11,2015-05-05,2015-07-15,2015-08-11,2015-10-07,2015-11-12,2015-12-08,2016-01-20,2016-02-17,2016-03-09,2016-04-13,2016-05-18,2016-06-15,2016-07-13,2016-08-10,2016-09-07,2016-10-12,2016-11-09,2017-02-08,2017-03-14,2017-04-19,2017-05-17,2017-06-21,2017-07-12,2017-08-09,2017-09-13,2017-10-13,2017-11-08,2017-12-14,2018-02-28,2018-03-15,2018-04-12,2018-05-16,2018-06-13,2018-07-18,2018-08-16,2018-09-12,2018-10-10,2020-01-23,2020-03-10,2020-04-14,2014-02-14,2014-02-19,2014-04-23,2014-04-27,2014-06-25,2014-07-23,2014-08-13,2014-09-09,2014-09-25,2014-10-08,2014-11-12,2014-12-09,2015-01-14,2015-02-11,2015-03-11,2015-05-05,2015-07-15,2015-08-11,2015-10-07,2015-11-12,2015-12-08,2016-01-20,2016-02-17,2016-03-09,2016-04-13,2016-05-18,2016-06-15,2016-07-13,2016-08-10,2016-09-07,2016-10-12,2016-11-09,2017-02-08,2017-03-14,2017-04-19,2017-05-17,2017-06-21,2017-07-12,2017-08-09,2017-09-13,2017-10-13,2017-11-08,2017-12-14,2018-02-28,2018-03-15,2018-04-12,2018-05-16,2018-06-13,2018-07-18,2018-08-16,2018-09-12,2018-10-10,2020-01-23,2020-03-10,2020-04-14,2014-02-14,2014-02-19,2014-04-23,2014-04-27,2014-06-25,2014-07-23,2014-08-13,2014-09-09,2014-09-25,2014-10-08,2014-11-12,2014-12-09,2015-01-14,2015-02-11,2015-03-11,2015-05-05,2015-07-15,2015-08-11,2015-10-07,2015-11-12,2015-12-08,2016-01-20,2016-02-17,2016-03-09,2016-04-13,2016-05-18,2016-06-15,2016-07-13,2016-08-10,2016-09-07,2016-10-12,2016-11-09,2017-02-08,2017-03-14,2017-04-19,2017-05-17,2017-06-21,2017-07-12,2017-08-09,2017-09-13,2017-10-13,2017-11-08,2017-12-14,2018-02-28,2018-03-15,2018-04-12,2018-05-16,2018-06-13,2018-07-18,2018-08-16,2018-09-12,2018-10-10,2020-01-23,2020-03-10,2020-04-14,2014-02-26,2016-03-08,2014-02-26,2016-03-08,2014-02-26,2016-03-08
SA,0,depth_group,,,,,,,,,,,,,,,,,,,,,,,,,,,,,,,,,,,,,,,,,,,,,,,,,,,,,,,,,,,,,,,,,,,,,,,,,,,,,,,,,,,,,,,,,,,,,,,,,,,,,,,,,,,,,,,,,,,,,,,,,,,,,,,,,,,,,,,,,,,,,,,,,,,,,,,,,,,,,,,,,,,,,,,,,,,,,,,,,,,,,,,,,,,,,,,,,,,,,,,,,,,,,,,,,,,,,,,,,,,,,,,,,,,,,,,,,,,,,,,,,,,,,,,,,,,,,,,,,,,,,,,,,,,,,,,,,,,,,,,,,,,,,,,,,,,,,,,,,,,,,,,,,,,,,,,,,,,,,,,,,,,,,,,,,,,,,,,,,,,,,,,,,,,,,,,,,,,,,,,,,,,,,,,,,,,,,,,,,,,,,,,,,,,,,,,,,,,,,,,,,,,,,,,,,,,,,,,,,,,,,,,,,,,,,,,,,,,,,,,,,,,,,,,,,,,,,,,,,,,,,,,,,,,,,,,,,,,,,,,,,,,,,,,,,,,,,,,,,,
SA,1,Deep,8.484700718079319,7.779073999520548,8.000584567736249,8.328409090909092,7.906742424242423,8.390530303030303,8.986852167271845,7.415909090909091,8.680652558504152,8.542768855818862,8.427575757575756,8.429166666666667,8.12371212121212,8.359090909090908,8.10469696969697,7.950227272727272,8.062424242424242,8.204166666666666,7.86159090909091,8.008712121212122,7.890293943110866,7.559772727272726,8.067121212121211,8.483030303030302,8.24159090909091,7.803030303030303,7.858712121212122,8.04651515151515,7.919469696969698,9.183939393939394,8.157704831629365,8.39401515151515,8.110530303030302,8.398787878787878,7.98090909090909,7.957348484848485,7.767803030303028,9.026818181818182,7.730151515151514,8.427121212121213,9.413030303030302,8.085833333333333,7.86181818181818,8.367121212121212,9.220462929248448,8.719200621442546,8.398874439808028,8.112837313427859,7.936285110960304,7.945360313298534,7.9965853439214705,8.049588217364281,7.821106937115162,7.766714092746718,7.912838746289986,8.46777111563057,8.186175639011905,8.073915780625926,7.619377198728706,7.821089163971652,7.746593821711352,7.503307276393602,7.1446744764502,7.7957832785920145,8.079211865088844,7.300672442745069,7.154176085024995,6.4797759669039285,6.981227903224448,7.178490029670394,6.755970982421244,6.997399778976487,7.611545059139501,7.601533319941902,7.813735599496027,7.800332578414722,8.01813157031061,8.044658000041581,7.163887473659273,6.821691548001204,7.055353744288192,6.818276756363099,6.2046426265934125,6.905632785602112,8.121347648368031,7.39700155642692,7.52901286788019,7.726128169603262,7.293737360979855,7.250936763111105,6.718536309788487,7.018226676340134,6.635874307531373,7.08640517640342,6.552496912347763,7.479832725263178,7.304393970958902,7.220624496024356,6.257852135300104,6.99960471317375,6.546955771762196,6.230406397695668,6.874552264568025,6.179677355282586,6.007619517222573,6.033430455329412,8.520064604855639,6.72316821273082,7.54433030858441,0.1373580122298501,0.0340611430905969,0.0419186653371046,0.1523575553601614,0.1686661626135319,0.2388128633346279,0.1085729594338861,0.2847331096359251,0.2738557599069935,0.4127530446060812,0.0120155022521861,0.0181101129338333,0.0224429424582802,0.0160086556673902,0.137100199294037,0.0444433396327327,0.1853387626765026,0.1778827195226168,0.1161331078952027,0.1017387616067524,0.0268002022620541,0.1328665394898855,0.092652251102926,0.029419589825697,0.0327022695227477,0.0831500148161439,0.0432230948768817,0.0534346980459977,0.0916881451945451,0.1295479987598571,0.1854228082801373,0.1950842031542951,0.1057992838160469,0.0073315621631273,0.0425563034230998,0.0612105808601356,0.0327059464345388,0.0153177033080039,0.0243101057377635,0.058592805728322,0.138195701626541,0.1501249479600242,0.2089346300967834,0.0213386762789804,0.1147901207690935,0.0918531774458926,0.0917180134098807,0.0761257868866245,0.0211806510586645,0.0501859950103052,0.1615070211934873,0.1891761518196304,0.107758945276672,0.0807037386098687,0.3115075110319006,0.1352463312069418,0.029794740144645,0.0271486781145249,0.132574574268071,0.07129142288797,0.0893297143057791,0.1413566879652598,0.1804574858813841,0.0696557510133783,0.1058997246372532,0.1412959780904012,0.1517035867513055,0.3268154932976576,0.1965884212828322,0.1813023931600445,0.2851852517656553,0.3608195183788227,0.2320529498655542,0.089138201074851,0.0951847524956093,0.0396886923530471,0.0577684053067349,0.0647311435030987,0.1575921832563734,0.222687016102881,0.19223364081361,0.2634352660069075,0.3653528851218429,0.3202527260715605,0.069576295669588,0.1239252229334459,0.0873397736722018,0.0494918551945926,0.1077142331057703,0.1324230030422581,0.2461714674951009,0.1761674668380103,0.3202389278447628,0.2489355795318482,0.4501021862889378,0.2468713577329149,0.1932324946795411,0.1717395456008278,0.3759393765584907,0.2084578174666019,0.330406727131446,0.3864202129899473,0.2355456970935494,0.4616774403969606,0.4473943837965164,0.4650504997817848,0.159602755657928,0.5025807462366763,0.295320449419281,22.0,22.0,22.0,22.0,22.0,22.0,22.0,22.0,22.0,22.0,22.0,22.0,22.0,22.0,22.0,22.0,22.0,22.0,22.0,22.0,22.0,22.0,22.0,22.0,22.0,22.0,22.0,22.0,22.0,22.0,22.0,22.0,22.0,22.0,22.0,22.0,22.0,22.0,22.0,22.0,22.0,22.0,22.0,22.0,22.0,22.0,22.0,22.0,22.0,22.0,22.0,22.0,22.0,22.0,22.0,22.0,22.0,22.0,22.0,22.0,22.0,22.0,22.0,22.0,22.0,22.0,22.0,22.0,22.0,22.0,22.0,22.0,22.0,22.0,22.0,22.0,22.0,22.0,22.0,22.0,22.0,22.0,22.0,22.0,22.0,22.0,22.0,22.0,22.0,22.0,22.0,22.0,22.0,22.0,22.0,22.0,22.0,22.0,22.0,22.0,22.0,22.0,22.0,22.0,22.0,22.0,22.0,22.0,22.0,,,,,,,,,,,,,,,,,,,,,,,,,,,,,,,,,,,,,,,,,,,,,,,,,,,,,,,,,,,,,,,,,,,,,,,,,,,,,,,,,,,,,,,,,,,,,,,,,,,,,,,,,,,,,,,,,,,,,,,,,,,,,,,,,,,,,,,,,,,,,,,,,,,,,,,,,,,,,,,,,,,,,,,,,,,
SA,2,Lower Photic,8.80875,7.970499999999999,8.331,8.860000000000001,8.817,9.204,9.010000000000002,9.321000000000002,9.731000000000002,9.599,8.479000000000001,8.470000000000002,8.139,8.438999999999998,8.57,8.315999999999999,8.641,8.678999999999998,8.338000000000001,8.464,8.625,7.770999999999999,8.048,8.495000000000001,8.273,7.929,8.241,8.482000000000001,8.393,9.693,8.818999999999999,8.881,8.267,8.409,8.056999999999999,8.186,7.939,9.192,7.948,8.75,10.023,9.042,8.600999999999999,8.495000000000001,9.288681834139968,8.808821776085846,8.659646438533736,8.298800437755183,8.002166700168837,8.225453284911206,8.759926899,8.608454635697694,8.185289126242427,8.304270154516896,8.725811512873936,8.599289191534112,8.242238519389108,8.269856682906076,8.065357496298699,8.110585970494906,8.019252729276438,7.976717050978488,7.8774683659772124,8.507401135709161,8.327680282359578,7.7724100204737,7.700576955467073,7.164699306723898,7.748027104810413,7.952292236419207,7.606617912186901,7.743321887740012,7.882296218648578,7.790979522307735,7.991451356988105,7.97985216959203,8.339260539791429,8.227443168228294,7.508044724665043,7.328359039502503,7.834496882963904,7.571098429885856,6.846809061609268,7.610040771435601,8.205830431552096,7.648760690556466,7.664514325812971,7.755379972720448,7.419239627668167,7.629428319188326,7.353183471888464,7.511261952516783,7.402694098589746,7.8695547209986145,7.459437624701636,8.162074171824395,7.533497179858929,7.213929122819954,6.842219082819604,7.411533569919653,7.242870635532194,6.604859041917547,7.433627216531202,7.194161639013544,6.6796068048101205,6.7797028742921785,9.400332529415476,7.271787700404606,7.865226781201402,0.0282658510102444,0.1689855352126655,0.2155844768685042,0.1093414631123779,0.2412030034823136,0.2238650387076006,1.872444516574241e-15,0.7765801096259592,0.1081614020290455,0.1081614020290461,0.0191195071995998,0.0047140452079102,0.0218326971917505,0.0159513148186735,0.0567646212197545,0.1869759342803239,0.01728840330652,0.0629726572057712,0.1791213120888869,0.1800740588387643,0.2560056422989327,0.0324722103412201,0.0139841179756025,0.0126929551764395,0.106254411673116,0.1346146764328137,0.2325916784601049,0.1796168762177491,0.1008904796741936,0.0675030863491933,0.0395671019352635,0.0392852813828961,0.0312872000806863,0.0144913767461891,0.0067494855771053,0.0254732975660569,0.0593389510449172,0.095312352003528,0.0923519836759824,0.1169045194450013,0.1832454334734941,0.0632104070193788,0.0556676646617124,0.0611464544261473,0.0114483459409039,0.0054021380168505,0.0873093978462306,0.2239075766883322,0.091716431763579,0.189337596086022,0.0934218857395488,0.0328106840937862,0.1569394534055998,0.2864834930181145,0.006472346638302,0.0061376138844372,0.0099407235072575,0.1468625244428212,0.085499258657319,0.155420038352898,0.178576440356679,0.2831953907749605,0.2818812288783888,0.3062737652968174,0.0630521120358694,0.3007097697217075,0.2824562954921679,0.3634871589873685,0.4077333684608501,0.3024453917100003,0.1419783951492675,0.0983399607588448,0.0477338894799053,0.0655128523320502,0.0393691623440649,0.0938606219322231,0.0624712941556855,0.0936473591282841,0.1441640974237579,0.3031791818956864,0.2781890988943502,0.2666297692752282,0.1888199261122057,0.0694782355211981,0.0304067340452808,0.0728097030602731,0.0728633470418356,0.0044226522515895,0.1455146032538123,0.1723063706158792,0.294055771649755,0.2494195792724449,0.1398710022467,0.1961538097205002,0.1381449405024548,0.1139530503199362,0.0850021414223487,0.0926497173832112,0.2307357309386506,0.1293538930996516,0.1167362477843773,0.0938373951835729,0.2336327403767911,0.1668995437450774,0.1943384631493269,0.2359887415454019,0.1026909890906211,0.0845560873333055,0.03580035159179,10.0,10.0,10.0,10.0,10.0,10.0,10.0,10.0,10.0,10.0,10.0,10.0,10.0,10.0,10.0,10.0,10.0,10.0,10.0,10.0,10.0,10.0,10.0,10.0,10.0,10.0,10.0,10.0,10.0,10.0,10.0,10.0,10.0,10.0,10.0,10.0,10.0,10.0,10.0,10.0,10.0,10.0,10.0,10.0,10.0,10.0,10.0,10.0,10.0,10.0,10.0,10.0,10.0,10.0,10.0,10.0,10.0,10.0,10.0,10.0,10.0,10.0,10.0,10.0,10.0,10.0,10.0,10.0,10.0,10.0,10.0,10.0,10.0,10.0,10.0,10.0,10.0,10.0,10.0,10.0,10.0,10.0,10.0,10.0,10.0,10.0,10.0,10.0,10.0,10.0,10.0,10.0,10.0,10.0,10.0,10.0,10.0,10.0,10.0,10.0,10.0,10.0,10.0,10.0,10.0,10.0,10.0,10.0,10.0,,,,,,,,,,,,,,,,,,,,,,,,,,,,,,,,,,,,,,,,,,,,,,,,,,,,,,,,,,,,,,,,,,,,,,,,,,,,,,,,,,,,,,,,,,,,,,,,,,,,,,,,,,,,,,,,,,,,,,,,,,,,,,,,,,,,,,,,,,,,,,,,,,,,,,,,,,,,,,,,,,,,,,,,,,,
SA,3,Mid-Depth,9.093333333333334,8.398,8.647,8.997,9.084,9.376,9.010000000000002,7.260923076923078,10.271,9.562,8.515,8.509,8.142999999999999,8.533999999999999,8.674999999999999,8.724,8.647000000000002,8.819999999999999,8.675999999999998,8.867,8.842999999999998,7.891,8.11,8.559999999999999,8.553,8.364,8.624,8.716000000000001,8.604999999999999,9.873,8.864999999999998,8.992999999999999,8.373000000000001,8.441999999999998,8.088,8.247,8.114,9.452,8.149999999999999,9.050999999999998,10.358,9.157,8.849,8.547,9.318117706603932,8.794570680776163,8.779500108991439,8.640576691963883,8.517717463335956,8.852357987897685,8.863271948,8.844966254815592,8.688811521561863,8.919309991820452,8.790706804300843,8.615440249407254,8.339603536175858,8.593959602557291,8.392549714649395,8.62755968920068,8.655031155333129,8.52246658168685,8.372629711910635,8.817169345994515,8.52407397771357,8.383974347302678,8.21346056101726,7.866086690034807,8.347161507270508,8.427501418435755,7.966294387019092,7.990055198842688,7.968435266145919,7.939919003233223,8.152206463081082,8.41657826594078,8.490408154093284,8.686566864979387,8.164088295670158,8.139767190772693,8.274745714797737,7.941553032729457,7.381892311371198,7.895403876132072,8.34657168525904,7.896820311634963,7.9919841416092705,7.76624073807469,7.773333657727274,8.106056949868748,8.018405276524463,8.006605659726512,7.623406626006663,8.394361921326968,7.797636799307895,8.342123769794235,7.8390387091347025,7.500367870173849,7.166284961077499,7.761768658510901,7.525652487433329,7.063670897897576,8.074114354269634,7.400906052751113,7.1943962344884085,7.52270113962094,9.47648005977362,7.42052275414774,8.05432393875876,0.1238278374733782,0.0631400559602753,0.043728963196287,0.0067494855771053,0.0478887599895147,0.0622182538417072,1.872444516574241e-15,0.8278825917959723,0.5969822256799423,0.0418536545006731,0.0135400640077263,0.0218326971917499,0.0326768691550733,0.0386436713231718,0.0287711275027198,0.0309838667696593,0.0067494855771053,0.0105409255338943,0.0818127944354261,0.077466838783515,0.0245175673979108,0.0260128173535022,0.0274873708374512,0.0262466929133728,0.0621914606499776,0.0548128127762519,0.041419265512024,0.0217050941281331,0.0548229473446619,0.0336815148775177,0.0343996124009172,0.0309300285590988,0.0235937844922488,0.019321835661586,0.0234757558155448,0.0302030167735312,0.0499332888295304,0.044422216663887,0.0541602560309065,0.0462961481479109,0.043665394383501,0.0305686840482943,0.0754909854809754,0.016363916944845,0.0351862388116624,0.0280177838036839,0.0302527075502384,0.0795376214215503,0.1534258028970281,0.0792966284185365,0.0069947655685676,0.038108641144954,0.1207193893199602,0.0352087050984886,0.0224428815046555,0.0057114862154617,0.0703822331522232,0.0531017390962128,0.160281681674199,0.0700783635637835,0.0949237862165499,0.0404989772022021,0.0988297971409099,0.0448912452886815,0.0335481740476652,0.1208110715269668,0.1440087065227665,0.1215212881551758,0.0497325301720788,0.0738846664891207,0.1378635609269762,0.1101412753351726,0.0527963016386532,0.0320376849616465,0.0639809523352606,0.1706794906710122,0.0407251526000554,0.1495489758005773,0.1982662930146114,0.3159293603523895,0.068626859540954,0.0283148531272194,0.1920746051974653,0.1005763675340121,0.0410735915940992,0.1206911925267058,0.164781418823587,0.0123611983453607,0.0624803694780205,0.1580800709458951,0.3071876924922518,0.0989198626876789,0.0721225586179926,0.1611137857703938,0.2209106726445709,0.0414209100088472,0.1147581351929574,0.1386672164305375,0.1402175133196256,0.1079209041515608,0.2071280586321985,0.1199568869993465,0.134692360291701,0.1103554096425206,0.2256548171183183,0.2379201195238594,0.0063862805330754,0.1653010602800489,0.0672556078950804,10.0,10.0,10.0,10.0,10.0,10.0,10.0,10.0,10.0,10.0,10.0,10.0,10.0,10.0,10.0,10.0,10.0,10.0,10.0,10.0,10.0,10.0,10.0,10.0,10.0,10.0,10.0,10.0,10.0,10.0,10.0,10.0,10.0,10.0,10.0,10.0,10.0,10.0,10.0,10.0,10.0,10.0,10.0,10.0,10.0,10.0,10.0,10.0,10.0,10.0,10.0,10.0,10.0,10.0,10.0,10.0,10.0,10.0,10.0,10.0,10.0,10.0,10.0,10.0,10.0,10.0,10.0,10.0,10.0,10.0,10.0,10.0,10.0,10.0,10.0,10.0,10.0,10.0,10.0,10.0,10.0,10.0,10.0,10.0,10.0,10.0,10.0,10.0,10.0,10.0,10.0,10.0,10.0,10.0,10.0,10.0,10.0,10.0,10.0,10.0,10.0,10.0,10.0,10.0,10.0,10.0,10.0,10.0,10.0,,,,,,,,,,,,,,,,,,,,,,,,,,,,,,,,,,,,,,,,,,,,,,,,,,,,,,,,,,,,,,,,,,,,,,,,,,,,,,,,,,,,,,,,,,,,,,,,,,,,,,,,,,,,,,,,,,,,,,,,,,,,,,,,,,,,,,,,,,,,,,,,,,,,,,,,,,,,,,,,,,,,,,,,,,,
SA,4,Surface,9.285470688503809,8.553,8.728,8.92,8.754,9.098,9.010000000000002,8.22907692307692,7.710000000000001,9.517,8.495,8.510000000000002,8.278,8.599,8.673000000000002,8.736999999999998,8.614,8.817000000000002,8.969999999999999,8.957000000000003,8.906,7.980999999999999,8.143,8.652,8.64,8.4,8.747,8.743,8.651000000000002,9.91,8.922,9.003,8.446000000000002,8.514000000000001,8.084,8.206999999999999,8.174,9.528000000000002,8.205000000000002,9.098,10.341,9.143,8.918,8.52,9.370496045700428,8.891050279925881,8.921379204217654,8.775691837871722,8.840345333333152,8.91840521577439,8.880654588999999,8.92038111455692,8.838192569059117,9.02141289103906,8.852648259627511,8.676075215531942,8.497697246313018,8.708772872139386,8.75340654469063,8.716161317920578,8.811402970470397,8.783167602581928,8.807352946033737,8.903791597257257,8.71440303178033,8.711675063940195,8.626713764802945,8.605098355901228,8.69748709451255,8.616837644628717,8.632666991678317,8.45665415137645,8.14912562335805,8.10216182166771,8.412557159105255,8.617984164464692,8.617276117968466,9.196334671022356,8.701769712911908,8.790574089420682,8.81867005723878,8.460061440855526,8.439161917933353,8.523957968296644,8.485185921378559,8.443497405877482,8.601195844553827,7.818140404790677,8.186896191007225,8.508604717116302,8.686991704305683,8.623072322266845,7.996239282129925,8.735566499468508,8.618268004910682,8.473295126734659,8.473870870849122,8.05742321351455,7.617233086385653,8.23091705614107,8.08301491558369,7.509066357782487,8.478696614769571,7.963983282986677,8.005407684527714,8.507137021142292,9.50335046020476,8.148195976095923,8.285028243577896,0.1102234483611581,0.0157487996799129,0.0113529242439506,0.0802772971919485,0.1259805981534899,0.1141928193889614,1.872444516574241e-15,0.6236931425746755,1.4505171491574993,0.274666801510215,0.0497214463005874,0.0359010987142299,0.0768548415304245,0.0672392081386383,0.0336815148775174,0.0182878222991269,0.0241292814278052,0.0286937856222098,0.0639444203108365,0.0290784379834193,0.0157762127549319,0.1103982689075227,0.0115950180872842,0.0916272642588196,0.0918936583472684,0.0115470053837922,0.0675030863491936,0.030568684048294,0.0284604989415153,0.0339934634239518,0.0248551358430763,0.0377270901784556,0.0607728009337509,0.0811308956084068,0.0362705880232945,0.0483160888777688,0.106791593510184,0.0597773647238929,0.0724568837309472,0.0269979423084222,0.0499888876540467,0.0336815148775177,0.0078881063774659,0.0094280904158204,0.0204024140539605,0.0299429712108146,0.0155213211260859,0.0050131036928284,0.045000935550691,0.0058467414047226,0.0083449768707973,0.0110374033901123,0.0238240034786221,0.0525139722444356,0.0289832217491038,0.045502013264964,0.0285751225698294,0.0122089574680424,0.014458477131269,0.0253228577816155,0.0217162266973443,0.0081955786157771,0.0292677975165558,0.0320641084823674,0.065849872692936,0.0165027218005345,0.0953233014179701,0.2001045003578398,0.1463514127630836,0.044142755368939,0.174166392798842,0.1858372241214805,0.0279438932850643,0.1002786318081125,0.128087808176221,0.0238508615061035,0.0462396047410028,0.186525160163311,0.1762108483853195,0.0233098301872252,0.1083694843103566,0.3673637068359742,0.2892502563396405,0.163492275648324,0.1320918845485741,0.1041639329973373,0.0446612052967726,0.0184261394828471,0.2050665383323393,0.0742510261930672,0.0610458453961876,0.2359205295638537,0.2943544411614526,0.0460333378039815,0.0226866887866901,0.0851809289243676,0.1123457329854076,0.281100506214604,0.203591607492235,0.0623212199215871,0.0923658769289956,0.3979397861093452,0.1112293276141844,0.2822162442139377,0.4571366627074226,0.1786793640801735,0.0304215168198243,0.278733311616287,0.1787106919709398,10.0,10.0,10.0,10.0,10.0,10.0,10.0,10.0,10.0,10.0,10.0,10.0,10.0,10.0,10.0,10.0,10.0,10.0,10.0,10.0,10.0,10.0,10.0,10.0,10.0,10.0,10.0,10.0,10.0,10.0,10.0,10.0,10.0,10.0,10.0,10.0,10.0,10.0,10.0,10.0,10.0,10.0,10.0,10.0,10.0,10.0,10.0,10.0,10.0,10.0,10.0,10.0,10.0,10.0,10.0,10.0,10.0,10.0,10.0,10.0,10.0,10.0,10.0,10.0,10.0,10.0,10.0,10.0,10.0,10.0,10.0,10.0,10.0,10.0,10.0,10.0,10.0,10.0,10.0,10.0,10.0,10.0,10.0,10.0,10.0,10.0,10.0,10.0,10.0,10.0,10.0,10.0,10.0,10.0,10.0,10.0,10.0,10.0,10.0,10.0,10.0,10.0,10.0,10.0,10.0,10.0,10.0,10.0,10.0,,,,,,,,,,,,,,,,,,,,,,,,,,,,,,,,,,,,,,,,,,,,,,,,,,,,,,,,,,,,,,,,,,,,,,,,,,,,,,,,,,,,,,,,,,,,,,,,,,,,,,,,,,,,,,,,,,,,,,,,,,,,,,,,,,,,,,,,,,,,,,,,,,,,,,,,,,,,,,,,,,,,,,,,,,,
WG,0,depth_group,,,,,,,,,,,,,,,,,,,,,,,,,,,,,,,,,,,,,,,,,,,,,,,,,,,,,,,,,,,,,,,,,,,,,,,,,,,,,,,,,,,,,,,,,,,,,,,,,,,,,,,,,,,,,,,,,,,,,,,,,,,,,,,,,,,,,,,,,,,,,,,,,,,,,,,,,,,,,,,,,,,,,,,,,,,,,,,,,,,,,,,,,,,,,,,,,,,,,,,,,,,,,,,,,,,,,,,,,,,,,,,,,,,,,,,,,,,,,,,,,,,,,,,,,,,,,,,,,,,,,,,,,,,,,,,,,,,,,,,,,,,,,,,,,,,,,,,,,,,,,,,,,,,,,,,,,,,,,,,,,,,,,,,,,,,,,,,,,,,,,,,,,,,,,,,,,,,,,,,,,,,,,,,,,,,,,,,,,,,,,,,,,,,,,,,,,,,,,,,,,,,,,,,,,,,,,,,,,,,,,,,,,,,,,,,,,,,,,,,,,,,,,,,,,,,,,,,,,,,,,,,,,,,,,,,,,,,,,,,,,,,,,,,,,,,,,,,,,,
WG,1,Deep,,8.157616755572622,,,,,,,,,,,,,8.231232220881397,8.25130657389047,,,8.124810078224709,,,,,8.310761638505076,,,,,,,,,7.980349693056208,,,,,,,,,,,,8.871241657853346,8.700043258922967,,,,,,,,8.146839849152448,7.9697223672735795,8.106570512013265,7.853021008925985,8.1574787165582,7.659893567162646,8.071818091695446,8.064815546006901,7.672046195157359,7.589112480457663,7.880054827515336,7.53375652024598,7.353824916416557,7.46653127126974,7.233813517754665,6.956110969710344,7.685453442940325,7.053964029075459,6.902107334685049,7.377054459419278,6.997511141617319,7.707691148704315,7.994843053021222,8.072853504609823,8.088918292883308,6.95256784856814,7.237512983268808,6.517413550243439,7.28514096770922,7.125212286798258,7.3725106252634305,7.983097128270661,7.695488342850644,7.44706938617789,6.879807337218124,7.365040690577305,7.266301494561045,7.203650169421597,7.16631435623558,6.9659555530442265,6.954056609630209,7.216008060511581,7.505827486304276,7.192662004620691,7.126083309395447,6.5249356769806015,6.909962220031745,7.231854310134958,6.542717019655792,7.305530793818577,6.915529627378728,6.6148653917547,6.694320276885241,8.924481189031017,6.930293587944912,6.988360546210477,,0.1879299949530128,,,,,,,,,,,,,0.1463459789696428,0.1317666470827827,,,0.168560094741959,,,,,0.2759361141625336,,,,,,,,,0.3055453024722732,,,,,,,,,,,,0.325769343134785,0.0360700221604523,,,,,,,,0.1004870368238304,0.4045320357122094,0.5368281128364669,0.3321309588534281,0.3917819998696727,0.3200799230171943,0.2434043582807389,0.2832698986812934,0.3999561475983459,0.2435980783354868,0.3444646499825198,0.3232377337810721,0.4388958686999931,0.3166810278968561,0.2399472642989803,0.4145552809861579,0.2567864389961349,0.384453255668691,0.4812896125607299,0.4169835856304869,0.2758109835888135,0.4085396498579007,0.5634744522992945,0.4492906845772861,0.4908989773923466,0.7598834252434139,0.4051860944882135,0.4345365709552188,0.3407306220971287,0.498593307410498,0.2475793229165563,0.4417305941262768,0.5470756769256474,0.5758944657685746,0.4024529042685245,0.4119479501595788,0.506399011071033,0.4994529322849404,0.4870947658896588,0.6041977084400796,0.3928103738631062,0.5741085245328894,0.2645148050204386,0.6679269979280379,0.6968878536392309,0.7240009110468896,0.5406054728780391,0.3866769350817088,0.6406092889488033,0.4136105908962633,0.6282839095993317,0.6052617087515207,0.6342053883192366,0.2208506338355807,0.5178624754322111,0.5869452863655436,,45.0,,,,,,,,,,,,,45.0,45.0,,,45.0,,,,,45.0,,,,,,,,,45.0,,,,,,,,,,,,45.0,45.0,,,,,,,,45.0,45.0,45.0,45.0,45.0,45.0,45.0,45.0,45.0,45.0,45.0,45.0,45.0,45.0,45.0,45.0,45.0,45.0,45.0,45.0,45.0,45.0,45.0,45.0,45.0,45.0,45.0,45.0,45.0,45.0,45.0,45.0,45.0,45.0,45.0,45.0,45.0,45.0,45.0,45.0,45.0,45.0,45.0,45.0,45.0,45.0,45.0,45.0,45.0,45.0,45.0,45.0,45.0,45.0,45.0,45.0,8.677467791543306,8.800041909407057,8.142455914184891,8.116161727022993,8.192870040888225,7.875704868617739,8.902087058149116,7.529936933692044,7.694318509403456,7.325526672543575,9.737148636665545,8.14753162178453,8.157648109577776,7.992262296702722,8.356454300423463,8.159231610244767,8.011275892989927,8.065812444586166,7.752111364558914,7.9835309123545235,8.177683673559653,7.568505769839381,8.260602891958476,8.220242137916525,8.061189242202824,8.147096324798715,7.811958341833282,8.063826394843245,7.913930807605811,9.09770137427094,8.220489860624285,8.380105350138287,8.053009625070993,8.078964703731744,7.89693530256533,7.68082684043758,7.848329602060212,7.866394437734537,8.413576564329915,9.28731302409603,8.155194510341406,8.0462427383848,7.932260555594031,8.565487871540979,8.532455027344055,8.288790874716044,8.14879072113943,8.126708082971017,8.103488685329587,8.110182417452526,8.105604492324328,8.124675893387725,6.037252695327413,7.896631143798432,7.6762557188305856,0.2229076987682929,0.2496145438026122,0.1585805665808542,0.1518926680727334,0.2162295276000779,0.3444993729022701,0.218902246573139,0.2627455959561,0.3894675202931518,0.3847857998764152,0.7158437525306339,0.4762735110242527,0.3729814017706706,0.0761848313988038,0.137174380804776,0.077850856586033,0.2311709699914985,0.2550300313034992,0.212228135578114,0.1086844041822971,0.2334417902669765,0.174771435102118,0.3241889793335062,0.2911011312357178,0.218702148977529,0.2053928448765237,0.4291979745694725,0.1992554066232837,0.1782553906927672,0.2573680140382129,0.2234977001834831,0.3080818417892679,0.2182525269201239,0.2376206277120413,0.2519670525158908,0.1561639431730825,0.1930513645688079,0.1897004683171404,0.2198220716355074,0.3762776322139287,0.1755611511037415,0.2444723262751895,0.5482041229998166,0.0522378930986085,0.04515006209857,0.0427374082682408,0.0515117382415925,0.0511371815458673,0.0488367300352984,0.130677451328134,0.0702696048758774,0.1585534223328808,0.8000914435236558,0.6021563697419023,0.3462982478577969,45.0,45.0,45.0,45.0,45.0,45.0,45.0,45.0,45.0,45.0,45.0,45.0,45.0,45.0,45.0,45.0,45.0,45.0,45.0,45.0,45.0,45.0,45.0,45.0,45.0,45.0,45.0,45.0,45.0,45.0,45.0,45.0,45.0,45.0,45.0,45.0,45.0,45.0,45.0,45.0,45.0,45.0,45.0,45.0,45.0,45.0,45.0,45.0,45.0,45.0,45.0,45.0,45.0,45.0,45.0,,,,,,
WG,2,Lower Photic,,8.513500000000002,,,,,,,,,,,,,8.599,8.74,,,8.674,,,,,8.597,,,,,,,,,8.413,,,,,,,,,,,,9.191600206827491,8.805254868852725,,,,,,,,8.759699353237163,8.845156362447568,8.6412025873534,8.209760356480901,8.665521318729677,8.159625404180641,8.491738404416168,8.49752288097419,8.568627280909777,8.282729977214085,8.722138085666506,8.154180453383793,8.038677416258512,8.066790301588194,7.685825209968283,7.796410817047748,8.186307825278222,7.961944237099165,7.907306151917351,8.083289881933986,7.06333559283302,8.194097962312876,8.584391392089097,8.552487291354534,8.633565278346717,7.789507138322492,7.772596391364109,7.423299336426488,8.07756336471791,8.275466167895365,8.059082955148689,8.401130661935873,8.300547438249717,7.991709997366965,7.208526638952037,7.911610058636538,7.929264915530983,8.06280806522032,8.165926580822862,7.980266685624679,7.925655806855372,8.398946736700506,8.29436370285861,8.02110585439318,8.044298667044782,7.349327423513567,7.6114156353,7.905931835078168,7.573227584378943,8.359110382202845,8.112662221838209,7.84223971389752,7.927354062703438,9.54965185371386,7.6224134940291774,8.223436242749717,,0.0853173089699653,,,,,,,,,,,,,0.0613641227066399,0.1021980647783727,,,0.0377712412645743,,,,,0.0125166555703454,,,,,,,,,0.0133749350984923,,,,,,,,,,,,0.0013061258824322,0.0046639606094917,,,,,,,,0.1312624467964032,0.0680650955970104,0.0368473693846244,0.0408294098623918,0.0272757803771681,0.0557854514727722,0.0716719519944886,0.1092810369319065,0.1664009857237318,0.1819507745146857,0.1827843217123646,0.1097720807109008,0.1540073341728719,0.2104461094538051,0.1776277424398648,0.1809144109051762,0.1328961857870445,0.1849363823545095,0.0552787110187125,0.0413894251587651,0.0616724167947348,0.0419442854614774,0.0130787197546592,0.0114140833794226,0.0282503223233886,0.0889003043404318,0.1218487364824825,0.2459158110737263,0.1789163467513709,0.1764536725604254,0.0923225767308213,0.0057968285404286,0.0076165118887869,0.0057290974125695,0.0124207441770363,0.0278147835545343,0.0701500716631008,0.1325369795486159,0.1303698918628948,0.0890464633235904,0.0919915262843212,0.0925271205814819,0.0802071910400082,0.0385116367100438,0.0473178164140391,0.0990574331783345,0.0498434709723048,0.1053157891907283,0.1679389309761989,0.2547667924876158,0.1676292344451978,0.1266630329240412,0.1139135173616842,0.1099190507671869,0.0614631793418566,0.1142959657159966,,10.0,,,,,,,,,,,,,10.0,10.0,,,10.0,,,,,10.0,,,,,,,,,10.0,,,,,,,,,,,,10.0,10.0,,,,,,,,10.0,10.0,10.0,10.0,10.0,10.0,10.0,10.0,10.0,10.0,10.0,10.0,10.0,10.0,10.0,10.0,10.0,10.0,10.0,10.0,10.0,10.0,10.0,10.0,10.0,10.0,10.0,10.0,10.0,10.0,10.0,10.0,10.0,10.0,10.0,10.0,10.0,10.0,10.0,10.0,10.0,10.0,10.0,10.0,10.0,10.0,10.0,10.0,10.0,10.0,10.0,10.0,10.0,10.0,10.0,10.0,9.018928571428573,9.16,8.655000000000001,8.607000000000001,9.044,9.011,9.010000000000002,10.57,8.689538461538461,8.588000000000001,11.148,8.652000000000001,8.384,8.224,8.611,8.535,8.663,8.734,8.134,8.851999999999999,8.593,7.763,8.602,8.419,8.255,8.478,8.293999999999999,8.542000000000002,8.516,9.791,8.992,8.997,8.284,8.298999999999998,8.159,7.923999999999999,8.147,8.136,8.992,9.663,9.033,8.925999999999998,8.589,8.688189376355597,8.68354576993531,8.50623490160192,8.405504658526501,8.39188942455836,8.598498818166897,8.741006905752704,8.647430481846197,8.954491502335165,6.681804997894273,8.519452670754657,8.14024497401221,0.023788681353623,0.0429469957557503,0.0052704627669471,0.0678314905564598,0.2099312056629774,0.0685484419143781,1.872444516574241e-15,1.4734539920427332,0.0538805750786743,0.1157391703597165,0.0654556677793792,0.0063245553203366,0.0189736659610106,0.0512510162500869,0.0307137319994386,0.0922857879993808,0.0249666444147652,0.0877116487892764,0.0818127944354264,0.1035803499168104,0.0082327260234854,0.011595018087284,0.0139841179756021,0.0299814757623583,0.0271825107171662,0.1295119042147606,0.1669464318609745,0.1603329868326121,0.0648416875508685,0.1096914865530693,0.0500666222813828,0.0094868329805049,0.0164654520469717,0.0073786478737267,0.0207899548393501,0.0397771570404701,0.0887004948000725,0.0989051172701505,0.0927122190196932,0.1478775769945458,0.2062388044099473,0.0427395211328656,0.0031622776601683,0.0070051883096181,0.0481152808163665,0.0594385306040004,0.1040289456172805,0.0878168530487265,0.1912000503218709,0.0672451911967935,0.1317320022623637,0.0653643604212796,0.0532499290324924,0.0231674023159788,0.0803073302080617,10.0,10.0,10.0,10.0,10.0,10.0,10.0,10.0,10.0,10.0,10.0,10.0,10.0,10.0,10.0,10.0,10.0,10.0,10.0,10.0,10.0,10.0,10.0,10.0,10.0,10.0,10.0,10.0,10.0,10.0,10.0,10.0,10.0,10.0,10.0,10.0,10.0,10.0,10.0,10.0,10.0,10.0,10.0,10.0,10.0,10.0,10.0,10.0,10.0,10.0,10.0,10.0,10.0,10.0,10.0,,,,,,
WG,3,Mid-Depth,,8.680000000000001,,,,,,,,,,,,,8.715,8.943999999999999,,,8.708,,,,,8.646,,,,,,,,,8.441999999999998,,,,,,,,,,,,9.193047125651088,8.80870402539904,,,,,,,,9.008427667065387,8.937426442363133,8.520287914546937,8.300986867478812,8.779690753113332,8.461292977982193,8.741453591997784,8.83936611398773,8.803504188748766,8.692933606072902,8.89230502750489,8.529047027373851,8.744103947630611,8.701417776233553,8.212723151675192,8.249866307066606,8.163620243498894,8.407395839609755,8.295228433579396,8.381011983755988,7.023097365873913,8.514308272782097,8.625507817582053,8.629722610042215,8.717519427792519,8.363169561028341,8.468571358014142,7.987918417935395,8.421998204950949,8.778721303344213,8.48177146773552,8.309365851709847,8.500517431705495,8.260942547438685,7.184970355853496,8.210337938033438,8.342893220772613,8.49039983109451,8.517802182735585,8.45855868169286,8.366625426167506,8.748367715445616,8.357656131808561,8.289093801489392,8.25348453561931,7.6756751317400305,8.1688882982,8.370223012371095,7.981458922775817,8.656082157678362,8.463744779329735,8.326758118019132,8.132878302588614,9.634093778512971,8.403934746511464,8.524819796654207,,0.0126491106406734,,,,,,,,,,,,,0.032058973436119,0.013498971154211,,,0.0282055944017417,,,,,0.0201108041719978,,,,,,,,,0.0103279555898865,,,,,,,,,,,,0.0025637709641146,0.0068612928527723,,,,,,,,0.0427852494200155,0.0072203169237558,0.0377241195086288,0.0707309495158663,0.0381269499465531,0.128237989006727,0.0428381934245538,0.034417832471149,0.0021493166502809,0.1027275268930397,0.0118003203261698,0.1004868413090249,0.1027233353937478,0.07139771381778,0.2022791091158086,0.2132775027548598,0.0849376018988453,0.2567267515436481,0.2627613297322764,0.2040265106187357,0.1592757818317432,0.1820014759220315,0.0162358569046588,0.0262592526198151,0.0127148977346355,0.2832237189942011,0.1675257260541256,0.1343346665775963,0.1075043573547813,0.1043736283817683,0.116650579564677,0.0595254994663628,0.1124459602434322,0.1644911606311168,0.005660804065416,0.2023547340158093,0.2496084274763724,0.245211262951161,0.1636082110694937,0.2583091205264783,0.2189825752413839,0.0929241946243158,0.0118841806956697,0.1653132202091304,0.1640331101160137,0.2859357036849106,0.3016748433742147,0.2022256733906767,0.2003224604818567,0.0257500298368597,0.0861905882942705,0.1017646146850485,0.2469159503900893,0.0349130116037527,0.3343451276827321,0.0668937616699989,,10.0,,,,,,,,,,,,,10.0,10.0,,,10.0,,,,,10.0,,,,,,,,,10.0,,,,,,,,,,,,10.0,10.0,,,,,,,,10.0,10.0,10.0,10.0,10.0,10.0,10.0,10.0,10.0,10.0,10.0,10.0,10.0,10.0,10.0,10.0,10.0,10.0,10.0,10.0,10.0,10.0,10.0,10.0,10.0,10.0,10.0,10.0,10.0,10.0,10.0,10.0,10.0,10.0,10.0,10.0,10.0,10.0,10.0,10.0,10.0,10.0,10.0,10.0,10.0,10.0,10.0,10.0,10.0,10.0,10.0,10.0,10.0,10.0,10.0,10.0,9.093714285714286,9.378,8.668,8.697,9.408,8.885,9.010000000000002,7.122800000000001,8.491153846153846,9.955,10.7235,8.669999999999998,8.35,8.389,8.719000000000001,8.693000000000001,8.721,8.861999999999998,8.064,8.963000000000001,8.61,7.796000000000001,8.651,8.573,8.293999999999999,8.791000000000002,8.628000000000002,8.734,8.572,9.898,9.063,9.029,8.302000000000001,8.325,8.244,8.081,8.39,8.402,9.205000000000002,10.132,9.152,8.953000000000001,8.622,8.822559694201512,8.913084795984542,8.744980623013436,8.755889609679269,8.80778260868384,8.781321852197678,8.854244274579527,8.860706455389023,9.00766368358028,7.245847279939471,8.573959834267024,8.524301122848332,0.0196512968881886,0.0404969134626331,0.0042163702135577,0.0115950180872842,0.0573100728008998,0.0880971685760167,1.872444516574241e-15,0.7815273934205165,0.0675398925144826,1.161065124022861,0.5722749166676043,0.0105409255338943,0.0194365063161509,0.0223358207570015,0.0280673792466946,0.0391719854544601,0.0099442892601177,0.0239443799947574,0.0683455273672762,0.0067494855771057,0.0115470053837926,0.0150554530541815,0.0321282153600573,0.039454615277134,0.0330655913803659,0.0450801754901443,0.0078881063774666,0.0117378779077724,0.0078881063774659,0.0103279555898862,0.0258413965910857,0.0152388392675501,0.0063245553203369,0.0126929551764395,0.0271620650499509,0.0354181372243718,0.0230940107675852,0.0428952211790545,0.0184089350286458,0.1021763181955582,0.0122927259430569,0.0048304589153972,0.01549193338483,0.0600854083312457,0.0568418467471205,0.0536528142244729,0.0763403109822106,0.0955730273079045,0.0019036010665287,0.0191167348417312,0.0193691850024768,0.0143404616892191,0.3597768453710233,0.0055645865783556,0.167165428404921,10.0,10.0,10.0,10.0,10.0,10.0,10.0,10.0,10.0,10.0,10.0,10.0,10.0,10.0,10.0,10.0,10.0,10.0,10.0,10.0,10.0,10.0,10.0,10.0,10.0,10.0,10.0,10.0,10.0,10.0,10.0,10.0,10.0,10.0,10.0,10.0,10.0,10.0,10.0,10.0,10.0,10.0,10.0,10.0,10.0,10.0,10.0,10.0,10.0,10.0,10.0,10.0,10.0,10.0,10.0,,,,,,
WG,4,Surface,,8.667,,,,,,,,,,,,,8.741,8.969999999999999,,,8.883,,,,,8.654,,,,,,,,,8.457000000000003,,,,,,,,,,,,9.188646601515742,8.806040040315121,,,,,,,,9.138806955172909,8.985271202143707,8.303065721334471,8.571286853710538,8.902478246741978,8.798153417690846,8.84497714797563,8.917858428373615,8.842034298712592,8.802644649377635,8.933486518842503,8.677658552477151,8.8124337934006,8.757032901888799,8.545085855216316,8.566773074663923,7.714140819645541,8.781402452356733,8.70231031477591,8.715629423090268,6.997165560776551,8.801249428853644,8.680584282638547,8.673562904738992,8.746356567651521,8.825553189791135,8.739777877553797,8.690364522263575,8.196666626045474,8.863202158817804,8.607801536250866,8.115892792607697,8.623081658630095,8.391703695155822,7.1986536395446326,8.656088695601358,8.71959278048529,8.827581182242609,8.740346535250195,8.740958363619107,8.537675544295027,8.85473280522365,8.19861374790744,8.398409873892513,8.477310471684161,7.940843013756075,8.5623170498,8.733216583034089,8.314704991407893,8.627845232820892,8.517386237579199,8.464826078296005,8.50477034953144,9.354221576663708,8.421613848181227,8.664454196651231,,0.0038005847503302,,,,,,,,,,,,,0.0251440295541946,0.0230940107675852,,,0.0811103500725331,,,,,0.0602218122167264,,,,,,,,,0.0466785699104943,,,,,,,,,,,,0.0013698834002228,0.0052062688200921,,,,,,,,0.0640959489185781,0.0341090086681627,0.1824726065879733,0.0474569026844481,0.0262632937998171,0.059159975066807,0.0299459663616133,0.0289463153905337,0.0175094817287018,0.0041879103355231,0.0139120875111186,0.0150218242871121,0.0118773276006539,0.0067053919599613,0.0286771179045187,0.0255457794105172,0.2047811120330829,0.0141049777314135,0.0154741337681828,0.0226519497721524,0.1446414411805072,0.0119743269137292,0.0229239450501339,0.0113979937349288,0.0149300756584346,0.0112754048026902,0.0207173535822236,0.189632759807669,0.1530439322439505,0.0050287087489613,0.0235942628439157,0.0395275685237133,0.0321978400161224,0.0102260650872913,0.0480211591760275,0.030923268847847,0.0145520728769089,0.0312335354104867,0.02109257893375,0.0234422822259309,0.0662937904809018,0.014031701097357,0.1029626611856677,0.0601070473902691,0.014206879198537,0.0740762446521474,0.012836888907625,0.0523153723886302,0.0616684951994913,0.0509396181265419,0.0066145787305378,0.0173302098947603,0.1511526996243465,0.1166637381236794,0.2030882464659021,0.0176644631153446,,10.0,,,,,,,,,,,,,10.0,10.0,,,10.0,,,,,10.0,,,,,,,,,10.0,,,,,,,,,,,,10.0,10.0,,,,,,,,10.0,10.0,10.0,10.0,10.0,10.0,10.0,10.0,10.0,10.0,10.0,10.0,10.0,10.0,10.0,10.0,10.0,10.0,10.0,10.0,10.0,10.0,10.0,10.0,10.0,10.0,10.0,10.0,10.0,10.0,10.0,10.0,10.0,10.0,10.0,10.0,10.0,10.0,10.0,10.0,10.0,10.0,10.0,10.0,10.0,10.0,10.0,10.0,10.0,10.0,10.0,10.0,10.0,10.0,10.0,10.0,9.0625,9.455000000000002,8.745271018062347,8.709965250473754,9.021000000000004,8.516,9.010000000000002,10.039200000000005,8.281307692307692,11.499,9.724,8.644000000000002,8.416,8.443000000000001,8.743999999999998,8.746,8.762,8.914,8.031,8.979,8.649000000000001,7.892,8.695000000000002,8.619,8.483,8.836000000000002,8.658,8.739,8.600999999999999,9.952,9.041,9.072,8.314999999999998,8.35,8.294,7.968999999999999,8.328999999999999,8.427000000000001,9.272000000000002,10.289,9.133,8.958,8.639999999999999,8.911778057932503,8.964204625164797,8.812434306790236,8.834800176722519,8.894922060266014,8.787404465083487,8.931597092936489,8.872369894426654,9.0904325552463,7.504081051502486,8.60301409535794,8.810272733010722,0.0948346514261067,0.0983474566128798,0.1355085637575192,0.0412722796736904,0.1403527302509253,0.1345114617173322,1.872444516574241e-15,1.1441216718513811,0.0579714613866661,1.944636212765771,0.2138747470072321,0.0157762127549323,0.0356526452189893,0.0371333931776896,0.0359629438913629,0.0908233939516071,0.0388158043413587,0.0455094617756692,0.0626187760269321,0.0056764621219753,0.0706242010770937,0.1276105185493909,0.0158113883008421,0.0317804971641413,0.1620733715876167,0.070111023067386,0.0278088714861521,0.0395671019352638,0.0580134084118106,0.0454116969758039,0.1006037330873512,0.054731668671397,0.0838318422663957,0.0094280904158204,0.0839576612876327,0.0833266663999787,0.0641958807955082,0.0275075747143701,0.1197033369998046,0.1863360166771608,0.0141813649241218,0.0091893658347273,0.019436506316151,0.0157768013076107,0.0007605179940689,0.0133816320518706,0.0062101102105445,0.0132894932300278,0.0072094529705025,0.0662300854902499,0.0226290909684948,0.0398654031207768,0.0978630226074034,0.009929124371804,0.0112243990505999,10.0,10.0,10.0,10.0,10.0,10.0,10.0,10.0,10.0,10.0,10.0,10.0,10.0,10.0,10.0,10.0,10.0,10.0,10.0,10.0,10.0,10.0,10.0,10.0,10.0,10.0,10.0,10.0,10.0,10.0,10.0,10.0,10.0,10.0,10.0,10.0,10.0,10.0,10.0,10.0,10.0,10.0,10.0,10.0,10.0,10.0,10.0,10.0,10.0,10.0,10.0,10.0,10.0,10.0,10.0,,,,,,
WP,0,depth_group,,,,,,,,,,,,,,,,,,,,,,,,,,,,,,,,,,,,,,,,,,,,,,,,,,,,,,,,,,,,,,,,,,,,,,,,,,,,,,,,,,,,,,,,,,,,,,,,,,,,,,,,,,,,,,,,,,,,,,,,,,,,,,,,,,,,,,,,,,,,,,,,,,,,,,,,,,,,,,,,,,,,,,,,,,,,,,,,,,,,,,,,,,,,,,,,,,,,,,,,,,,,,,,,,,,,,,,,,,,,,,,,,,,,,,,,,,,,,,,,,,,,,,,,,,,,,,,,,,,,,,,,,,,,,,,,,,,,,,,,,,,,,,,,,,,,,,,,,,,,,,,,,,,,,,,,,,,,,,,,,,,,,,,,,,,,,,,,,,,,,,,,,,,,,,,,,,,,,,,,,,,,,,,,,,,,,,,,,,,,,,,,,,,,,,,,,,,,,,,,,,,,,,,,,,,,,,,,,,,,,,,,,,,,,,,,,,,,,,,,,,,,,,,,,,,,,,,,,,,,,,,,,,,,,,,,,,,,,,,,,,,,,,,,,,,,,,,,,,
WP,1,Deep,,8.16093792737654,8.236051220089548,,7.949897358860165,,8.96284680016358,7.831138182511858,8.9285773621602,10.35109082853048,8.151254709103906,,8.107080434767513,8.427080561771378,8.445594174741947,8.332374999999999,8.077233473335033,8.243498078073154,8.046731281869803,7.914764661150396,,7.52385861502746,7.893810380521401,,,8.076926350664271,8.052420236022828,8.136829424359568,,,,,8.061606621743596,,,,7.971490454301453,9.089427500765217,7.850938934899532,8.449307461352186,9.495071148671665,8.195025087155267,8.093634394037249,8.409884188550608,9.004585792364804,8.579603925501315,8.485030378760866,8.358310070366995,8.047821449264196,8.072395852791024,8.053908711367276,8.0778108793543,7.987823086912596,,,8.19856773301055,7.958400197864933,8.185871312298804,8.119552819922802,8.245538269105575,8.125051335716865,7.860425043789866,7.876533279196076,8.030429950290683,7.799302884455501,,,,7.1455814818224495,7.936663307276885,6.969973307367847,7.065398470724577,5.551009665692193,7.733952337384229,7.951163603306646,7.679565674738462,7.895199824552437,8.378227971603803,7.473415375183037,7.198792419077583,6.389400743775851,7.186604088430004,7.266935751385697,7.265891854568729,7.893334985897479,7.453767332856756,7.619737442973404,7.711384415945051,7.443465919171425,7.741107195474982,7.345172028945312,7.194308347004302,6.6932262941772205,7.107682157888843,7.09874240815194,7.782565365588235,7.456796406034021,7.286274824106728,6.8312014970184425,7.055690227053697,7.275050579943269,6.137143947971338,7.163959725049907,6.647435319170005,5.451081010071136,5.755714726445489,8.94872981346169,6.54263105140533,7.685099094068968,,0.1496350978778939,0.165394709675546,,0.1499362720639836,,0.2065824012737927,0.3480914882584974,0.4114899610034183,0.6443399838664684,0.2790895365549723,,0.0559042181667294,0.1036659085093357,0.155256767904671,0.0839222110051922,0.1320957952744064,0.109999921040868,0.1323512778247,0.0681414450711815,,0.1945371979043848,0.0735894942511281,,,0.0678174842099787,0.0608174127448738,0.0886346631343626,,,,,0.1988906392187948,,,,0.0578246428808413,0.2314162014019722,0.0656118674505668,0.1259550956208739,0.36324174196058,0.1093125039942818,0.2063467708202862,0.24497532769767,0.2170624227005035,0.2045591968287273,0.1193248131981371,0.0882698034374246,0.0758451605204821,0.0564508003132302,0.0465797275796029,0.1312185697039362,0.1020420394810744,,,0.2556535754047649,0.0937920852895388,0.1032175261466773,0.1668757814189367,0.1884032079456805,0.1316980250560536,0.1514763849665804,0.1448693170546795,0.1491384274799873,0.2359712838423238,,,,0.200988462952413,0.1611767181307836,0.1658222487931751,0.1904931354406393,0.7048692949532112,0.307574789233601,0.183223685024347,0.1661909328865441,0.1640351952358723,0.238363264595169,0.2360494391689271,0.096940764260563,0.3189062594516053,0.1455609742013527,0.1049893337521976,0.1488732691603391,0.2536159543709148,0.2329928561107613,0.16888161973518,0.1218469673183283,0.099253536936057,0.0964548098237422,0.1384811533306672,0.1159741946534536,0.1926072732343009,0.1430041321031826,0.2580825717135205,0.22162187697111,0.3177733301061804,0.1866658089086239,0.2164755633803655,0.1186838039765198,0.1705072717316167,0.3307504847212177,0.1037389581494034,0.193481565527945,0.5138643482183695,0.4345899067081786,0.2414007261100619,0.4390603646268662,0.2743913415775375,,28.0,28.0,,28.0,,28.0,28.0,28.0,28.0,28.0,,28.0,28.0,28.0,28.0,28.0,28.0,28.0,28.0,,28.0,28.0,,,28.0,28.0,28.0,,,,,28.0,,,,28.0,28.0,28.0,28.0,28.0,28.0,28.0,28.0,28.0,28.0,28.0,28.0,28.0,28.0,28.0,28.0,28.0,,,28.0,28.0,28.0,28.0,28.0,28.0,28.0,28.0,28.0,28.0,,,,28.0,28.0,28.0,28.0,28.0,28.0,28.0,28.0,28.0,28.0,28.0,28.0,28.0,28.0,28.0,28.0,28.0,28.0,28.0,28.0,28.0,28.0,28.0,28.0,28.0,28.0,28.0,28.0,28.0,28.0,28.0,28.0,28.0,28.0,28.0,28.0,28.0,28.0,28.0,28.0,28.0,,,,,,8.971459266883013,,,,,,,8.37763690751375,,,8.234239781937758,,,,7.9265594082732544,8.092026867320463,,,,7.673873627137024,,,,7.865535342094433,9.178428730654009,8.252464285714286,8.392517701142518,8.13919509049759,8.20808419796773,8.099440738127086,,,,,,,,,8.457628703395462,,,,,,,,,7.337198524494929,7.844462003667382,,,,,,,0.2039383903473191,,,,,,,0.0892553417613888,,,0.1507623606228156,,,,0.1370642298934663,0.2225900733435627,,,,0.069605940991792,,,,0.0981491730544154,0.2928276955762451,0.1281508029895961,0.2552441157255751,0.061875329867775,0.0759317245821491,0.0694532141708435,,,,,,,,,0.1141540368824196,,,,,,,,,0.2158713562367874,0.1385234969554087,,,,,,,28.0,,,,,,,28.0,,,28.0,,,,28.0,28.0,,,,28.0,,,,28.0,28.0,28.0,28.0,28.0,28.0,28.0,,,,,,,,,28.0,,,,,,,,,28.0,28.0,,7.858827659275434,8.486984527923811,0.1157576304029757,0.1467236553508716,28.0,28.0
WP,2,Lower Photic,,8.512,8.652,,8.548,,9.010000000000002,8.204,9.786,11.351,8.501,,8.166,8.489999999999998,8.687,8.636999999999997,8.549000000000001,8.716999999999999,8.551999999999998,8.206999999999997,,7.69,7.921000000000001,,,8.221999999999998,8.322000000000001,8.391,,,,,8.257,,,,7.997,9.215,7.949,8.870999999999999,10.091,8.955000000000002,8.853000000000002,8.556000000000001,9.088707516963948,8.69636047333123,8.589881152643118,8.653402575995491,8.351329169402158,8.291975320847039,8.498309776395423,8.626030784712492,8.482720563610966,,,8.551255933257334,8.03647423267722,8.30414511984478,8.285193113188356,8.488480515209684,8.39470968061135,8.268176335166682,8.386934470108878,8.48619749763271,7.989380231312367,,,,7.772678255664618,8.449858988372043,7.535735213893584,7.549528878267803,6.515252054110206,7.941804143955048,8.137869551493136,7.761806480339788,8.08764893687888,8.582669369316523,7.779917348788848,7.577034676005442,7.193901934053217,7.7707030276578495,7.7775448304235155,7.77202378887322,8.275957148658756,7.763232837164061,7.754240072561595,7.792182193302333,7.582634204995128,7.8960728500494355,7.81355063793178,7.689375879207918,7.283354392140595,7.627381087038704,7.749102208109035,8.360078342180962,7.89088276104169,7.745989750590198,6.769869169508317,7.30502098183381,7.744456763859162,6.525486510605562,7.622933937475508,7.206548565473485,6.046700034447917,6.557268623748979,9.617781238995851,6.858962910523968,8.005755498234581,,0.0421109645262768,0.0361478445646024,,0.2003219630716737,,1.872444516574241e-15,0.8574406361051734,0.0801664934163063,0.0815747782371758,0.0196920739836554,,0.0177638834592985,0.0124721912892462,0.0240601099101581,0.0871843512971861,0.0877433125023718,0.1071914175668929,0.0970452357294152,0.0620125435339942,,0.0081649658092774,0.0119721899973785,,,0.0886691728969102,0.1273490391710033,0.1601700485248238,,,,,0.0149443411809729,,,,0.0221359436211783,0.0359783885748715,0.0591514064827616,0.1201341842367204,0.1195779615518214,0.1205773149845728,0.0221359436211789,0.0051639777949431,0.0331157986782941,0.0055435618609077,0.0061385431628294,0.0788179154832924,0.0723056020709243,0.0675789276911938,0.218369705985601,0.0761824920755706,0.1535968968261774,,,0.0185656522193091,0.0153796995806496,0.0290714779821677,0.0136538148052067,0.0601224928146365,0.132663233659563,0.1961208832512357,0.0747349175350783,0.1371442291799524,0.0427481233637075,,,,0.2230746320505517,0.1466173336792872,0.2008126849696905,0.0290248817237933,0.2145259398257377,0.0224045613013406,0.0203158087338193,0.0177914332986916,0.0286293716542333,0.025972330534869,0.081924712735268,0.1984984893882159,0.2373717058359269,0.1316307315226394,0.1781190264959319,0.0282204136160127,0.0497551110185215,0.0509704876927614,0.0387985113634705,0.0127776754313338,0.0493024788965554,0.0582895987605234,0.1441004591603242,0.0743164251697917,0.1674842290960724,0.10180083992903,0.1270095364826269,0.0606988118103862,0.0809228131746233,0.0786386423936219,0.0813572163468945,0.0855721617750594,0.0868206052124397,0.2205270643724476,0.198350947743894,0.2695945692720022,0.2489312273694182,0.34445344164699,0.1186237096404418,0.085525479074962,0.0333009378697333,,10.0,10.0,,10.0,,10.0,10.0,10.0,10.0,10.0,,10.0,10.0,10.0,10.0,10.0,10.0,10.0,10.0,,10.0,10.0,,,10.0,10.0,10.0,,,,,10.0,,,,10.0,10.0,10.0,10.0,10.0,10.0,10.0,10.0,10.0,10.0,10.0,10.0,10.0,10.0,10.0,10.0,10.0,,,10.0,10.0,10.0,10.0,10.0,10.0,10.0,10.0,10.0,10.0,,,,10.0,10.0,10.0,10.0,10.0,10.0,10.0,10.0,10.0,10.0,10.0,10.0,10.0,10.0,10.0,10.0,10.0,10.0,10.0,10.0,10.0,10.0,10.0,10.0,10.0,10.0,10.0,10.0,10.0,10.0,10.0,10.0,10.0,10.0,10.0,10.0,10.0,10.0,10.0,10.0,10.0,,,,,,9.015,,,,,,,8.401,,,8.537,,,,8.716999999999999,8.358999999999998,,,,7.703,,,,8.311000000000002,9.73,8.761,8.851999999999999,8.171000000000001,8.257,8.190999999999999,,,,,,,,,8.510502653251184,,,,,,,,,7.778533276439569,7.618592061932939,,,,,,,0.0158113883008421,,,,,,,0.007378647873726,,,0.0547823978218467,,,,0.1918940679993348,0.0087559503577089,,,,0.051434964329292,,,,0.0398469293393827,0.0998888270918113,0.0948038911531474,0.0042163702135577,0.0110050493461458,0.0067494855771053,0.0099442892601176,,,,,,,,,0.0174476219495731,,,,,,,,,0.0205046952503993,0.1166624140163107,,,,,,,10.0,,,,,,,10.0,,,10.0,,,,10.0,10.0,,,,10.0,,,,10.0,10.0,10.0,10.0,10.0,10.0,10.0,,,,,,,,,10.0,,,,,,,,,10.0,10.0,,8.200243818058953,8.494,0.066048730788384,0.0231900361745676,10.0,10.0
WP,3,Mid-Depth,,8.569999999999999,8.686000000000002,,8.864,,9.010000000000002,7.075,9.831,11.184,8.512,,8.294,8.571000000000002,8.77,8.931999999999999,8.655999999999999,8.846,8.815,8.363,,7.718999999999999,7.910000000000001,,,8.535,8.553999999999998,8.707999999999998,,,,,8.317000000000002,,,,8.064999999999998,9.329,8.072999999999999,9.004999999999999,10.339,9.071000000000002,8.895000000000001,8.56,9.181070438907732,8.704093444818517,8.640637772386473,8.826137754713352,8.576368918634198,8.666317095172564,8.74393701547463,8.76208359220876,8.737731318868269,,,8.57119668789667,8.142812422846067,8.376567205202814,8.42174500527983,8.72455585456172,8.751362244075677,8.603632124966579,8.541702004525089,8.77366240966847,8.109882564148846,,,,8.180328911655218,8.676778144655142,7.930236757276904,7.700514563457121,7.312878506078178,7.992688139099505,8.237163864928105,7.865764584914811,8.361304320894723,8.71108586870821,8.249429623245893,8.146281636142826,8.078338292682659,7.958723192186921,8.279761224915433,7.84887231664001,8.36712080578172,7.967725949419207,8.008406118152921,7.803439569747947,7.73734038247463,8.135462805674244,8.150690688247376,7.926576482073986,7.567825756176157,7.856010920425765,8.023020967196901,8.505597315819637,8.05279066760023,7.956660160779362,7.121286177745944,7.663771283782045,7.943237515766981,7.054956729649808,8.056076412880683,7.95017448200546,6.395345896221915,7.221068405285015,9.857157168634323,6.888121981962115,8.102787828351005,,1.872444516574241e-15,0.0051639777949431,,0.0380642731296539,,1.872444516574241e-15,0.225844095684513,0.0443345864484557,0.0757481206220837,0.0063245553203366,,0.0591044273581372,0.0422821212544706,0.0286744175568085,0.026997942308422,0.0150554530541812,0.0231900361745679,0.1058562967213362,0.0691295080908933,,0.0144913767461895,0.0094280904158206,,,0.0488193950529228,0.0157762127549324,0.0311982905514603,,,,,0.0266874918683307,,,,0.0190029237516524,0.0152388392675496,0.0245175673979108,0.0097182531580752,0.0321282153600573,0.0196920739836557,0.0212132034355962,0.0,0.0172020040874626,0.0151086468295726,0.0369767081284593,0.0306804538724578,0.0571442173600439,0.1215974706185172,0.0142615943254398,0.0272803914623572,0.0284643446080266,,,0.008697131721332,0.0684535076343552,0.0192020305463425,0.1003260485423054,0.0626511631279656,0.0386308307218245,0.0309060964235177,0.0681178545352371,0.0596611638017869,0.0396326462933416,,,,0.1532640096711248,0.0433802702321488,0.1300591158207442,0.1016860874787004,0.2235461988470471,0.0292521323277608,0.0858241840616211,0.1262068741098854,0.0914144758446169,0.0346911416377474,0.1433389764599915,0.1803166922445196,0.4498136451543758,0.074076565734437,0.2116995960503507,0.0387083537523782,0.0512707964755204,0.0998031439677437,0.0780563755543,0.0106402967194236,0.0412284478027708,0.0548421327734612,0.0899625288077312,0.126507422967581,0.0558175796495646,0.045974695733736,0.1428830496147506,0.0365806766525236,0.0479163641724375,0.049683879137902,0.1663853436582398,0.1434816576146322,0.1407633820940481,0.1410631880230001,0.1154736744419736,0.10508311425641,0.2274867282766561,0.2472397310422384,0.0387037382723431,0.1290643266694892,0.0827850057179219,,10.0,10.0,,10.0,,10.0,10.0,10.0,10.0,10.0,,10.0,10.0,10.0,10.0,10.0,10.0,10.0,10.0,,10.0,10.0,,,10.0,10.0,10.0,,,,,10.0,,,,10.0,10.0,10.0,10.0,10.0,10.0,10.0,10.0,10.0,10.0,10.0,10.0,10.0,10.0,10.0,10.0,10.0,,,10.0,10.0,10.0,10.0,10.0,10.0,10.0,10.0,10.0,10.0,,,,10.0,10.0,10.0,10.0,10.0,10.0,10.0,10.0,10.0,10.0,10.0,10.0,10.0,10.0,10.0,10.0,10.0,10.0,10.0,10.0,10.0,10.0,10.0,10.0,10.0,10.0,10.0,10.0,10.0,10.0,10.0,10.0,10.0,10.0,10.0,10.0,10.0,10.0,10.0,10.0,10.0,,,,,,9.112,,,,,,,8.409,,,8.648,,,,8.943,8.381,,,,7.87,,,,8.376000000000001,9.821,8.870999999999999,8.879000000000001,8.207000000000003,8.278,8.220000000000002,,,,,,,,,8.54932952275322,,,,,,,,,7.772130819019639,7.273635558967169,,,,,,,0.0608824003030981,,,,,,,0.0128668393770789,,,0.0418462795372675,,,,0.0125166555703457,0.0152388392675504,,,,0.0661647774709306,,,,0.0126491106406739,0.0099442892601173,0.0144913767461899,0.009944289260118,0.0245175673979113,0.0154919333848301,0.0066666666666665,,,,,,,,,0.0180860864613972,,,,,,,,,0.0373215806538306,0.1050709304643538,,,,,,,10.0,,,,,,,10.0,,,10.0,,,,10.0,10.0,,,,10.0,,,,10.0,10.0,10.0,10.0,10.0,10.0,10.0,,,,,,,,,10.0,,,,,,,,,10.0,10.0,,8.373181254153582,8.562999999999999,0.0525975406277774,0.0343349514181818,10.0,10.0
WP,4,Surface,,8.556000000000001,8.688804552455554,,8.539999999999997,,9.010000000000002,7.3195,9.661,10.867,8.499,,8.427000000000001,8.647,8.774,8.988,8.692,8.867,9.051,8.748999999999999,,7.775,7.982999999999999,,,8.578000000000001,8.606,8.760000000000002,,,,,8.398,,,,8.152,9.358999999999998,8.184000000000001,9.025,10.371,9.105,8.944999999999999,8.567000000000002,9.306963719106426,8.851125147044062,8.833505673026952,8.89011172679975,8.713900029867423,8.872666709726905,8.787238583813927,8.844043223776023,8.818702189334363,,,8.572200442342917,8.419938411440159,8.476287765220608,8.68740753129411,8.85580255219803,8.847199264753408,8.825514829677326,8.686674040737778,8.885224199106721,8.42839009293899,,,,8.778173245374203,8.813248210223405,8.588388001458416,8.355568704959014,7.693624202962719,8.132340880460868,8.688711420752623,8.027194262967424,8.594334824139926,8.78615473354667,8.753044863989377,8.802821099623369,8.870392364523202,8.416691005070247,8.789718242740403,8.467067711982452,8.628901231332085,8.482565014503441,8.52885469180291,7.853049755332462,7.970435550063131,8.598861810231535,8.755386479483082,8.55198912065489,7.678660874645418,8.345549304084788,8.588689756285651,8.651827971533354,8.437880916820397,8.16241184257605,7.595331075121384,8.157470383791388,8.201406219140015,7.516324199784928,8.400209180944207,8.454466075005291,7.660738048169219,8.094802209524204,10.028574783057426,7.670510927390057,8.453548071584933,,0.0096609178307934,0.032210632209364,,0.1496662954709576,,1.872444516574241e-15,0.6473555179858027,0.0785210516712273,0.1186076632337798,0.0331494930412048,,0.1147025137765806,0.0352924291535107,0.0195505043981534,0.0252982212813469,0.0154919333848298,0.010593499054714,0.0460555220479707,0.1003826014141228,,0.0263523138347366,0.0851208291521857,,,0.0308400893499208,0.0414192655120244,0.024944382578493,,,,,0.0642564307201149,,,,0.0886691728969108,0.0591514064827616,0.1339319893743755,0.0365908306668334,0.2106313261496391,0.0184089350286455,0.015811388300842,0.0105934990547135,0.0554374559723748,0.102664517940021,0.1064648130697115,0.015024680902413,0.0343901924926165,0.0254486322534279,0.0155178907826103,0.0555289642776732,0.0367071275711679,,,4.4978432319843626e-06,0.0458824143877771,0.0458334050386889,0.0622322779007065,0.0159137843381051,0.0317719718820501,0.0535723614011174,0.0301928199961516,0.0321947283451891,0.1231976348746076,,,,0.0499644403030125,0.0202122863073816,0.1165672387888876,0.2599785888864833,0.1389879489823254,0.2372275021438807,0.0461861836381617,0.0871477150551312,0.0680241877060524,0.0128900633199507,0.1733439369935849,0.0153358660129303,0.0199730778871604,0.2971517613280057,0.0488641006045098,0.1919291527946479,0.114282007908933,0.090235732578195,0.1221916824810938,0.022477324594882,0.1188408621738675,0.1400038895919786,0.1420835778098016,0.1138645709568546,0.2525508944151557,0.2266876038119609,0.059129725057505,0.0721085051460766,0.0909058828403501,0.1251183407665714,0.2269785123276993,0.2653970092780437,0.0421697245825379,0.2926965292348609,0.1235729646847329,0.1028112836730334,0.3313900873623313,0.3203927013101754,0.080031463134367,0.350107513552626,0.323173976497922,,10.0,10.0,,10.0,,10.0,10.0,10.0,10.0,10.0,,10.0,10.0,10.0,10.0,10.0,10.0,10.0,10.0,,10.0,10.0,,,10.0,10.0,10.0,,,,,10.0,,,,10.0,10.0,10.0,10.0,10.0,10.0,10.0,10.0,10.0,10.0,10.0,10.0,10.0,10.0,10.0,10.0,10.0,,,10.0,10.0,10.0,10.0,10.0,10.0,10.0,10.0,10.0,10.0,,,,10.0,10.0,10.0,10.0,10.0,10.0,10.0,10.0,10.0,10.0,10.0,10.0,10.0,10.0,10.0,10.0,10.0,10.0,10.0,10.0,10.0,10.0,10.0,10.0,10.0,10.0,10.0,10.0,10.0,10.0,10.0,10.0,10.0,10.0,10.0,10.0,10.0,10.0,10.0,10.0,10.0,,,,,,8.788,,,,,,,8.433,,,8.782,,,,8.969000000000001,8.373000000000001,,,,8.036,,,,8.398,9.841,8.875,8.839000000000002,8.277000000000001,8.347,8.290000000000001,,,,,,,,,8.699494196556127,,,,,,,,,8.368314299501655,6.992814035938378,,,,,,,0.1532463521407423,,,,,,,0.0326768691550735,,,0.07465476095557,,,,0.0128668393770794,0.0411096095821892,,,,0.0636308799946132,,,,0.0244040069569641,0.0344641520681673,0.0126929551764403,0.1028969279316821,0.0469160005873382,0.056578362570077,0.1472714802291631,,,,,,,,,0.1019434436553431,,,,,,,,,0.3238036544836455,0.0726835443381791,,,,,,,10.0,,,,,,,10.0,,,10.0,,,,10.0,10.0,,,,10.0,,,,10.0,10.0,10.0,10.0,10.0,10.0,10.0,,,,,,,,,10.0,,,,,,,,,10.0,10.0,,8.586553146262139,8.685,0.0680926013872174,0.0629373586283306,10.0,10.0
