location,date,depth_group,mean_temp,std_temp,measurement_count
SA,2014-02-18,Surface,20.816331114433734,0.0576223463237014,10
SA,2014-02-18,Mid-Depth,20.603,0.0918997037838297,10
SA,2014-02-18,Lower Photic,20.48,0.008164965809277,10
SA,2014-02-18,Deep,20.441551738464373,0.021829686145224,22
SA,2014-03-26,Surface,22.4,0.17638342073764,10
SA,2014-03-26,Mid-Depth,21.97,0.1828782229912699,10
SA,2014-03-26,Lower Photic,21.520000000000003,0.1398411797560205,10
SA,2014-03-26,Deep,21.01063808710936,0.1519766177576823,22
SA,2014-04-22,Surface,22.303,0.1102572748922566,10
SA,2014-04-22,Mid-Depth,22.048,0.0547316686713963,10
SA,2014-04-22,Lower Photic,21.842,0.1733205123463458,10
SA,2014-04-22,Deep,20.66855098477049,0.2433394620754229,22
SA,2014-05-19,Surface,22.9155,0.1500453635108767,10
SA,2014-05-19,Mid-Depth,22.599,0.047946729699625,10
SA,2014-05-19,Lower Photic,22.4,0.1222929088522946,10
SA,2014-05-19,Deep,20.99924242424242,0.4825592397969599,22
SA,2014-06-24,Surface,23.541,0.0677331364826533,10
SA,2014-06-24,Mid-Depth,23.133,0.1624157901464292,10
SA,2014-06-24,Lower Photic,22.654000000000003,0.1648029125956218,10
SA,2014-06-24,Deep,21.05348484848485,0.4983968768455988,22
SA,2014-07-22,Surface,23.356,0.0201108041719981,10
SA,2014-07-22,Mid-Depth,23.296,0.0107496769977309,10
SA,2014-07-22,Lower Photic,22.997,0.2800813373924717,10
SA,2014-07-22,Deep,21.07992424242424,0.4702758610878146,22
SA,2014-08-12,Surface,23.23,0.042946995755751,10
SA,2014-08-12,Mid-Depth,22.876,0.0681827609362434,10
SA,2014-08-12,Lower Photic,22.722,0.0682804673550371,10
SA,2014-08-12,Deep,21.24153783549198,0.6505748351478247,22
SA,2014-09-08,Surface,23.408,0.0874070935336485,10
SA,2014-09-08,Mid-Depth,23.258,0.0311982905514598,10
SA,2014-09-08,Lower Photic,22.981,0.156236999459155,10
SA,2014-09-08,Deep,21.29742424242424,0.6184439697522678,22
SA,2014-10-07,Surface,23.492,0.0175119007154188,10
SA,2014-10-07,Mid-Depth,23.29,0.0915302014516396,10
SA,2014-10-07,Lower Photic,23.025,0.0600462784488387,10
SA,2014-10-07,Deep,21.421086751556015,0.8009246643235561,22
SA,2014-11-11,Surface,22.344,0.0437670601657863,10
SA,2014-11-11,Mid-Depth,22.249,0.0246981780704566,10
SA,2014-11-11,Lower Photic,22.201,0.0128668393770793,10
SA,2014-11-11,Deep,21.467100365661487,0.5796197229754653,22
SA,2014-12-08,Surface,21.139,0.0031622776601688,10
SA,2014-12-08,Mid-Depth,21.133,0.0048304589153972,10
SA,2014-12-08,Lower Photic,21.131,0.0031622776601688,10
SA,2014-12-08,Deep,21.12462121212121,0.0139151987457148,22
SA,2015-01-13,Surface,20.436,0.011737877907772,10
SA,2015-01-13,Mid-Depth,20.357,0.0419126074906668,10
SA,2015-01-13,Lower Photic,20.237,0.0316403399335577,10
SA,2015-01-13,Deep,20.19439393939394,0.0081251040619374,22
SA,2015-02-10,Surface,20.545,0.1397020639313056,10
SA,2015-02-10,Mid-Depth,20.323,0.009486832980505,10
SA,2015-02-10,Lower Photic,20.225,0.0397911212877112,10
SA,2015-02-10,Deep,20.176893939393945,0.0098170493975768,22
SA,2015-03-10,Surface,20.569,0.0307137319994382,10
SA,2015-03-10,Mid-Depth,20.451,0.0425440947723653,10
SA,2015-03-10,Lower Photic,20.369,0.0196920739836561,10
SA,2015-03-10,Deep,20.305909090909097,0.012212051389271,22
SA,2015-04-14,Surface,22.049,0.2574857061836425,10
SA,2015-04-14,Mid-Depth,21.45,0.0760116950066091,10
SA,2015-04-14,Lower Photic,21.24,0.1042433051407453,10
SA,2015-04-14,Deep,20.531136363636367,0.1633312166720936,22
SA,2015-06-09,Surface,23.843,0.0149443411809734,10
SA,2015-06-09,Mid-Depth,23.772,0.0541192099802733,10
SA,2015-06-09,Lower Photic,22.211,0.7629394908291659,10
SA,2015-06-09,Deep,20.6980303030303,0.2280064491126096,22
SA,2015-07-14,Surface,22.84,0.0188561808316412,10
SA,2015-07-14,Mid-Depth,22.804,0.0150554530541811,10
SA,2015-07-14,Lower Photic,22.655,0.05661762583821,10
SA,2015-07-14,Deep,20.87621212121212,0.4776710424754934,22
SA,2015-08-10,Surface,23.6,0.0583095189484534,10
SA,2015-08-10,Mid-Depth,23.409,0.0846496045800307,10
SA,2015-08-10,Lower Photic,22.787,0.2409725664422769,10
SA,2015-08-10,Deep,21.0689393939394,0.5904956095815317,22
SA,2015-09-09,Surface,23.729000000000003,0.0606355231416913,10
SA,2015-09-09,Mid-Depth,23.603,0.060194130389377,10
SA,2015-09-09,Lower Photic,23.267000000000003,0.2680402125718374,10
SA,2015-09-09,Deep,21.08113636363636,0.6339252426932637,22
SA,2015-10-06,Surface,23.903,0.0801457006540794,10
SA,2015-10-06,Mid-Depth,23.627,0.0654980915752515,10
SA,2015-10-06,Lower Photic,23.235000000000003,0.3080133474741348,10
SA,2015-10-06,Deep,21.183636363636364,0.5988347671963267,22
SA,2015-11-11,Surface,23.53,0.0483045891539654,10
SA,2015-11-11,Mid-Depth,23.5,0.0,10
SA,2015-11-11,Lower Photic,23.41,0.0994428926011754,10
SA,2015-11-11,Deep,21.748565435402423,0.6645395030866185,22
SA,2016-01-19,Surface,21.549,0.0056764621219755,10
SA,2016-01-19,Mid-Depth,21.534,0.0096609178307928,10
SA,2016-01-19,Lower Photic,21.51,0.0047140452079102,10
SA,2016-01-19,Deep,21.36431818181818,0.1963493937234959,22
SA,2016-02-16,Surface,20.9,0.0115470053837929,10
SA,2016-02-16,Mid-Depth,20.811,0.0303498123735738,10
SA,2016-02-16,Lower Photic,20.686,0.038643671323172,10
SA,2016-02-16,Deep,20.638484848484847,0.0105272271193558,22
SA,2016-03-01,Surface,21.147,0.0794494947889682,10
SA,2016-03-01,Mid-Depth,20.798,0.0487168690838531,10
SA,2016-03-01,Lower Photic,20.732,0.004216370213557,10
SA,2016-03-01,Deep,20.64598484848485,0.0357558560375955,22
SA,2016-04-12,Surface,22.469,0.0562632700396588,10
SA,2016-04-12,Mid-Depth,22.258000000000003,0.1126252389317974,10
SA,2016-04-12,Lower Photic,21.311,0.5251550035730189,10
SA,2016-04-12,Deep,20.725151515151516,0.0358970791095921,22
SA,2016-05-17,Surface,23.731,0.0213177026070932,10
SA,2016-05-17,Mid-Depth,23.499,0.1431743304118756,10
SA,2016-05-17,Lower Photic,21.894,0.7959369042553284,10
SA,2016-05-17,Deep,20.83318181818182,0.1157742616201014,22
SA,2016-06-14,Surface,23.969,0.0292308816911918,10
SA,2016-06-14,Mid-Depth,23.884000000000004,0.0330655913803663,10
SA,2016-06-14,Lower Photic,23.028,0.884279995878631,10
SA,2016-06-14,Deep,20.852954545454548,0.1130434338708704,22
SA,2016-07-12,Surface,23.888,0.0063245553203366,10
SA,2016-07-12,Mid-Depth,23.694,0.047888759989514,10
SA,2016-07-12,Lower Photic,22.484,1.0333247311469906,10
SA,2016-07-12,Deep,20.864469696969703,0.0971980283234014,22
SA,2016-08-09,Surface,23.555,0.0808633964713871,10
SA,2016-08-09,Mid-Depth,23.322,0.0575036230742608,10
SA,2016-08-09,Lower Photic,23.053000000000004,0.2252924025941993,10
SA,2016-08-09,Deep,21.07159090909091,0.414221548621014,22
SA,2016-09-06,Surface,23.697,0.0048304589153955,10
SA,2016-09-06,Mid-Depth,23.622,0.0444222166638872,10
SA,2016-09-06,Lower Photic,23.374,0.1231259517729714,10
SA,2016-09-06,Deep,21.13462121212121,0.6091628247372345,22
SA,2016-10-11,Surface,23.465,0.0070710678118649,10
SA,2016-10-11,Mid-Depth,23.409,0.0246981780704569,10
SA,2016-10-11,Lower Photic,23.364,0.0389301368550833,10
SA,2016-10-11,Deep,21.35894400464632,0.8804151545506167,22
SA,2016-11-08,Surface,22.714,0.0107496769977306,10
SA,2016-11-08,Mid-Depth,22.659,0.0321282153600575,10
SA,2016-11-08,Lower Photic,22.597,0.0163639169448448,10
SA,2016-11-08,Deep,21.37280303030303,0.7021270378961897,22
SA,2016-12-05,Surface,21.665000000000003,0.009718253158076,10
SA,2016-12-05,Mid-Depth,21.624,0.0340587727318531,10
SA,2016-12-05,Lower Photic,21.546,0.0217050941281323,10
SA,2016-12-05,Deep,21.409469696969698,0.2010642230465727,22
SA,2017-02-07,Surface,20.512,0.0154919333848297,10
SA,2017-02-07,Mid-Depth,20.504,0.0117378779077734,10
SA,2017-02-07,Lower Photic,20.463,0.0240601099101578,10
SA,2017-02-07,Deep,20.359015151515152,0.0258642114021955,22
SA,2017-03-13,Surface,20.99,0.1001110494512077,10
SA,2017-03-13,Mid-Depth,20.618,0.0549343041985408,10
SA,2017-03-13,Lower Photic,20.538,0.0209761769634029,10
SA,2017-03-13,Deep,20.448181818181816,0.0376558809213826,22
SA,2017-04-18,Surface,21.621,0.0031622776601677,10
SA,2017-04-18,Mid-Depth,21.455,0.1048013994817507,10
SA,2017-04-18,Lower Photic,21.263,0.0892001494767055,10
SA,2017-04-18,Deep,20.57977272727273,0.128234135496339,22
SA,2017-05-16,Surface,22.95,0.0837987005998437,10
SA,2017-05-16,Mid-Depth,22.441,0.249107295044614,10
SA,2017-05-16,Lower Photic,21.528,0.2751484447832958,10
SA,2017-05-16,Deep,20.648030303030303,0.1610470340805665,22
SA,2017-06-13,Surface,23.515,0.0070710678118649,10
SA,2017-06-13,Mid-Depth,23.335,0.0973253421377091,10
SA,2017-06-13,Lower Photic,22.251,0.5808126490817267,10
SA,2017-06-13,Deep,20.717575757575755,0.1960278346993403,22
SA,2017-07-11,Surface,23.498,0.0358391468152416,10
SA,2017-07-11,Mid-Depth,23.262,0.093666073544979,10
SA,2017-07-11,Lower Photic,22.642000000000003,0.3773239103652636,10
SA,2017-07-11,Deep,20.85636363636364,0.3760673122947848,22
SA,2017-08-08,Surface,23.689000000000004,0.0166332999331661,10
SA,2017-08-08,Mid-Depth,23.432,0.207246498429071,10
SA,2017-08-08,Lower Photic,22.146,0.434286131996458,10
SA,2017-08-08,Deep,20.7614393939394,0.2151327235559223,22
SA,2017-09-12,Surface,23.688,0.0103279555898867,10
SA,2017-09-12,Mid-Depth,23.575,0.0938379217350621,10
SA,2017-09-12,Lower Photic,22.954,0.4371930669369975,10
SA,2017-09-12,Deep,20.93454545454546,0.3273119565233094,22
SA,2017-10-12,Surface,23.228,0.0103279555898859,10
SA,2017-10-12,Mid-Depth,23.182,0.0274064063881259,10
SA,2017-10-12,Lower Photic,23.004,0.0356526452189889,10
SA,2017-10-12,Deep,21.053030303030305,0.6033843345021938,22
SA,2017-11-07,Surface,22.895,0.0201384099559907,10
SA,2017-11-07,Mid-Depth,22.808,0.0482585628556105,10
SA,2017-11-07,Lower Photic,22.695,0.0287711275027199,10
SA,2017-11-07,Deep,21.201515151515157,0.6852572430682433,22
SA,2017-12-13,Surface,22.63241002344351,0.0469058590903411,10
SA,2017-12-13,Mid-Depth,22.442656658235443,0.0643129026245657,10
SA,2017-12-13,Lower Photic,21.971324115781748,0.2525333662870695,10
SA,2017-12-13,Deep,20.908685248937186,0.2466676889579127,22
SA,2018-01-11,Surface,20.5202380383076,0.0523422864900172,10
SA,2018-01-11,Mid-Depth,20.436552796366065,0.0405210692563566,10
SA,2018-01-11,Lower Photic,20.332573311857,0.0067562420537518,10
SA,2018-01-11,Deep,20.29292117647401,0.023196631646004,22
SA,2018-02-07,Surface,20.33826735312335,0.0423641148203199,10
SA,2018-02-07,Mid-Depth,20.256593756312583,0.0145164046937346,10
SA,2018-02-07,Lower Photic,20.191629611233147,0.0200171083862614,10
SA,2018-02-07,Deep,20.115812740417397,0.0357233411384328,22
SA,2018-03-13,Surface,20.690840305194644,0.0104325640155073,10
SA,2018-03-13,Mid-Depth,20.46092734295344,0.0852695918460032,10
SA,2018-03-13,Lower Photic,20.34979156229295,0.0170461658180111,10
SA,2018-03-13,Deep,20.27849406022767,0.019199215905279,22
SA,2018-04-10,Surface,21.511399298186973,0.0235055463278359,10
SA,2018-04-10,Mid-Depth,21.22498172447224,0.0685744500898089,10
SA,2018-04-10,Lower Photic,20.939183357766613,0.1737804874985425,10
SA,2018-04-10,Deep,20.39089836215005,0.0793846448473674,22
SA,2018-05-15,Surface,22.710955471453925,0.1060211692708403,10
SA,2018-05-15,Mid-Depth,22.184185827617448,0.2239441673890815,10
SA,2018-05-15,Lower Photic,21.24861990815593,0.2632316300221213,10
SA,2018-05-15,Deep,20.478883309169262,0.1186260396040649,22
SA,2018-06-12,Surface,23.26055297076557,0.002372867660215,10
SA,2018-06-12,Mid-Depth,23.17331601919259,0.1170970905149213,10
SA,2018-06-12,Lower Photic,21.71986499259691,0.4588262040528296,10
SA,2018-06-12,Deep,20.56912464818173,0.1909126298110273,22
SA,2018-07-17,Surface,22.59701799,0.0037989865901456,10
SA,2018-07-17,Mid-Depth,22.58838491,0.0105673409583439,10
SA,2018-07-17,Lower Photic,22.439195179999995,0.1264222395459382,10
SA,2018-07-17,Deep,20.7074876742559,0.4105262400425359,22
SA,2018-08-14,Surface,23.275047289865636,0.021867473475868,10
SA,2018-08-14,Mid-Depth,23.022039496632893,0.0891070987741556,10
SA,2018-08-14,Lower Photic,22.45664567510169,0.2232087433099165,10
SA,2018-08-14,Deep,20.895598871292023,0.5274323538502111,22
SA,2018-09-11,Surface,23.56241387824533,0.0813986394921832,10
SA,2018-09-11,Mid-Depth,23.24280565034285,0.1110364514178199,10
SA,2018-09-11,Lower Photic,22.50914837250721,0.4095005216239903,10
SA,2018-09-11,Deep,20.79615820121716,0.3251240139969244,22
SA,2018-09-24,Surface,23.65690985695093,0.100214088335796,10
SA,2018-09-24,Mid-Depth,23.45309175460323,0.0452332907471462,10
SA,2018-09-24,Lower Photic,22.82425325018124,0.4394389793449395,10
SA,2018-09-24,Deep,20.886285770818407,0.3735888540368682,22
SA,2018-11-14,Surface,22.6598544066547,0.0026719900406247,10
SA,2018-11-14,Mid-Depth,22.65445147699692,0.0064397174893436,10
SA,2018-11-14,Lower Photic,22.571739745858384,0.0376239716283266,10
SA,2018-11-14,Deep,21.100684129810304,0.6819028220864193,22
SA,2018-12-12,Surface,21.487154458427337,0.0260277861064272,10
SA,2018-12-12,Mid-Depth,21.45700746456115,0.0035039656791507,10
SA,2018-12-12,Lower Photic,21.449602824713885,0.0021356659131381,10
SA,2018-12-12,Deep,21.34848891258049,0.1718793064831019,22
SA,2019-02-12,Surface,20.702490192694547,0.0434771300761655,10
SA,2019-02-12,Mid-Depth,20.60797782834327,0.02379346045221,10
SA,2019-02-12,Lower Photic,20.558585812170616,0.0068912627465627,10
SA,2019-02-12,Deep,20.496594781807104,0.0291196095889228,22
SA,2019-03-12,Surface,21.21877371856285,0.0372997215990054,10
SA,2019-03-12,Mid-Depth,21.02425102986736,0.0423031316032401,10
SA,2019-03-12,Lower Photic,20.88785264887316,0.0598975611260219,10
SA,2019-03-12,Deep,20.6101112283476,0.0638711664385555,22
SA,2019-04-09,Surface,21.52861237700457,0.0979214834514472,10
SA,2019-04-09,Mid-Depth,21.24029360043394,0.0569292926183025,10
SA,2019-04-09,Lower Photic,21.068945156218007,0.046970059366198,10
SA,2019-04-09,Deep,20.781646093611258,0.1286866878756639,22
SA,2019-05-14,Surface,23.30046823987769,0.1468443774288618,10
SA,2019-05-14,Mid-Depth,22.664766642694683,0.2239834327184964,10
SA,2019-05-14,Lower Photic,21.61179392160413,0.3522728169864809,10
SA,2019-05-14,Deep,20.81963741835721,0.1424779949764384,22
SA,2019-06-12,Surface,23.624793725729923,0.1116036366508371,10
SA,2019-06-12,Mid-Depth,23.18571659052753,0.1728933135047433,10
SA,2019-06-12,Lower Photic,21.59846992422645,0.4809459732398514,10
SA,2019-06-12,Deep,20.911966944415376,0.1689600767581271,22
SA,2019-07-12,Surface,23.44526641339656,0.0030911011343788,10
SA,2019-07-12,Mid-Depth,23.41489277023116,0.0234151167019221,10
SA,2019-07-12,Lower Photic,22.07190712065769,0.9071711829521786,10
SA,2019-07-12,Deep,20.83351881493023,0.1216255957211301,22
SA,2019-08-13,Surface,23.85895613334602,0.0227494420658145,10
SA,2019-08-13,Mid-Depth,23.696775076208013,0.0817284356758243,10
SA,2019-08-13,Lower Photic,22.92072659253109,0.6341338367313201,10
SA,2019-08-13,Deep,20.941336049420617,0.1803989575255805,22
SA,2019-09-10,Surface,23.77249476160109,0.0265292885635535,10
SA,2019-09-10,Mid-Depth,23.66507000815718,0.0590583266585381,10
SA,2019-09-10,Lower Photic,22.94854041810324,0.7913480136011405,10
SA,2019-09-10,Deep,20.98607116600324,0.2384876130462504,22
SA,2020-02-11,Surface,21.33902148354723,0.0414407000859732,10
SA,2020-02-11,Mid-Depth,21.15303414762065,0.0640420001918622,10
SA,2020-02-11,Lower Photic,20.98359721532198,0.0080500673054116,10
SA,2020-02-11,Deep,20.861395591701694,0.0777769394209868,22
SA,2020-05-12,Surface,23.53035793049672,0.0577766494046586,10
SA,2020-05-12,Mid-Depth,23.28963210304729,0.0881979387002202,10
SA,2020-05-12,Lower Photic,21.946302393916163,0.7505761352938681,10
SA,2020-05-12,Deep,20.9243775319908,0.1454577002639966,22
SA,2020-06-09,Surface,23.28527303818646,0.1926183412991023,10
SA,2020-06-09,Mid-Depth,22.92885147960438,0.0828755369835357,10
SA,2020-06-09,Lower Photic,22.069566129616632,0.644443076230946,10
SA,2020-06-09,Deep,20.96450511988979,0.1691680161810738,22
SA,2020-07-14,Surface,23.73168301290067,0.014008936292816,10
SA,2020-07-14,Mid-Depth,23.55061825773791,0.0639513743971429,10
SA,2020-07-14,Lower Photic,22.4497737157579,0.8406268644683679,10
SA,2020-07-14,Deep,21.020885273841063,0.1457866659161054,22
SA,2020-08-11,Surface,24.002584446308955,0.0009133352808096,10
SA,2020-08-11,Mid-Depth,23.982929243013803,0.0469674104885337,10
SA,2020-08-11,Lower Photic,22.59068701149853,0.9726444226428116,10
SA,2020-08-11,Deep,20.992283404305155,0.1517431562809888,22
SA,2020-09-08,Surface,23.567815874440647,0.0092895324089841,10
SA,2020-09-08,Mid-Depth,23.49386867580756,0.0574208380838229,10
SA,2020-09-08,Lower Photic,22.73356598934182,0.7132412426991812,10
SA,2020-09-08,Deep,21.07127958435399,0.1856291730175749,22
SA,2020-10-13,Surface,23.68452260164621,0.0038809642255803,10
SA,2020-10-13,Mid-Depth,23.57620104138033,0.0591800070717669,10
SA,2020-10-13,Lower Photic,23.26372722012307,0.2680768385187169,10
SA,2020-10-13,Deep,21.11999166335087,0.3459399292470417,22
SA,2020-11-10,Surface,22.68513224743012,0.0060012391429908,10
SA,2020-11-10,Mid-Depth,22.63383639794833,0.0127844919400146,10
SA,2020-11-10,Lower Photic,22.55730522005738,0.056760740951091,10
SA,2020-11-10,Deep,21.27074877578288,0.5811491015903372,22
SA,2020-12-08,Surface,21.89535406059401,0.0046449161783752,10
SA,2020-12-08,Mid-Depth,21.88242209780194,0.0033723329231165,10
SA,2020-12-08,Lower Photic,21.87396259143295,0.0040168115310881,10
SA,2020-12-08,Deep,21.501875063508702,0.3902916262354483,22
SA,2021-01-19,Surface,21.318093289451973,0.0220797046901578,10
SA,2021-01-19,Mid-Depth,21.26967256850358,0.0128856534401998,10
SA,2021-01-19,Lower Photic,21.202129083092068,0.0264819487970191,10
SA,2021-01-19,Deep,21.099721950993366,0.098105095463599,22
SA,2021-02-16,Surface,21.04430226843254,0.0153657248587759,10
SA,2021-02-16,Mid-Depth,20.878081766754956,0.0556420038107834,10
SA,2021-02-16,Lower Photic,20.76622462600214,0.0318428426322715,10
SA,2021-02-16,Deep,20.65961150723865,0.0448712992746667,22
SA,2021-03-16,Surface,21.21687267998319,0.1645256626210504,10
SA,2021-03-16,Mid-Depth,20.99446653770507,0.0190040195959554,10
SA,2021-03-16,Lower Photic,20.938718685518783,0.0123677679500143,10
SA,2021-03-16,Deep,20.831462046159047,0.0766622664294659,22
SA,2021-04-13,Surface,21.49837767428468,0.3081801580940161,10
SA,2021-04-13,Mid-Depth,21.12307115703946,0.0356666113638176,10
SA,2021-04-13,Lower Photic,21.04343107862851,0.0131710772866953,10
SA,2021-04-13,Deep,20.91615465896217,0.1090897888772285,22
SA,2021-05-11,Surface,22.71575840948448,0.0699909434421614,10
SA,2021-05-11,Mid-Depth,22.17472233805529,0.2556930683735401,10
SA,2021-05-11,Lower Photic,21.2261641363141,0.1408840702076639,10
SA,2021-05-11,Deep,20.93310838098945,0.1770048679090407,22
SA,2021-06-08,Surface,23.97214504348512,0.086057496447391,10
SA,2021-06-08,Mid-Depth,23.21454280506806,0.4122679068796384,10
SA,2021-06-08,Lower Photic,21.635146854114293,0.4693011246024469,10
SA,2021-06-08,Deep,20.98233890788356,0.1793722638964187,22
SA,2021-07-13,Surface,23.637088826781,0.0085731223079738,10
SA,2021-07-13,Mid-Depth,23.581186706274742,0.0418912466784918,10
SA,2021-07-13,Lower Photic,21.77977259339487,0.7978210747173374,10
SA,2021-07-13,Deep,20.986901956747715,0.1724773785612402,22
SA,2021-08-10,Surface,23.4723743180766,0.0223549993843272,10
SA,2021-08-10,Mid-Depth,23.394414329983217,0.0299480039984122,10
SA,2021-08-10,Lower Photic,22.63520186573403,0.6043533201932455,10
SA,2021-08-10,Deep,21.06558508094619,0.146929091028836,22
SA,2021-09-07,Surface,23.64865212461325,0.0479777287642311,10
SA,2021-09-07,Mid-Depth,23.43973852220048,0.0756128207055614,10
SA,2021-09-07,Lower Photic,22.79920547149565,0.470764722215877,10
SA,2021-09-07,Deep,21.09516175265877,0.2368108626776945,22
SA,2021-10-12,Surface,23.91843202366131,0.0937480176422615,10
SA,2021-10-12,Mid-Depth,23.668386636279827,0.0296963438581032,10
SA,2021-10-12,Lower Photic,22.88367298621655,0.67353818542725,10
SA,2021-10-12,Deep,21.171577356621206,0.2080249957265582,22
SA,2021-11-09,Surface,23.21460974665881,0.0870215321317951,10
SA,2021-11-09,Mid-Depth,23.14459473654102,0.0041712419252025,10
SA,2021-11-09,Lower Photic,23.11274069543379,0.0184714493461937,10
SA,2021-11-09,Deep,21.287797147488224,0.5759751503267758,22
SA,2021-12-07,Surface,21.73407955308554,0.0407574297072902,10
SA,2021-12-07,Mid-Depth,21.61226953339574,0.0548192249978629,10
SA,2021-12-07,Lower Photic,21.513934535556366,0.0138875421576497,10
SA,2021-12-07,Deep,21.414312478631164,0.1819583840601685,22
SA,2022-01-18,Surface,20.979447418688785,0.0237583652435501,10
SA,2022-01-18,Mid-Depth,20.9261216310288,0.0256716399646883,10
SA,2022-01-18,Lower Photic,20.82401081396794,0.0146569374486994,10
SA,2022-01-18,Deep,20.752829789988457,0.0428303758204643,22
SA,2022-02-08,Surface,20.89531004891047,0.0374606617127167,10
SA,2022-02-08,Mid-Depth,20.81919509627165,0.0405585763313905,10
SA,2022-02-08,Lower Photic,20.7386000697548,0.0104758593960571,10
SA,2022-02-08,Deep,20.689235340859398,0.0346666369264075,22
SA,2022-03-08,Surface,20.79481648245192,0.3849024764108816,10
SA,2022-03-08,Mid-Depth,20.62708532308785,0.024819606198922,10
SA,2022-03-08,Lower Photic,20.56657232825661,0.0101370602444224,10
SA,2022-03-08,Deep,20.484888386366865,0.0311424858547952,22
SA,2022-04-05,Surface,22.04143080555235,0.1723156912532908,10
SA,2022-04-05,Mid-Depth,21.45218521634355,0.0863940260656738,10
SA,2022-04-05,Lower Photic,21.12027963243515,0.0912938515843237,10
SA,2022-04-05,Deep,20.789974039058368,0.0984011295473215,22
SA,2022-05-10,Surface,23.60113244295531,0.2047600818994027,10
SA,2022-05-10,Mid-Depth,22.990012113870712,0.1592534753610947,10
SA,2022-05-10,Lower Photic,21.911274915704876,0.547842021720073,10
SA,2022-05-10,Deep,20.899117134833773,0.150926341882271,22
SA,2022-06-14,Surface,23.1490580841854,0.0063014353921984,10
SA,2022-06-14,Mid-Depth,22.894234991310334,0.1389812580784306,10
SA,2022-06-14,Lower Photic,21.93445781238029,0.6127051151643683,10
SA,2022-06-14,Deep,20.880725246295256,0.1559127803540549,22
SA,2022-07-12,Surface,23.14589007774057,0.0225772231742619,10
SA,2022-07-12,Mid-Depth,22.967314874927716,0.0792834202955817,10
SA,2022-07-12,Lower Photic,22.409516453136284,0.4286584876076185,10
SA,2022-07-12,Deep,20.94544761634553,0.1782256969719353,22
SA,2022-08-09,Surface,23.15486612914331,0.007517905958661,10
SA,2022-08-09,Mid-Depth,23.13345573819465,0.0086627380257368,10
SA,2022-08-09,Lower Photic,22.89073174473745,0.3998097872423809,10
SA,2022-08-09,Deep,20.96581485429999,0.221031699194088,22
SA,2022-09-06,Surface,23.603896433486472,0.0264626497436873,10
SA,2022-09-06,Mid-Depth,23.36575426807469,0.0897159215814077,10
SA,2022-09-06,Lower Photic,22.87928640486259,0.3303946817191625,10
SA,2022-09-06,Deep,21.090495369490505,0.3300116657682321,22
SA,2022-10-18,Surface,22.987001608477613,0.0795520860567764,10
SA,2022-10-18,Mid-Depth,22.85825357348567,0.0425277832651518,10
SA,2022-10-18,Lower Photic,22.73009417710439,0.0545756525130745,10
SA,2022-10-18,Deep,21.15101931072091,0.4582806381856333,22
SA,2022-11-08,Surface,23.029686201586152,0.056163929092399,10
SA,2022-11-08,Mid-Depth,22.919283037309192,0.0475870341465147,10
SA,2022-11-08,Lower Photic,22.7356576244023,0.0953014896400066,10
SA,2022-11-08,Deep,21.25323473593189,0.538610964196277,22
SA,2022-12-06,Surface,21.72060968170988,0.0314786121205427,10
SA,2022-12-06,Mid-Depth,21.672852444521887,0.0040755189410442,10
SA,2022-12-06,Lower Photic,21.64657819269556,0.0178056780892091,10
SA,2022-12-06,Deep,21.51537942984412,0.1848401483632126,22
SA,2023-01-17,Surface,20.938439566885123,0.0226890453128192,10
SA,2023-01-17,Mid-Depth,20.85816685994233,0.0487293946915832,10
SA,2023-01-17,Lower Photic,20.768130396513307,0.0136236859976826,10
SA,2023-01-17,Deep,20.70566967242512,0.042446959143524,22
SA,2023-02-14,Surface,20.83061160114912,0.076596767446387,10
SA,2023-02-14,Mid-Depth,20.66615562444602,0.0547436960619985,10
SA,2023-02-14,Lower Photic,20.54856773758646,0.0191768217918007,10
SA,2023-02-14,Deep,20.49154892367017,0.0211256579636646,22
SA,2023-03-14,Surface,21.40490334748377,0.0813908559709389,10
SA,2023-03-14,Mid-Depth,21.112834548673952,0.0645946977849822,10
SA,2023-03-14,Lower Photic,20.77647796465125,0.1091722000906129,10
SA,2023-03-14,Deep,20.61518950744179,0.0199781702450415,22
SA,2023-04-11,Surface,22.011858426280376,0.0301859286353893,10
SA,2023-04-11,Mid-Depth,21.95857409551358,0.0094855576141042,10
SA,2023-04-11,Lower Photic,21.72534656143653,0.3241221765102375,10
SA,2023-04-11,Deep,20.723242603468865,0.1058339501220719,22
SA,2023-05-09,Surface,23.48376528140427,0.0254933250158915,10
SA,2023-05-09,Mid-Depth,23.12381909326664,0.2390585774276977,10
SA,2023-05-09,Lower Photic,22.20310464491324,0.4522786534282861,10
SA,2023-05-09,Deep,20.793855790424576,0.164939909673048,22
SA,2023-06-13,Surface,24.40102551373953,0.0793447172730621,10
SA,2023-06-13,Mid-Depth,23.982603427348614,0.108675939883316,10
SA,2023-06-13,Lower Photic,22.42845849279155,0.7406490595664341,10
SA,2023-06-13,Deep,20.842219013918942,0.1863815446854389,22
SA,2023-07-18,Surface,24.015530397974334,0.0090598213167866,10
SA,2023-07-18,Mid-Depth,23.973309219520424,0.01714084156654,10
SA,2023-07-18,Lower Photic,23.476491696471648,0.7786850353772492,10
SA,2023-07-18,Deep,20.906705594148463,0.2186414026287793,22
SA,2023-08-16,Surface,24.16439281920859,0.0432801327351561,10
SA,2023-08-16,Mid-Depth,24.07372474505152,0.031114378582044,10
SA,2023-08-16,Lower Photic,23.15871335337293,0.6436538912271217,10
SA,2023-08-16,Deep,20.900620520799524,0.2492807106067333,22
SA,2023-09-05,Surface,24.183804766761263,0.0562852889514254,10
SA,2023-09-05,Mid-Depth,24.03944664692825,0.0723002013645219,10
SA,2023-09-05,Lower Photic,23.1005337073431,0.7387532600831674,10
SA,2023-09-05,Deep,21.005573641110438,0.3482340992277872,22
SA,2023-10-18,Surface,24.085130290989248,0.1369711051624304,10
SA,2023-10-18,Mid-Depth,24.080549242520046,0.0065212114016525,10
SA,2023-10-18,Lower Photic,23.93011531465962,0.1832236000407598,10
SA,2023-10-18,Deep,21.210566850422744,0.6556207849137534,22
SA,2023-11-14,Surface,22.89817489598571,0.0415133671736369,10
SA,2023-11-14,Mid-Depth,22.7849497672902,0.0516660386964608,10
SA,2023-11-14,Lower Photic,22.64763868728762,0.0462175327580389,10
SA,2023-11-14,Deep,21.364073189646643,0.7992079835229566,22
SA,2023-12-05,Surface,22.41830809054872,0.0045093922337661,10
SA,2023-12-05,Mid-Depth,22.409414662221213,0.0014205860869104,10
SA,2023-12-05,Lower Photic,22.3964662927465,0.0101408362928518,10
SA,2023-12-05,Deep,21.528558963123277,0.6935232462115,22
WG,2014-02-14,Surface,21.0925,0.2429408935889097,10
WG,2014-02-14,Mid-Depth,20.53114285714286,0.011098660825021,10
WG,2014-02-14,Lower Photic,20.49678571428571,0.0108130369789196,10
WG,2014-02-14,Deep,20.385451515278223,0.0748299625207889,45
WG,2014-02-19,Surface,20.7,3.744889033148481e-15,10
WG,2014-02-19,Mid-Depth,20.695,0.0070710678118649,10
WG,2014-02-19,Lower Photic,20.54475,0.0375730769449491,10
WG,2014-02-19,Deep,20.386923459901304,0.0771206104538699,45
WG,2014-03-26,Surface,22.39,0.0316227766016831,10
WG,2014-03-26,Mid-Depth,22.160000000000004,0.2065591117977287,10
WG,2014-03-26,Lower Photic,21.21,0.2685351208149709,10
WG,2014-03-26,Deep,20.46064777955452,0.1612396430464327,45
WG,2014-04-23,Surface,22.37842684241384,0.1359353122682975,10
WG,2014-04-23,Mid-Depth,22.245,0.030641293851417,10
WG,2014-04-23,Lower Photic,22.06,0.0454606056566194,10
WG,2014-04-23,Deep,20.55157659040656,0.3832581672773155,45
WG,2014-04-27,Surface,22.720068279303987,0.040076375735579,10
WG,2014-04-27,Mid-Depth,22.615,0.1367276286799578,10
WG,2014-04-27,Lower Photic,21.985,0.2375453173139348,10
WG,2014-04-27,Deep,20.55356467286104,0.3111224813187701,45
WG,2014-06-25,Surface,23.677,0.0163639169448444,10
WG,2014-06-25,Mid-Depth,23.541,0.1026807349668534,10
WG,2014-06-25,Lower Photic,22.855,0.3309330244425097,10
WG,2014-06-25,Deep,20.646584343974386,0.4301212876291966,45
WG,2014-07-23,Surface,23.242,0.0122927259430576,10
WG,2014-07-23,Mid-Depth,23.255000000000003,0.0052704627669481,10
WG,2014-07-23,Lower Photic,23.135,0.1974419745984452,10
WG,2014-07-23,Deep,20.727665051697905,0.4922309159327093,45
WG,2014-08-13,Surface,23.385,0.0259272486435073,10
WG,2014-08-13,Mid-Depth,23.197,0.0843339920922886,10
WG,2014-08-13,Lower Photic,22.877,0.0910494371207201,10
WG,2014-08-13,Deep,20.800260386416195,0.6584551950711528,45
WG,2014-09-09,Surface,23.437,0.042439499421071,10
WG,2014-09-09,Mid-Depth,23.382,0.0063245553203369,10
WG,2014-09-09,Lower Photic,23.177,0.2350437311556207,10
WG,2014-09-09,Deep,20.797278106812985,0.6558185650728793,45
WG,2014-09-25,Surface,23.57,0.1151810169544734,10
WG,2014-09-25,Mid-Depth,23.416,0.0505964425626938,10
WG,2014-09-25,Lower Photic,23.129,0.1770404850121386,10
WG,2014-09-25,Deep,20.831864766622623,0.6601059438607999,45
WG,2014-10-08,Surface,23.695,0.1882226813584853,10
WG,2014-10-08,Mid-Depth,23.626,0.1099696927945756,10
WG,2014-10-08,Lower Photic,23.095,0.1803237828647866,10
WG,2014-10-08,Deep,20.859253915239066,0.6363324799646297,45
WG,2014-11-12,Surface,22.408,0.0063245553203377,10
WG,2014-11-12,Mid-Depth,22.394,0.0263312235441755,10
WG,2014-11-12,Lower Photic,22.319,0.0166332999331661,10
WG,2014-11-12,Deep,20.88588826848705,0.6929122244052924,45
WG,2014-12-09,Surface,21.078,0.007888106377466,10
WG,2014-12-09,Mid-Depth,21.081,0.0031622776601688,10
WG,2014-12-09,Lower Photic,21.081,0.0031622776601688,10
WG,2014-12-09,Deep,20.70073574346136,0.359230154339558,45
WG,2015-01-14,Surface,20.418,0.0042163702135584,10
WG,2015-01-14,Mid-Depth,20.420000000000005,3.744889033148481e-15,10
WG,2015-01-14,Lower Photic,20.419000000000004,0.0031622776601688,10
WG,2015-01-14,Deep,20.39370549971461,0.0523100197481849,45
WG,2015-02-11,Surface,20.708,0.0091893658347264,10
WG,2015-02-11,Mid-Depth,20.678,0.0285968141193702,10
WG,2015-02-11,Lower Photic,20.449,0.0587745220690433,10
WG,2015-02-11,Deep,20.3200354422918,0.0269433551209944,45
WG,2015-03-11,Surface,20.869,0.008755950357709,10
WG,2015-03-11,Mid-Depth,20.833,0.0518652099195604,10
WG,2015-03-11,Lower Photic,20.547000000000004,0.090559986258342,10
WG,2015-03-11,Deep,20.328823322750207,0.0448369556668428,45
WG,2015-04-14,Surface,22.204,0.1175868473370496,10
WG,2015-04-14,Mid-Depth,21.904999999999998,0.1863240904088,10
WG,2015-04-14,Lower Photic,21.214,0.222720552362022,10
WG,2015-04-14,Deep,20.41555889139692,0.152220750274915,45
WG,2015-05-05,Surface,23.315,0.0117851130197757,10
WG,2015-05-05,Mid-Depth,23.281,0.0675688948818574,10
WG,2015-05-05,Lower Photic,21.69,0.609662930551701,10
WG,2015-05-05,Deep,20.40734929105715,0.1162243598484424,45
WG,2015-06-09,Surface,24.026,0.0368781778291714,10
WG,2015-06-09,Mid-Depth,23.943,0.0763107681348657,10
WG,2015-06-09,Lower Photic,22.25,0.7729309297875339,10
WG,2015-06-09,Deep,20.548126686833488,0.2725320561890633,45
WG,2015-07-15,Surface,23.028,0.0063245553203366,10
WG,2015-07-15,Mid-Depth,22.979000000000003,0.0515213008807468,10
WG,2015-07-15,Lower Photic,22.751,0.0930292666016688,10
WG,2015-07-15,Deep,20.585092881632324,0.4595006850182663,45
WG,2015-08-11,Surface,23.892999999999997,0.066340870593557,10
WG,2015-08-11,Mid-Depth,23.568,0.144514512919791,10
WG,2015-08-11,Lower Photic,22.925,0.4174326292948362,10
WG,2015-08-11,Deep,20.631675356735222,0.4646862249079163,45
WG,2015-09-09,Surface,23.821,0.0031622776601677,10
WG,2015-09-09,Mid-Depth,23.777,0.0621914606499782,10
WG,2015-09-09,Lower Photic,23.343,0.2320464512884337,10
WG,2015-09-09,Deep,20.733739045137806,0.6241849116353013,45
WG,2015-10-07,Surface,23.940000000000005,0.0066666666666665,10
WG,2015-10-07,Mid-Depth,23.913,0.0133749350984933,10
WG,2015-10-07,Lower Photic,23.531,0.3709282650025167,10
WG,2015-10-07,Deep,20.69948825364345,0.5477129371722225,45
WG,2015-11-12,Surface,23.52,0.042163702135579,10
WG,2015-11-12,Mid-Depth,23.5,0.0,10
WG,2015-11-12,Lower Photic,23.35,0.2223610677354386,10
WG,2015-11-12,Deep,21.25009919144707,0.5063957227650182,45
WG,2015-12-08,Surface,22.007,0.0067494855771065,10
WG,2015-12-08,Mid-Depth,22.003000000000004,0.0048304589153972,10
WG,2015-12-08,Lower Photic,22.0,0.0,10
WG,2015-12-08,Deep,20.86639391022003,0.6749232845374656,45
WG,2016-01-20,Surface,21.562,0.0078881063774661,10
WG,2016-01-20,Mid-Depth,21.57,3.744889033148481e-15,10
WG,2016-01-20,Lower Photic,21.568,0.0042163702135584,10
WG,2016-01-20,Deep,20.851817767690477,0.5899986630773205,45
WG,2016-02-17,Surface,21.022,0.0091893658347273,10
WG,2016-02-17,Mid-Depth,20.895,0.0779244648504064,10
WG,2016-02-17,Lower Photic,20.81,0.0105409255338939,10
WG,2016-02-17,Deep,20.55390852686228,0.2190214416849298,45
WG,2016-03-01,Surface,20.904,0.0084327404271156,10
WG,2016-03-01,Mid-Depth,20.893,0.010593499054713,10
WG,2016-03-01,Lower Photic,20.808,0.0426354052141852,10
WG,2016-03-01,Deep,20.516244618647704,0.1766625700072178,45
WG,2016-03-09,Surface,21.564,0.0084327404271156,10
WG,2016-03-09,Mid-Depth,21.328,0.2022539657625196,10
WG,2016-03-09,Lower Photic,20.770000000000003,0.0970681318570729,10
WG,2016-03-09,Deep,20.521270520103617,0.1702077500545127,45
WG,2016-04-13,Surface,22.911,0.0228278582243525,10
WG,2016-04-13,Mid-Depth,22.320000000000004,0.2182251640444391,10
WG,2016-04-13,Lower Photic,21.598000000000003,0.328254643700757,10
WG,2016-04-13,Deep,20.548304927263395,0.2296775347875875,45
WG,2016-05-18,Surface,24.011000000000003,0.0144913767461895,10
WG,2016-05-18,Mid-Depth,23.713,0.362063530336873,10
WG,2016-05-18,Lower Photic,21.89,0.6547094351270986,10
WG,2016-05-18,Deep,20.86343411741682,0.7230909916718661,45
WG,2016-06-15,Surface,24.142,0.004216370213557,10
WG,2016-06-15,Mid-Depth,24.129,0.0328125992061988,10
WG,2016-06-15,Lower Photic,22.161,0.9521023521076332,10
WG,2016-06-15,Deep,20.657319960424218,0.2516021649555672,45
WG,2016-07-13,Surface,23.598,0.0042163702135584,10
WG,2016-07-13,Mid-Depth,23.592,0.0042163702135584,10
WG,2016-07-13,Lower Photic,22.776,0.8319081145842436,10
WG,2016-07-13,Deep,20.66531290406377,0.279034170379662,45
WG,2016-08-10,Surface,23.807,0.0312872000806855,10
WG,2016-08-10,Mid-Depth,23.477,0.1105591847533856,10
WG,2016-08-10,Lower Photic,23.065,0.3139090455671662,10
WG,2016-08-10,Deep,20.6546131223021,0.2843057650394788,45
WG,2016-09-07,Surface,23.864,0.0107496769977316,10
WG,2016-09-07,Mid-Depth,23.788,0.0551361950083613,10
WG,2016-09-07,Lower Photic,23.341,0.3948403334119872,10
WG,2016-09-07,Deep,20.747631133991597,0.3876016149543978,45
WG,2016-10-12,Surface,23.35,0.0066666666666665,10
WG,2016-10-12,Mid-Depth,23.35,3.744889033148481e-15,10
WG,2016-10-12,Lower Photic,23.33,0.0535412613473639,10
WG,2016-10-12,Deep,20.77459180787249,0.4687456877272558,45
WG,2016-11-09,Surface,22.654,0.0069920589878013,10
WG,2016-11-09,Mid-Depth,22.66,0.0,10
WG,2016-11-09,Lower Photic,22.658,0.0063245553203366,10
WG,2016-11-09,Deep,20.991332353532165,0.7952916705295058,45
WG,2016-12-05,Surface,21.957,0.0067494855771058,10
WG,2016-12-05,Mid-Depth,21.893,0.0632543366980566,10
WG,2016-12-05,Lower Photic,21.741000000000003,0.0334829973435932,10
WG,2016-12-05,Deep,20.867670588539912,0.5605855552433892,45
WG,2017-02-08,Surface,20.573999999999995,0.0107496769977306,10
WG,2017-02-08,Mid-Depth,20.579999999999995,3.744889033148481e-15,10
WG,2017-02-08,Lower Photic,20.543,0.0346570499481862,10
WG,2017-02-08,Deep,20.378412483492628,0.0504756351895944,45
WG,2017-03-14,Surface,21.221,0.0166332999331661,10
WG,2017-03-14,Mid-Depth,20.728,0.1449750936463836,10
WG,2017-03-14,Lower Photic,20.58300000000001,0.0309300285590986,10
WG,2017-03-14,Deep,20.399168360436157,0.0790068789556475,45
WG,2017-04-19,Surface,21.732000000000003,0.0091893658347259,10
WG,2017-04-19,Mid-Depth,21.722,0.0329309040939417,10
WG,2017-04-19,Lower Photic,21.28,0.2659991645768003,10
WG,2017-04-19,Deep,20.43190367746892,0.1147009916807496,45
WG,2017-05-17,Surface,23.344,0.0306231575409483,10
WG,2017-05-17,Mid-Depth,23.089,0.1939329781135735,10
WG,2017-05-17,Lower Photic,21.799,0.3354747879250139,10
WG,2017-05-17,Deep,20.515759090701643,0.187540928075648,45
WG,2017-06-21,Surface,23.293,0.0125166555703449,10
WG,2017-06-21,Mid-Depth,23.281,0.0031622776601677,10
WG,2017-06-21,Lower Photic,22.252,0.7073235940265717,10
WG,2017-06-21,Deep,20.553630196775757,0.2545618693033942,45
WG,2017-07-12,Surface,23.679,0.0031622776601677,10
WG,2017-07-12,Mid-Depth,23.230000000000004,0.1994993734325999,10
WG,2017-07-12,Lower Photic,21.956,0.6452596376653352,10
WG,2017-07-12,Deep,20.475992413497654,0.1473667800876696,45
WG,2017-08-09,Surface,23.582,0.0042163702135584,10
WG,2017-08-09,Mid-Depth,23.544,0.0471875689844966,10
WG,2017-08-09,Lower Photic,22.648000000000003,0.3999388842199649,10
WG,2017-08-09,Deep,20.614991379013915,0.3157276660845968,45
WG,2017-09-13,Surface,23.941,0.0056764621219751,10
WG,2017-09-13,Mid-Depth,23.791000000000004,0.1895872710213779,10
WG,2017-09-13,Lower Photic,22.106,0.6786784543835497,10
WG,2017-09-13,Deep,20.64096937762638,0.2724157754840909,45
WG,2017-10-13,Surface,23.402,0.0078881063774661,10
WG,2017-10-13,Mid-Depth,23.346,0.0455094617756692,10
WG,2017-10-13,Lower Photic,23.118,0.2342742931788388,10
WG,2017-10-13,Deep,20.68150366509782,0.4622235784964407,45
WG,2017-11-08,Surface,22.931,0.0056764621219755,10
WG,2017-11-08,Mid-Depth,22.934000000000005,0.005163977794944,10
WG,2017-11-08,Lower Photic,22.892,0.0545282801244758,10
WG,2017-11-08,Deep,20.74151295007791,0.6755241899581803,45
WG,2017-12-14,Surface,25.165,1.4313416394728722,10
WG,2017-12-14,Mid-Depth,25.263,0.0512184862460155,10
WG,2017-12-14,Lower Photic,25.217,0.0408384350554438,10
WG,2017-12-14,Deep,24.101474020553905,1.8917524373869512,45
WG,2018-01-11,Surface,20.50254019936034,0.0011960998822988,10
WG,2018-01-11,Mid-Depth,20.504818759554247,0.0004330207804529,10
WG,2018-01-11,Lower Photic,20.50465872880245,0.0001254177832014,10
WG,2018-01-11,Deep,20.432969654441894,0.076738687116859,45
WG,2018-02-07,Surface,20.28661874880616,0.0022979017529499,10
WG,2018-02-07,Mid-Depth,20.287658110193934,0.0014123061526477,10
WG,2018-02-07,Lower Photic,20.28665848666561,0.0010622848833283,10
WG,2018-02-07,Deep,20.268329160062983,0.006153525795771,45
WG,2018-02-28,Surface,20.726756968840757,0.002158978206672,10
WG,2018-02-28,Mid-Depth,20.60376841660206,0.1164472692703155,10
WG,2018-02-28,Lower Photic,20.33008088691096,0.0259988304195326,10
WG,2018-02-28,Deep,20.25406271636788,0.0168705040122766,45
WG,2018-03-15,Surface,20.93175281930091,0.0006802805218381,10
WG,2018-03-15,Mid-Depth,20.85663568912817,0.1003369344711062,10
WG,2018-03-15,Lower Photic,20.469731866080885,0.0674881125892689,10
WG,2018-03-15,Deep,20.275829223682894,0.0425563824817958,45
WG,2018-04-12,Surface,21.741219438026043,0.0101558819135431,10
WG,2018-04-12,Mid-Depth,21.44059728205266,0.2156700455300381,10
WG,2018-04-12,Lower Photic,20.73680172765109,0.1434941192221434,10
WG,2018-04-12,Deep,20.295341888168892,0.0684483388206346,45
WG,2018-05-16,Surface,22.92111457327196,0.0021077011516711,10
WG,2018-05-16,Mid-Depth,22.57123302400964,0.3888524456497294,10
WG,2018-05-16,Lower Photic,21.194329930567147,0.3011168314374585,10
WG,2018-05-16,Deep,20.34019488499996,0.1380440734805652,45
WG,2018-06-13,Surface,23.58063616343097,0.0851598674888672,10
WG,2018-06-13,Mid-Depth,23.186742343956347,0.4224672897504181,10
WG,2018-06-13,Lower Photic,21.46602433444124,0.3284968998640722,10
WG,2018-06-13,Deep,20.397576265715088,0.206740526405337,45
WG,2018-07-18,Surface,22.38932945812005,0.0012936392677381,10
WG,2018-07-18,Mid-Depth,22.39276811095322,0.0066624793947958,10
WG,2018-07-18,Lower Photic,21.929362049483338,0.487606077715259,10
WG,2018-07-18,Deep,20.398134801154768,0.2343491599654372,45
WG,2018-08-16,Surface,23.3568156965777,0.009232131776148,10
WG,2018-08-16,Mid-Depth,23.165087191262398,0.1465253936419307,10
WG,2018-08-16,Lower Photic,22.50972301095203,0.3048694487609252,10
WG,2018-08-16,Deep,20.58341089202617,0.453352953370336,45
WG,2018-09-12,Surface,23.830470569214363,0.0021640565371535,10
WG,2018-09-12,Mid-Depth,23.65538617092249,0.1400367682593879,10
WG,2018-09-12,Lower Photic,22.633293977358257,0.5084810822834057,10
WG,2018-09-12,Deep,20.47286457902727,0.355901544561868,45
WG,2018-09-24,Surface,23.85313504047441,0.1064070352783458,10
WG,2018-09-24,Mid-Depth,23.71903665096578,0.0798073167744524,10
WG,2018-09-24,Lower Photic,22.94217542807638,0.4545878355107799,10
WG,2018-09-24,Deep,20.62646118339382,0.4934001729248412,45
WG,2018-10-10,Surface,23.02549204861018,0.0135767255999448,10
WG,2018-10-10,Mid-Depth,23.03362353882774,0.0008380413362911,10
WG,2018-10-10,Lower Photic,22.99035174933568,0.1059259600403301,10
WG,2018-10-10,Deep,20.666799208071456,0.6319313651488917,45
WG,2018-11-14,Surface,22.82577535180112,0.0130459309020417,10
WG,2018-11-14,Mid-Depth,22.72278104332662,0.028521319755391,10
WG,2018-11-14,Lower Photic,22.59035971026043,0.1027182540854994,10
WG,2018-11-14,Deep,20.73229857381504,0.7238201397833685,45
WG,2018-12-12,Surface,21.595873508884928,0.0045449672122962,10
WG,2018-12-12,Mid-Depth,21.60805269451639,0.0021050861857495,10
WG,2018-12-12,Lower Photic,21.609811861669375,0.0006392447494938,10
WG,2018-12-12,Deep,20.82025208602122,0.6311490095940052,45
WG,2019-02-12,Surface,20.6648197494572,0.0259947184028955,10
WG,2019-02-12,Mid-Depth,20.57600170435297,0.0178787247645409,10
WG,2019-02-12,Lower Photic,20.55493987314021,0.0019620763607279,10
WG,2019-02-12,Deep,20.40386392619124,0.1409143348775467,45
WG,2019-03-12,Surface,21.48788778287119,0.0741303211639847,10
WG,2019-03-12,Mid-Depth,21.09021063704976,0.0840664012154713,10
WG,2019-03-12,Lower Photic,20.88024409187492,0.0687757771975707,10
WG,2019-03-12,Deep,20.430704843299072,0.1750858505093626,45
WG,2019-04-09,Surface,22.11172467388945,0.1199875328552022,10
WG,2019-04-09,Mid-Depth,21.53079336229225,0.1599290406688184,10
WG,2019-04-09,Lower Photic,21.09763815499557,0.0840948124841688,10
WG,2019-04-09,Deep,20.497100016520072,0.2496994358572554,45
WG,2019-05-14,Surface,23.7159759008314,0.0467697082413008,10
WG,2019-05-14,Mid-Depth,23.05813025414588,0.4166211987751658,10
WG,2019-05-14,Lower Photic,21.50459209730461,0.3898485809420762,10
WG,2019-05-14,Deep,20.510243279876747,0.2553668046015911,45
WG,2019-06-12,Surface,23.896194270596528,0.0046150857844411,10
WG,2019-06-12,Mid-Depth,23.62376786736806,0.3252542721500241,10
WG,2019-06-12,Lower Photic,21.63439518829778,0.5207958820945796,10
WG,2019-06-12,Deep,20.564805072132515,0.3058175745917795,45
WG,2019-07-12,Surface,23.423865509862843,0.0002571941517597,10
WG,2019-07-12,Mid-Depth,23.4363732449368,0.0151203701361515,10
WG,2019-07-12,Lower Photic,22.25499475928802,0.8454087339887901,10
WG,2019-07-12,Deep,20.567886151402817,0.3148575458213156,45
WG,2019-08-13,Surface,23.731917333494117,0.0008409366232284,10
WG,2019-08-13,Mid-Depth,23.685560191062617,0.0929643406926477,10
WG,2019-08-13,Lower Photic,22.52034574289154,0.6192103040823128,10
WG,2019-08-13,Deep,20.591689788860563,0.3374810086467844,45
WG,2019-09-10,Surface,23.88658508405673,0.000364567867696,10
WG,2019-09-10,Mid-Depth,23.870456532341272,0.0211472235011787,10
WG,2019-09-10,Lower Photic,23.157482090752573,0.716829614381438,10
WG,2019-09-10,Deep,20.607860252369463,0.3714803796714599,45
WG,2020-01-23,Surface,20.8715127407328,0.0009045996286147,10
WG,2020-01-23,Mid-Depth,20.87145667216466,0.0007390403128975,10
WG,2020-01-23,Lower Photic,20.86813234674529,0.0009789073977283,10
WG,2020-01-23,Deep,20.58815171087592,0.272649001986791,45
WG,2020-02-11,Surface,21.62144029067217,0.0124495594569943,10
WG,2020-02-11,Mid-Depth,21.5242931645574,0.0653690629503288,10
WG,2020-02-11,Lower Photic,21.02663962478009,0.137832445606028,10
WG,2020-02-11,Deep,20.58189870904361,0.276882161205315,45
WG,2020-03-10,Surface,20.95525799600408,0.0014621468848431,10
WG,2020-03-10,Mid-Depth,20.95902191892576,0.0006521770853684,10
WG,2020-03-10,Lower Photic,20.963317779686104,0.0013626815313631,10
WG,2020-03-10,Deep,20.63866571594418,0.3249317480609094,45
WG,2020-04-14,Surface,23.30386970336312,0.0308317688109587,10
WG,2020-04-14,Mid-Depth,22.54298044658733,0.4313872966633168,10
WG,2020-04-14,Lower Photic,21.202791715776023,0.1817517003958448,10
WG,2020-04-14,Deep,20.62990515883056,0.3120576681714312,45
WG,2020-05-12,Surface,23.764931666924006,0.0060916219386137,10
WG,2020-05-12,Mid-Depth,23.468962057848053,0.3690810147194506,10
WG,2020-05-12,Lower Photic,21.45914153148399,0.3669120102363402,10
WG,2020-05-12,Deep,20.644551980837647,0.325736519129855,45
WG,2020-06-09,Surface,23.5288257048878,0.0465699620484401,10
WG,2020-06-09,Mid-Depth,23.27636849427758,0.070807662026246,10
WG,2020-06-09,Lower Photic,21.88981516632773,0.7516313749050701,10
WG,2020-06-09,Deep,20.63814354330908,0.3191714732651257,45
WG,2020-07-14,Surface,23.86359254249907,0.0126080810791839,10
WG,2020-07-14,Mid-Depth,23.67088189335634,0.1287012864292042,10
WG,2020-07-14,Lower Photic,22.20119831285778,0.6999531289377302,10
WG,2020-07-14,Deep,20.661876665009903,0.3415096947258044,45
WG,2020-08-11,Surface,24.05082664084537,0.0002384581377022,10
WG,2020-08-11,Mid-Depth,24.00160835670283,0.099972647920939,10
WG,2020-08-11,Lower Photic,22.64212166125636,0.7584620134885954,10
WG,2020-08-11,Deep,20.66418788070221,0.3473937055138765,45
WG,2020-09-08,Surface,23.72666569577573,0.0022043827135159,10
WG,2020-09-08,Mid-Depth,23.72863278292303,0.0070101541236436,10
WG,2020-09-08,Lower Photic,22.85365072463052,0.7855877489041074,10
WG,2020-09-08,Deep,20.67945338331577,0.3612058063741581,45
WG,2020-10-13,Surface,23.86313073239155,0.0012069318862001,10
WG,2020-10-13,Mid-Depth,23.86500163154724,0.0044203501904555,10
WG,2020-10-13,Lower Photic,23.10193919106639,0.6591509307065295,10
WG,2020-10-13,Deep,20.734814612879592,0.4392462551925021,45
WG,2020-11-10,Surface,22.89514043926344,0.0134052774554035,10
WG,2020-11-10,Mid-Depth,22.831282049260743,0.0301834543010853,10
WG,2020-11-10,Lower Photic,22.697653714763668,0.0395967458591759,10
WG,2020-11-10,Deep,20.788130689754823,0.566302655675121,45
WG,2020-12-08,Surface,21.970795064114636,0.0013787538936151,10
WG,2020-12-08,Mid-Depth,21.97231674017445,0.000599664756326,10
WG,2020-12-08,Lower Photic,21.97299823706265,0.0004966488888889,10
WG,2020-12-08,Deep,20.873282538789145,0.6406529885302805,45
WG,2021-01-19,Surface,21.26166460948445,0.0006983757982845,10
WG,2021-01-19,Mid-Depth,21.259671248373586,0.0006076514174378,10
WG,2021-01-19,Lower Photic,21.25540664466981,0.0042264674038488,10
WG,2021-01-19,Deep,20.76386353818785,0.4257395363222366,45
WG,2021-02-16,Surface,21.49196274764358,0.0110220401872058,10
WG,2021-02-16,Mid-Depth,21.16748453119388,0.1616185373951773,10
WG,2021-02-16,Lower Photic,20.92876382143629,0.0383312468527741,10
WG,2021-02-16,Deep,20.605722668986893,0.2642852760300269,45
WG,2021-03-16,Surface,21.408138900037947,0.0118693862669764,10
WG,2021-03-16,Mid-Depth,21.1403495801895,0.1157218632217538,10
WG,2021-03-16,Lower Photic,20.95503247005284,0.0287557170138227,10
WG,2021-03-16,Deep,20.628568296328886,0.2786729170856678,45
WG,2021-04-13,Surface,22.15604263215267,0.1571803860290077,10
WG,2021-04-13,Mid-Depth,21.423854843478445,0.2996100342999713,10
WG,2021-04-13,Lower Photic,21.03885930216673,0.0065896635463799,10
WG,2021-04-13,Deep,20.65444713740663,0.2979193237516676,45
WG,2021-05-11,Surface,22.94321421760512,0.0823086346152113,10
WG,2021-05-11,Mid-Depth,22.242885945305375,0.4371079215003453,10
WG,2021-05-11,Lower Photic,21.19402355304762,0.0927247074651408,10
WG,2021-05-11,Deep,20.66863491329225,0.3103638976758255,45
WG,2021-06-08,Surface,24.346388326734257,0.0312297106109296,10
WG,2021-06-08,Mid-Depth,23.37652310140451,0.7008024343653754,10
WG,2021-06-08,Lower Photic,21.3469470204221,0.2571276664829284,10
WG,2021-06-08,Deep,20.674432376355615,0.3146725727317134,45
WG,2021-07-13,Surface,23.64384583404123,0.0013823527287915,10
WG,2021-07-13,Mid-Depth,23.45569941167604,0.3388520554218387,10
WG,2021-07-13,Lower Photic,21.50681511386549,0.4044239022453649,10
WG,2021-07-13,Deep,20.679544901325503,0.3146428830027472,45
WG,2021-08-10,Surface,23.56599855577727,0.002074294524874,10
WG,2021-08-10,Mid-Depth,23.535307074654988,0.0629628148128075,10
WG,2021-08-10,Lower Photic,22.0640686314642,0.7566860160860625,10
WG,2021-08-10,Deep,20.69083526693801,0.32461746978156,45
WG,2021-09-07,Surface,23.67404799308376,0.0049613484216393,10
WG,2021-09-07,Mid-Depth,23.6424528036408,0.0287868845326803,10
WG,2021-09-07,Lower Photic,22.76170024488624,0.7332516610640463,10
WG,2021-09-07,Deep,20.723776129482093,0.3647731732910954,45
WG,2021-10-12,Surface,23.86666560357757,0.0024384854231909,10
WG,2021-10-12,Mid-Depth,23.85669179258312,0.0079977381173148,10
WG,2021-10-12,Lower Photic,23.04268603878825,0.7265400802311187,10
WG,2021-10-12,Deep,20.73151775285949,0.3756979005980172,45
WG,2021-11-09,Surface,23.120104249383356,0.0031744745049354,10
WG,2021-11-09,Mid-Depth,23.12589750454297,0.0032577755142397,10
WG,2021-11-09,Lower Photic,22.928003424787462,0.1886730126429618,10
WG,2021-11-09,Deep,20.8162737882368,0.5198719192931386,45
WG,2021-12-07,Surface,21.707903540993836,0.0016732429125296,10
WG,2021-12-07,Mid-Depth,21.705731581671703,0.0003297476515032,10
WG,2021-12-07,Lower Photic,21.69769566781067,0.0134321178086805,10
WG,2021-12-07,Deep,20.88575907083909,0.53803369117101,45
WG,2022-01-18,Surface,21.07453471350397,0.0016303513850331,10
WG,2022-01-18,Mid-Depth,21.072927972667888,0.0002798593776532,10
WG,2022-01-18,Lower Photic,21.06849132698768,0.0094949605389125,10
WG,2022-01-18,Deep,20.69917026756331,0.3185748770681263,45
WG,2022-02-08,Surface,20.89766157260516,0.0032886737936806,10
WG,2022-02-08,Mid-Depth,20.9022882064072,0.0014720895094712,10
WG,2022-02-08,Lower Photic,20.904288259452382,0.0004130455389118,10
WG,2022-02-08,Deep,20.64274947210781,0.2602802984719136,45
WG,2022-03-08,Surface,21.17413326691836,0.0124275216528214,10
WG,2022-03-08,Mid-Depth,20.885228937760573,0.2038419734327525,10
WG,2022-03-08,Lower Photic,20.64440116059964,0.0119791934801766,10
WG,2022-03-08,Deep,20.4766756750085,0.1441316009162274,45
WG,2022-04-05,Surface,22.39372774446548,0.0389263499765398,10
WG,2022-04-05,Mid-Depth,21.90553897870628,0.2400952410205517,10
WG,2022-04-05,Lower Photic,21.19788413430036,0.13990011633738,10
WG,2022-04-05,Deep,20.597871274952595,0.208926753334403,45
WG,2022-05-10,Surface,23.81797645405339,0.025410312612746,10
WG,2022-05-10,Mid-Depth,23.380417686843607,0.4266500792737872,10
WG,2022-05-10,Lower Photic,21.57515729339436,0.3811394038555949,10
WG,2022-05-10,Deep,20.623378416627485,0.2422379604049197,45
WG,2022-06-14,Surface,23.19544964262516,0.0094077174879314,10
WG,2022-06-14,Mid-Depth,23.208821379084988,0.0086657390398026,10
WG,2022-06-14,Lower Photic,22.15342492546678,0.736099907863686,10
WG,2022-06-14,Deep,20.621746643898184,0.2263896716780004,45
WG,2022-07-12,Surface,23.23836849855636,0.0056659189239164,10
WG,2022-07-12,Mid-Depth,23.196234721738684,0.0742953325435329,10
WG,2022-07-12,Lower Photic,22.34871715037267,0.5399787379340941,10
WG,2022-07-12,Deep,20.659107772208905,0.2756598733425224,45
WG,2022-08-09,Surface,22.97930542983302,0.0015484171511973,10
WG,2022-08-09,Mid-Depth,22.97901980105248,0.0025646093387189,10
WG,2022-08-09,Lower Photic,22.537957699691145,0.5645212574668388,10
WG,2022-08-09,Deep,20.655145760220588,0.2614442817970407,45
WG,2022-09-06,Surface,23.848185020639672,0.0209327985924527,10
WG,2022-09-06,Mid-Depth,23.59172025226024,0.1105036581462992,10
WG,2022-09-06,Lower Photic,22.84054628134117,0.3721114704222593,10
WG,2022-09-06,Deep,20.71038174278795,0.3684023819110526,45
WG,2022-10-18,Surface,23.149471259312,0.0037517360587014,10
WG,2022-10-18,Mid-Depth,23.10881056173056,0.0462581303721711,10
WG,2022-10-18,Lower Photic,22.79593779532329,0.1815388774058405,10
WG,2022-10-18,Deep,20.75667723795907,0.4191281663123354,45
WG,2022-11-08,Surface,23.137659347807947,0.003190034607067,10
WG,2022-11-08,Mid-Depth,23.10930718821313,0.0112057428691225,10
WG,2022-11-08,Lower Photic,22.9109951721017,0.2803625980224654,10
WG,2022-11-08,Deep,20.777073571711917,0.4382476500922957,45
WG,2022-12-06,Surface,21.73569819817535,0.00688755618026,10
WG,2022-12-06,Mid-Depth,21.7440733546971,0.001497746903364,10
WG,2022-12-06,Lower Photic,21.742548009152465,0.0013404293464157,10
WG,2022-12-06,Deep,20.93766457515671,0.5758118957821531,45
WG,2023-01-17,Surface,20.993948384143277,0.0165871326790538,10
WG,2023-01-17,Mid-Depth,21.001556870661048,0.0039855490594536,10
WG,2023-01-17,Lower Photic,20.97586294406288,0.0237303763523757,10
WG,2023-01-17,Deep,20.65266571246744,0.2284975543541449,45
WG,2023-02-14,Surface,20.68506813242942,0.0063074335306529,10
WG,2023-02-14,Mid-Depth,20.68484479950747,0.0014232127453906,10
WG,2023-02-14,Lower Photic,20.65669576680004,0.0164178717484756,10
WG,2023-02-14,Deep,20.53698834073008,0.1145674135062851,45
WG,2023-03-14,Surface,21.680289721,0.008205705735073,10
WG,2023-03-14,Mid-Depth,21.428955057,0.2232917757955064,10
WG,2023-03-14,Lower Photic,20.768000625,0.121778795894633,10
WG,2023-03-14,Deep,20.51439655012381,0.0916114327633844,45
WG,2023-04-11,Surface,22.20287535275284,0.0025211970872056,10
WG,2023-04-11,Mid-Depth,22.20223245510116,0.0110282337694541,10
WG,2023-04-11,Lower Photic,21.441335993704637,0.4169606893498652,10
WG,2023-04-11,Deep,20.552258485421337,0.1407519812864679,45
WG,2023-05-09,Surface,23.53277389795064,0.0042203104582629,10
WG,2023-05-09,Mid-Depth,23.38643000916425,0.2302442509071927,10
WG,2023-05-09,Lower Photic,21.798517095580277,0.5856320728668344,10
WG,2023-05-09,Deep,20.563203765936468,0.1551417900274625,45
WG,2023-06-13,Surface,24.662187705101303,0.0093187144931457,10
WG,2023-06-13,Mid-Depth,24.45609847191324,0.2440446792978126,10
WG,2023-06-13,Lower Photic,22.30218891645024,0.8697934219583727,10
WG,2023-06-13,Deep,20.606345142456256,0.2032035307992057,45
WG,2023-07-18,Surface,24.004037111351614,0.0074298798522079,10
WG,2023-07-18,Mid-Depth,24.02036642623318,0.0219072360744362,10
WG,2023-07-18,Lower Photic,23.042115273372296,0.9091054373462384,10
WG,2023-07-18,Deep,20.66625243529616,0.2948572796233449,45
WG,2023-08-16,Surface,24.27790046496804,0.0022156011542244,10
WG,2023-08-16,Mid-Depth,24.24322023882467,0.0716987731485529,10
WG,2023-08-16,Lower Photic,23.14881260659314,0.5848429017637398,10
WG,2023-08-16,Deep,20.685054734587474,0.3617756474955491,45
WG,2023-09-05,Surface,24.34232993579075,0.0061030229073826,10
WG,2023-09-05,Mid-Depth,24.31208305958459,0.0549133132950863,10
WG,2023-09-05,Lower Photic,23.47239551609574,0.6592249699010714,10
WG,2023-09-05,Deep,20.66604424554727,0.3068838908095032,45
WG,2023-10-18,Surface,24.28494131434696,0.0166289066099934,10
WG,2023-10-18,Mid-Depth,24.25192950606664,0.0021185321907137,10
WG,2023-10-18,Lower Photic,23.756535783174968,0.380198190777808,10
WG,2023-10-18,Deep,20.81672168583737,0.5624511188750673,45
WG,2023-11-14,Surface,22.65865215849052,0.0029996947259611,10
WG,2023-11-14,Mid-Depth,22.66167667350738,0.0004311564744115,10
WG,2023-11-14,Lower Photic,22.64538838169514,0.0257934288517884,10
WG,2023-11-14,Deep,20.91564527014057,0.6955075559948838,45
WG,2023-12-05,Surface,22.44864300491028,0.0094508283353517,10
WG,2023-12-05,Mid-Depth,22.46159031008896,0.0013461271607339,10
WG,2023-12-05,Lower Photic,22.46699504908942,0.0030258574444426,10
WG,2023-12-05,Deep,20.951747948101094,0.710315721420512,45
WP,2014-02-26,Surface,21.82,0.4516635916254486,10
WP,2014-02-26,Mid-Depth,20.8,0.1247219128924649,10
WP,2014-02-26,Lower Photic,20.69,0.0316227766016831,10
WP,2014-02-26,Deep,20.65474181879689,0.1182886210569962,28
WP,2014-03-26,Surface,23.16,0.0966091783079293,10
WP,2014-03-26,Mid-Depth,22.43,0.240601099101581,10
WP,2014-03-26,Lower Photic,21.81,0.1911950719959997,10
WP,2014-03-26,Deep,20.948728602559736,0.2877371645582478,28
WP,2014-04-22,Surface,22.820819755123388,0.2874329400976357,10
WP,2014-04-22,Mid-Depth,22.117,0.0768909762080191,10
WP,2014-04-22,Lower Photic,21.929,0.1057722921079892,10
WP,2014-04-22,Deep,20.754674013902616,0.4212873462420491,28
WP,2014-06-24,Surface,24.111999999999995,0.3018019954282023,10
WP,2014-06-24,Mid-Depth,23.344999999999995,0.2199621179506448,10
WP,2014-06-24,Lower Photic,22.773,0.275763586348081,10
WP,2014-06-24,Deep,20.94130878536389,0.4974531601046554,28
WP,2014-07-23,Surface,23.404,0.2646675062958971,10
WP,2014-07-23,Mid-Depth,23.028,0.0285968141193694,10
WP,2014-07-23,Lower Photic,22.741000000000003,0.2455130682197315,10
WP,2014-07-23,Deep,20.92910966421949,0.5096798405053549,28
WP,2014-08-12,Surface,23.902000000000005,0.1906596735314292,10
WP,2014-08-12,Mid-Depth,23.266,0.2867519253059456,10
WP,2014-08-12,Lower Photic,22.73,0.0457043640026732,10
WP,2014-08-12,Deep,20.96016837074225,0.6031390911629548,28
WP,2014-09-08,Surface,23.926,0.5702669939988151,10
WP,2014-09-08,Mid-Depth,23.277,0.0994484791236141,10
WP,2014-09-08,Lower Photic,22.743,0.2604291330349449,10
WP,2014-09-08,Deep,21.231102632094167,0.6846012225657682,28
WP,2014-10-07,Surface,24.179,0.5093667092031481,10
WP,2014-10-07,Mid-Depth,23.27,0.1081151649348454,10
WP,2014-10-07,Lower Photic,22.986,0.1072069649478677,10
WP,2014-10-07,Deep,21.22412062092228,0.7540572302322437,28
WP,2014-11-11,Surface,22.958,0.6030809785316287,10
WP,2014-11-11,Mid-Depth,22.273000000000003,0.0266874918683312,10
WP,2014-11-11,Lower Photic,22.222,0.0063245553203369,10
WP,2014-11-11,Deep,21.401960662327426,0.7180985127781575,28
WP,2014-12-08,Surface,21.148000000000003,0.019321835661586,10
WP,2014-12-08,Mid-Depth,21.095,0.0070710678118657,10
WP,2014-12-08,Lower Photic,21.087,0.0048304589153972,10
WP,2014-12-08,Deep,20.775458590872216,0.2840850112254064,28
WP,2015-01-14,Surface,20.468,0.0586515131944607,10
WP,2015-01-14,Mid-Depth,20.39,3.744889033148481e-15,10
WP,2015-01-14,Lower Photic,20.39,3.744889033148481e-15,10
WP,2015-01-14,Deep,20.390099098755165,0.0003788293638663,28
WP,2015-02-10,Surface,20.578000000000003,1.1802146697388007,10
WP,2015-02-10,Mid-Depth,20.501,0.0465355300341103,10
WP,2015-02-10,Lower Photic,20.4,0.0094280904158208,10
WP,2015-02-10,Deep,20.34625494187224,0.0251411272278385,28
WP,2015-03-10,Surface,21.092,0.3871491242976598,10
WP,2015-03-10,Mid-Depth,20.555,0.1577797339471849,10
WP,2015-03-10,Lower Photic,20.353,0.0048304589153955,10
WP,2015-03-10,Deep,20.34041464057534,0.0180131346672989,28
WP,2015-04-14,Surface,22.788,0.55258584049097,10
WP,2015-04-14,Mid-Depth,22.023000000000003,0.2157699392099523,10
WP,2015-04-14,Lower Photic,21.469,0.1485821882550754,10
WP,2015-04-14,Deep,20.687730124514,0.3352372330558353,28
WP,2015-05-05,Surface,23.741,0.21047301225784,10
WP,2015-05-05,Mid-Depth,22.761000000000003,0.5979492732108082,10
WP,2015-05-05,Lower Photic,21.568,0.3086097859757533,10
WP,2015-05-05,Deep,20.5871921486204,0.2506700609495489,28
WP,2015-06-09,Surface,24.01,0.024494897427832,10
WP,2015-06-09,Mid-Depth,23.934,0.1016748630575814,10
WP,2015-06-09,Lower Photic,21.673,0.5577544262486848,10
WP,2015-06-09,Deep,20.553916666666677,0.2061959918064292,28
WP,2015-07-14,Surface,23.291000000000004,0.3385409871788046,10
WP,2015-07-14,Mid-Depth,22.752,0.0446716415140023,10
WP,2015-07-14,Lower Photic,22.503000000000004,0.2349018707649835,10
WP,2015-07-14,Deep,20.688275087764485,0.3504578849008006,28
WP,2015-08-10,Surface,24.422,0.4122243186529494,10
WP,2015-08-10,Mid-Depth,23.609,0.238534879816116,10
WP,2015-08-10,Lower Photic,22.789,0.5344872932696029,10
WP,2015-08-10,Deep,20.819477764658853,0.4083451881389163,28
WP,2015-09-09,Surface,24.099,0.1596837151649745,10
WP,2015-09-09,Mid-Depth,23.721,0.121605007206849,10
WP,2015-09-09,Lower Photic,23.198,0.3571429841269617,10
WP,2015-09-09,Deep,20.977994204971093,0.5371700995073753,28
WP,2015-10-06,Surface,24.536,0.3487182880842993,10
WP,2015-10-06,Mid-Depth,23.736,0.193689327417789,10
WP,2015-10-06,Lower Photic,23.105,0.3403674485023499,10
WP,2015-10-06,Deep,21.01324290557008,0.6184017751054238,28
WP,2015-11-12,Surface,23.48,0.0918936583472694,10
WP,2015-11-12,Mid-Depth,23.4,3.744889033148481e-15,10
WP,2015-11-12,Lower Photic,23.21,0.1791957340762078,10
WP,2015-11-12,Deep,21.74257642076336,0.5840388124387275,28
WP,2015-12-08,Surface,22.055,0.0313581462037106,10
WP,2015-12-08,Mid-Depth,21.993,0.0067494855771065,10
WP,2015-12-08,Lower Photic,21.966,0.0117378779077728,10
WP,2015-12-08,Deep,21.22329094279192,0.6916213915244355,28
WP,2016-01-19,Surface,21.597,0.031640339933558,10
WP,2016-01-19,Mid-Depth,21.505000000000003,0.016499158227687,10
WP,2016-01-19,Lower Photic,21.476,0.005163977794944,10
WP,2016-01-19,Deep,21.13638095819075,0.4486618525963028,28
WP,2016-02-16,Surface,21.178,0.2476018309033006,10
WP,2016-02-16,Mid-Depth,20.888,0.0502880591083901,10
WP,2016-02-16,Lower Photic,20.821,0.0031622776601677,10
WP,2016-02-16,Deep,20.71841587288776,0.1707401973410038,28
WP,2016-03-08,Surface,21.840000000000003,0.2293468988235946,10
WP,2016-03-08,Mid-Depth,20.972,0.1041153206785628,10
WP,2016-03-08,Lower Photic,20.796,0.0579655069847581,10
WP,2016-03-08,Deep,20.655870576258604,0.1090214270070246,28
WP,2016-04-13,Surface,23.517000000000003,0.4614000433463352,10
WP,2016-04-13,Mid-Depth,22.404000000000003,0.326026583783184,10
WP,2016-04-13,Lower Photic,21.546,0.2443221916513794,10
WP,2016-04-13,Deep,20.7268459351996,0.1649016685639753,28
WP,2016-05-17,Surface,24.137,0.1557098441189755,10
WP,2016-05-17,Mid-Depth,23.618,0.3331266025602484,10
WP,2016-05-17,Lower Photic,21.648999999999997,0.5161061475661337,10
WP,2016-05-17,Deep,20.681335120062247,0.1611938672125489,28
WP,2016-06-14,Surface,24.543,0.4535795899778165,10
WP,2016-06-14,Mid-Depth,24.1,0.0612825877028341,10
WP,2016-06-14,Lower Photic,22.617,0.8397493012136948,10
WP,2016-06-14,Deep,20.796746737412327,0.246818521906605,28
WP,2016-07-12,Surface,23.697,0.0535516365555507,10
WP,2016-07-12,Mid-Depth,23.558,0.0649444206824397,10
WP,2016-07-12,Lower Photic,22.458,0.7153833471177067,10
WP,2016-07-12,Deep,20.7527289552278,0.2037980208647768,28
WP,2016-08-10,Surface,24.26,0.3253374316681746,10
WP,2016-08-10,Mid-Depth,23.752,0.1118332091405177,10
WP,2016-08-10,Lower Photic,23.106,0.1354990774876352,10
WP,2016-08-10,Deep,20.905914569676128,0.5119486731651016,28
WP,2016-09-07,Surface,24.039000000000005,0.1190191394505758,10
WP,2016-09-07,Mid-Depth,23.663,0.0736432843736157,10
WP,2016-09-07,Lower Photic,23.308,0.4423623451927669,10
WP,2016-09-07,Deep,20.77869216779477,0.2436257797816901,28
WP,2016-10-12,Surface,23.433,0.0571644800359258,10
WP,2016-10-12,Mid-Depth,23.354,0.0069920589878004,10
WP,2016-10-12,Lower Photic,23.077,0.2845288503239457,10
WP,2016-10-12,Deep,20.95828571428571,0.591947436176361,28
WP,2016-11-09,Surface,23.112,0.3465961466734575,10
WP,2016-11-09,Mid-Depth,22.745,0.0494974746830585,10
WP,2016-11-09,Lower Photic,22.651,0.0073786478737261,10
WP,2016-11-09,Deep,21.294440244928698,0.7866951191055692,28
WP,2016-12-05,Surface,22.232000000000003,0.0814861951498536,10
WP,2016-12-05,Mid-Depth,21.745,0.1105792827693219,10
WP,2016-12-05,Lower Photic,21.619,0.0128668393770783,10
WP,2016-12-05,Deep,21.18387846102356,0.4742869446326625,28
WP,2017-02-08,Surface,21.029,0.0865961251378423,10
WP,2017-02-08,Mid-Depth,20.646,0.1461506072515612,10
WP,2017-02-08,Lower Photic,20.418,0.0209761769634035,10
WP,2017-02-08,Deep,20.388693199160365,0.0042171190346571,28
WP,2017-03-14,Surface,21.227,0.3215258759243007,10
WP,2017-03-14,Mid-Depth,20.559,0.0806156863698927,10
WP,2017-03-14,Lower Photic,20.469,0.0099442892601176,10
WP,2017-03-14,Deep,20.40332641289661,0.0270780777828097,28
WP,2017-04-19,Surface,21.935,0.1906858964661806,10
WP,2017-04-19,Mid-Depth,21.447000000000003,0.0679950978625175,10
WP,2017-04-19,Lower Photic,21.22,0.0907989231458411,10
WP,2017-04-19,Deep,20.599374218317617,0.2184438557382007,28
WP,2017-05-16,Surface,23.590000000000003,0.3530502010259226,10
WP,2017-05-16,Mid-Depth,22.799,0.1404318735583601,10
WP,2017-05-16,Lower Photic,21.892,0.4257490131782131,10
WP,2017-05-16,Deep,20.644413416383568,0.2365317171810468,28
WP,2017-06-13,Surface,24.095,0.3523334910122631,10
WP,2017-06-13,Mid-Depth,23.405,0.2041377530547006,10
WP,2017-06-13,Lower Photic,21.989000000000004,0.5140136184966311,10
WP,2017-06-13,Deep,20.647417012463176,0.2617169015332861,28
WP,2017-07-11,Surface,23.961,0.397951700028478,10
WP,2017-07-11,Mid-Depth,22.953,0.1085305896459098,10
WP,2017-07-11,Lower Photic,21.81,0.6497520894754998,10
WP,2017-07-11,Deep,20.621789970778,0.1723413798666078,28
WP,2017-08-08,Surface,23.703,0.1699052023269971,10
WP,2017-08-08,Mid-Depth,23.367,0.0802842173503335,10
WP,2017-08-08,Lower Photic,22.6,0.6428409169028095,10
WP,2017-08-08,Deep,20.698672586231275,0.2452141643256559,28
WP,2017-09-12,Surface,24.228,0.1573954679567789,10
WP,2017-09-12,Mid-Depth,23.613,0.12481541927538,10
WP,2017-09-12,Lower Photic,22.769,0.4461302749446874,10
WP,2017-09-12,Deep,20.843421197438893,0.4498042796281212,28
WP,2017-10-12,Surface,23.679,0.2936910697390102,10
WP,2017-10-12,Mid-Depth,23.303,0.0649871782225791,10
WP,2017-10-12,Lower Photic,23.055,0.1861451046898629,10
WP,2017-10-12,Deep,20.91563908949147,0.535721451540603,28
WP,2017-11-07,Surface,23.357,0.2742282099112183,10
WP,2017-11-07,Mid-Depth,22.791,0.0826572575290417,10
WP,2017-11-07,Lower Photic,22.687,0.0226323269290244,10
WP,2017-11-07,Deep,21.022885102666827,0.6191984761864954,28
WP,2017-12-13,Surface,22.856545301011572,0.1866122086279173,10
WP,2017-12-13,Mid-Depth,22.40151184741037,0.1184596019896633,10
WP,2017-12-13,Lower Photic,21.84580355393476,0.2386475346402271,10
WP,2017-12-13,Deep,20.812331300128186,0.2754696646519889,28
WP,2018-01-11,Surface,20.711728466416112,0.088625671785339,10
WP,2018-01-11,Mid-Depth,20.52941226112913,0.013342666234182,10
WP,2018-01-11,Lower Photic,20.49064673247582,0.0080848011124357,10
WP,2018-01-11,Deep,20.4578569548137,0.0297852168327732,28
WP,2018-02-07,Surface,20.38326224079072,0.1061737804377063,10
WP,2018-02-07,Mid-Depth,20.271800210341247,0.0100567826968838,10
WP,2018-02-07,Lower Photic,20.26118102471612,0.001204127322009,10
WP,2018-02-07,Deep,20.2744035029273,0.0427043037720507,28
WP,2018-02-28,Surface,20.61521865152646,0.2146894801872795,10
WP,2018-02-28,Mid-Depth,20.31940467713211,0.0274570459174159,10
WP,2018-02-28,Lower Photic,20.26470012397845,0.0133252714426288,10
WP,2018-02-28,Deep,20.259879846587864,0.0400305700245203,28
WP,2018-03-13,Surface,20.80626475191963,0.4240144829662305,10
WP,2018-03-13,Mid-Depth,20.393848490652623,0.0370720150690728,10
WP,2018-03-13,Lower Photic,20.33599933454878,0.0066952248675319,10
WP,2018-03-13,Deep,20.27746029120098,0.0395102200099155,28
WP,2018-04-10,Surface,21.88246262141918,0.0930604152897582,10
WP,2018-04-10,Mid-Depth,21.532780269068788,0.1147029549682516,10
WP,2018-04-10,Lower Photic,20.99445776402309,0.2383876778861405,10
WP,2018-04-10,Deep,20.33686763717663,0.0911922093571066,28
WP,2018-05-15,Surface,23.146822811498048,0.2526924316567148,10
WP,2018-05-15,Mid-Depth,22.20411440706433,0.2972674143309337,10
WP,2018-05-15,Lower Photic,21.395623554722757,0.1755441624680118,10
WP,2018-05-15,Deep,20.518138498145667,0.2228581677971705,28
WP,2018-06-12,Surface,23.62795667006916,0.0807027263728676,10
WP,2018-06-12,Mid-Depth,22.8438612548663,0.5906897810231941,10
WP,2018-06-12,Lower Photic,21.20327537206624,0.2696641527478653,10
WP,2018-06-12,Deep,20.43479830736181,0.1582534425423628,28
WP,2018-07-17,Surface,22.2706696823305,0.0153847276745607,10
WP,2018-07-17,Mid-Depth,22.229187674212938,0.0135534791824738,10
WP,2018-07-17,Lower Photic,21.714162289266547,0.5159348786093274,10
WP,2018-07-17,Deep,20.44098931849626,0.1503813516381899,28
WP,2018-08-14,Surface,23.37909296237438,0.2044990131116484,10
WP,2018-08-14,Mid-Depth,22.9806519979068,0.1160505757412597,10
WP,2018-08-14,Lower Photic,22.34167426723897,0.291169839677714,10
WP,2018-08-14,Deep,20.729418768714694,0.4702107963745501,28
WP,2018-09-11,Surface,23.93497566140811,0.1189621435118186,10
WP,2018-09-11,Mid-Depth,23.58357554479121,0.1502232509386658,10
WP,2018-09-11,Lower Photic,22.4521945564082,0.5175942441962259,10
WP,2018-09-11,Deep,20.737803510348588,0.4454368272153613,28
WP,2018-12-12,Surface,21.586443712224508,2.8847071889508355e-06,10
WP,2018-12-12,Mid-Depth,21.58402923405941,0.0020971029190543,10
WP,2018-12-12,Lower Photic,21.57820391892336,0.0037149952099551,10
WP,2018-12-12,Deep,21.065482722163555,0.5071998521264383,28
WP,2019-02-12,Surface,20.71869925697323,0.0287630935394547,10
WP,2019-02-12,Mid-Depth,20.579331532539435,0.0315179833187721,10
WP,2019-02-12,Lower Photic,20.54902347742882,0.0031587717160183,10
WP,2019-02-12,Deep,20.500762029333902,0.0620470717717814,28
WP,2019-03-12,Surface,21.08422184169362,0.1771006790011446,10
WP,2019-03-12,Mid-Depth,20.82476866584151,0.0263473639385551,10
WP,2019-03-12,Lower Photic,20.687076557846872,0.0515238154568011,10
WP,2019-03-12,Deep,20.53958251974206,0.0732876092480802,28
WP,2019-04-09,Surface,21.963005361368875,0.4187999495595252,10
WP,2019-04-09,Mid-Depth,21.272525546582266,0.0617124868718038,10
WP,2019-04-09,Lower Photic,21.0738058604502,0.1033696550219849,10
WP,2019-04-09,Deep,20.61510046622468,0.1544162958827152,28
WP,2019-05-14,Surface,23.97121015014809,0.1595208679724356,10
WP,2019-05-14,Mid-Depth,22.53647540596285,0.5496828938465564,10
WP,2019-05-14,Lower Photic,21.22958543792721,0.2722726192814944,10
WP,2019-05-14,Deep,20.664888635643013,0.2122357063542017,28
WP,2019-06-12,Surface,24.1334871262916,0.1338197438206075,10
WP,2019-06-12,Mid-Depth,23.403313479058816,0.3050293630891385,10
WP,2019-06-12,Lower Photic,21.6800854413152,0.5169985257757024,10
WP,2019-06-12,Deep,20.72234373198072,0.2118782763195921,28
WP,2019-07-12,Surface,23.594042827566337,0.0256547276880305,10
WP,2019-07-12,Mid-Depth,23.49745459563775,0.0567604462364945,10
WP,2019-07-12,Lower Photic,22.023235262389687,0.8954665320895727,10
WP,2019-07-12,Deep,20.71377135065733,0.2377136116825908,28
WP,2019-08-13,Surface,23.78624623678585,0.0789892388851811,10
WP,2019-08-13,Mid-Depth,23.47751743106405,0.1254922819505127,10
WP,2019-08-13,Lower Photic,23.06374173329913,0.2724052056389945,10
WP,2019-08-13,Deep,20.85991273969124,0.4948786385959746,28
WP,2019-09-10,Surface,24.18208742045478,0.1564636223209831,10
WP,2019-09-10,Mid-Depth,23.68969534827089,0.239805603126143,10
WP,2019-09-10,Lower Photic,22.53917355470445,0.5939443073358005,10
WP,2019-09-10,Deep,20.80504692233455,0.3065138854801471,28
WP,2020-01-23,Surface,20.954082754942075,0.055815012536761,10
WP,2020-01-23,Mid-Depth,20.849833124084537,0.0193930220500419,10
WP,2020-01-23,Lower Photic,20.81433896576933,0.0050433513653245,10
WP,2020-01-23,Deep,20.72848560219413,0.1402565142806595,28
WP,2020-02-11,Surface,21.44657093382677,0.2889122303671326,10
WP,2020-02-11,Mid-Depth,21.041045762988333,0.0282639751628683,10
WP,2020-02-11,Lower Photic,20.94462092319957,0.036918446857011,10
WP,2020-02-11,Deep,20.748335414942662,0.1925142383195584,28
WP,2020-03-10,Surface,20.93998543503281,0.0095476216979935,10
WP,2020-03-10,Mid-Depth,20.87852478096162,0.0212144112661548,10
WP,2020-03-10,Lower Photic,20.822253224908916,0.0086856298504884,10
WP,2020-03-10,Deep,20.72873243671404,0.1512960960495439,28
WP,2020-08-11,Surface,23.90387282843872,0.0062712801074649,10
WP,2020-08-11,Mid-Depth,23.756798392878483,0.1445150354243543,10
WP,2020-08-11,Lower Photic,22.56977655943377,0.8906313992048007,10
WP,2020-08-11,Deep,20.886945593895625,0.2365637199530928,28
WP,2020-09-08,Surface,23.87986420667449,0.0718040935459356,10
WP,2020-09-08,Mid-Depth,23.62217056580693,0.0735111275830689,10
WP,2020-09-08,Lower Photic,22.83420650798304,0.6108402930290583,10
WP,2020-09-08,Deep,20.89976544667231,0.2628996570696674,28
WP,2020-10-13,Surface,23.83322046177468,0.0559817713997574,10
WP,2020-10-13,Mid-Depth,23.62650320159469,0.0263802292199387,10
WP,2020-10-13,Lower Photic,22.769588931761664,0.7672341644233648,10
WP,2020-10-13,Deep,20.88183709049552,0.2379930063788859,28
WP,2020-11-10,Surface,22.912417831126724,0.037272847880522,10
WP,2020-11-10,Mid-Depth,22.75522009730316,0.0344973627433526,10
WP,2020-11-10,Lower Photic,22.65056717023602,0.0523998539587835,10
WP,2020-11-10,Deep,21.10667370107319,0.529656124239448,28
WP,2020-12-08,Surface,21.95473398523492,0.0107789596343023,10
WP,2020-12-08,Mid-Depth,21.918888498836747,0.0064364215480962,10
WP,2020-12-08,Lower Photic,21.91287088221318,0.000206166930276,10
WP,2020-12-08,Deep,21.285664401979425,0.5812777316161833,28
WP,2021-01-19,Surface,21.20120299775628,0.0466388639037577,10
WP,2021-01-19,Mid-Depth,21.154827516148607,0.0013974612441388,10
WP,2021-01-19,Lower Photic,21.15084930018704,0.0006248650365212,10
WP,2021-01-19,Deep,20.99439786499239,0.2853880553841572,28
WP,2021-02-16,Surface,21.513667272037747,0.3319104462110019,10
WP,2021-02-16,Mid-Depth,21.129258068158236,0.0529485437194176,10
WP,2021-02-16,Lower Photic,20.99571058575264,0.0253784713391212,10
WP,2021-02-16,Deep,20.79704285536094,0.1701997330901104,28
WP,2021-03-16,Surface,21.40675894365114,0.2473921579949418,10
WP,2021-03-16,Mid-Depth,21.03239370180336,0.0646149481027529,10
WP,2021-03-16,Lower Photic,20.896399222545018,0.0244957839672435,10
WP,2021-03-16,Deep,20.78092713705899,0.1375658836164129,28
WP,2021-04-13,Surface,21.96442468901185,0.3740368419814286,10
WP,2021-04-13,Mid-Depth,21.22585403709931,0.082149600778776,10
WP,2021-04-13,Lower Photic,21.10291966029589,0.0248259374142956,10
WP,2021-04-13,Deep,20.84672790327278,0.1853414208070582,28
WP,2021-05-11,Surface,22.990851073729907,0.2504703784012809,10
WP,2021-05-11,Mid-Depth,22.080596005656453,0.3339046053269253,10
WP,2021-05-11,Lower Photic,21.2605374544831,0.1173150027272078,10
WP,2021-05-11,Deep,20.890090376972378,0.2078670938624678,28
WP,2021-06-08,Surface,24.44517555816499,0.1250454809514521,10
WP,2021-06-08,Mid-Depth,23.06818011349025,0.8435738198861498,10
WP,2021-06-08,Lower Photic,21.207483101151944,0.0994479417691282,10
WP,2021-06-08,Deep,20.85978548857764,0.2064947422917052,28
WP,2021-07-13,Surface,23.57749420439968,0.0085908282356419,10
WP,2021-07-13,Mid-Depth,23.47561484435896,0.0706207868711845,10
WP,2021-07-13,Lower Photic,21.89356292378778,0.4907295133600121,10
WP,2021-07-13,Deep,20.918931071599467,0.217570692654207,28
WP,2021-08-10,Surface,23.75158967872673,0.1668606082920445,10
WP,2021-08-10,Mid-Depth,23.3404318627202,0.111313208922305,10
WP,2021-08-10,Lower Photic,22.40181326369511,0.6248885710717632,10
WP,2021-08-10,Deep,20.981679616826614,0.2296611827960931,28
WP,2021-09-07,Surface,24.214375848591818,0.2406299678861637,10
WP,2021-09-07,Mid-Depth,23.63825107301483,0.1177016516847746,10
WP,2021-09-07,Lower Photic,22.919909341518867,0.720517617925819,10
WP,2021-09-07,Deep,20.946803106671517,0.228677646192698,28
WP,2021-10-12,Surface,24.29906229913901,0.1085899253400283,10
WP,2021-10-12,Mid-Depth,23.86054057801061,0.1332714551136877,10
WP,2021-10-12,Lower Photic,22.98816038231881,0.599811516239128,10
WP,2021-10-12,Deep,20.973752951736085,0.2752037137549297,28
WP,2021-11-09,Surface,23.328363384975173,0.1673485016732183,10
WP,2021-11-09,Mid-Depth,23.17764060232907,0.010247302005495,10
WP,2021-11-09,Lower Photic,23.08450719785789,0.0880310684654728,10
WP,2021-11-09,Deep,21.12727742451309,0.4919194457958298,28
WP,2021-12-07,Surface,21.81951092537775,0.0901130740362787,10
WP,2021-12-07,Mid-Depth,21.69455666736132,0.0069192058736751,10
WP,2021-12-07,Lower Photic,21.679872396043823,0.006588263652424,10
WP,2021-12-07,Deep,21.19251799681162,0.4376373127050562,28
WP,2022-01-18,Surface,21.20587999436035,0.1491037247182944,10
WP,2022-01-18,Mid-Depth,21.02690107710983,0.0132429725400226,10
WP,2022-01-18,Lower Photic,20.992683126321243,0.0080318701387261,10
WP,2022-01-18,Deep,20.88040554693846,0.1836451132343286,28
WP,2022-02-08,Surface,21.091913663942098,0.0594817674431165,10
WP,2022-02-08,Mid-Depth,20.98715994413434,0.033558857391546,10
WP,2022-02-08,Lower Photic,20.857486361980268,0.0119826217995239,10
WP,2022-02-08,Deep,20.779946627064664,0.1364857687740762,28
WP,2022-03-08,Surface,21.2249737732757,0.4972807641907049,10
WP,2022-03-08,Mid-Depth,20.71658244161616,0.0936655762040046,10
WP,2022-03-08,Lower Photic,20.58776414209976,0.008323948329512,10
WP,2022-03-08,Deep,20.543435439136008,0.0548780361945121,28
WP,2022-04-05,Surface,22.83440676501534,0.272668136961455,10
WP,2022-04-05,Mid-Depth,21.80621265504957,0.3235607413357669,10
WP,2022-04-05,Lower Photic,21.17621993498846,0.1435101286802396,10
WP,2022-04-05,Deep,20.71477529282488,0.1154849000608286,28
WP,2022-05-10,Surface,24.27777163888648,0.5074716124671702,10
WP,2022-05-10,Mid-Depth,22.959607198251987,0.3994929888778146,10
WP,2022-05-10,Lower Photic,21.535123413136738,0.443741729433686,10
WP,2022-05-10,Deep,20.745354788704116,0.155754677114795,28
WP,2022-06-14,Surface,23.504156140537592,0.2116056801566617,10
WP,2022-06-14,Mid-Depth,22.952342831513867,0.0632274043213379,10
WP,2022-06-14,Lower Photic,22.00210612903427,0.7520810188322035,10
WP,2022-06-14,Deep,20.764003472066783,0.1436754038768066,28
WP,2022-07-12,Surface,23.568189242699923,0.2410772373569137,10
WP,2022-07-12,Mid-Depth,22.939957395156007,0.1878412465449474,10
WP,2022-07-12,Lower Photic,22.30383746323597,0.3812047743318337,10
WP,2022-07-12,Deep,20.8059395854574,0.2017906698676504,28
WP,2022-08-09,Surface,23.01833219316259,0.0636417414893303,10
WP,2022-08-09,Mid-Depth,22.9151277301989,0.0183528490555394,10
WP,2022-08-09,Lower Photic,22.55481289548877,0.4493045104077196,10
WP,2022-08-09,Deep,20.9254323514564,0.3347645095202146,28
WP,2022-09-06,Surface,24.21986503743888,0.3533132590783299,10
WP,2022-09-06,Mid-Depth,23.50007190587342,0.1463059363826545,10
WP,2022-09-06,Lower Photic,22.83352035584758,0.2937314436309986,10
WP,2022-09-06,Deep,21.02368717232498,0.4662107285808935,28
WP,2022-10-18,Surface,23.47225693808865,0.4447078264574269,10
WP,2022-10-18,Mid-Depth,22.90021685299433,0.0575591391819482,10
WP,2022-10-18,Lower Photic,22.78087220723973,0.0353641579561211,10
WP,2022-10-18,Deep,21.16489452654879,0.6107093935923177,28
WP,2022-11-08,Surface,23.38460128201135,0.2664784564530761,10
WP,2022-11-08,Mid-Depth,22.962258363985747,0.0344118280658946,10
WP,2022-11-08,Lower Photic,22.79701999496312,0.0891066628678687,10
WP,2022-11-08,Deep,21.110719023320037,0.5784710289051297,28
WP,2022-12-06,Surface,21.801692522123385,0.0935328558472009,10
WP,2022-12-06,Mid-Depth,21.68716272552024,0.004462853653295,10
WP,2022-12-06,Lower Photic,21.68300107896136,0.0002608624821485,10
WP,2022-12-06,Deep,21.162390655318067,0.480703805883854,28
WP,2023-01-17,Surface,21.22796969517559,0.1338762732663209,10
WP,2023-01-17,Mid-Depth,21.03422308643437,0.0478409616903907,10
WP,2023-01-17,Lower Photic,20.90515890006721,0.0486707664972528,10
WP,2023-01-17,Deep,20.78594093219512,0.130384708621413,28
WP,2023-02-14,Surface,20.777742606340528,0.1737161351939533,10
WP,2023-02-14,Mid-Depth,20.658290771033258,0.0059160325942784,10
WP,2023-02-14,Lower Photic,20.643359126695184,0.0052670659505537,10
WP,2023-02-14,Deep,20.58517005441922,0.0399185551160109,28
WP,2023-03-14,Surface,22.048728952384018,0.3118507758666515,10
WP,2023-03-14,Mid-Depth,21.258327196312912,0.3387417797869119,10
WP,2023-03-14,Lower Photic,20.680333419087617,0.0556619980437717,10
WP,2023-03-14,Deep,20.570243437611385,0.0583121320965078,28
WP,2023-04-11,Surface,22.22138139762644,0.0565622099020768,10
WP,2023-04-11,Mid-Depth,22.06665392815408,0.056917736828782,10
WP,2023-04-11,Lower Photic,21.42494342729471,0.4179575150709281,10
WP,2023-04-11,Deep,20.620986561944036,0.1053950370687556,28
WP,2023-05-09,Surface,23.96707384429014,0.5384261350764575,10
WP,2023-05-09,Mid-Depth,22.888661486395723,0.1845450278277774,10
WP,2023-05-09,Lower Photic,21.6452702340898,0.450775963899415,10
WP,2023-05-09,Deep,20.646916901922243,0.1107928496264049,28
WP,2023-06-13,Surface,24.857123595652418,0.2402814741599027,10
WP,2023-06-13,Mid-Depth,24.16289809428636,0.3418768269283493,10
WP,2023-06-13,Lower Photic,22.15603587500967,0.6173432703346925,10
WP,2023-06-13,Deep,20.7761152493531,0.2120549220869211,28
WP,2023-07-18,Surface,24.054968369378283,0.0592604447804451,10
WP,2023-07-18,Mid-Depth,23.84672189656795,0.1901987119798416,10
WP,2023-07-18,Lower Photic,22.282960072099968,0.6051106986878708,10
WP,2023-07-18,Deep,20.76442388341324,0.2071469102144164,28
WP,2023-08-16,Surface,24.32751398607627,0.1332482334845356,10
WP,2023-08-16,Mid-Depth,23.975753836484905,0.188707352511251,10
WP,2023-08-16,Lower Photic,22.801933864354687,0.6482731040409283,10
WP,2023-08-16,Deep,20.729641701616156,0.1885138746848717,28
WP,2023-09-05,Surface,24.630222358573494,0.1591180561342377,10
WP,2023-09-05,Mid-Depth,24.09660062594,0.1460860043629131,10
WP,2023-09-05,Lower Photic,23.09031226048301,0.6748601652073314,10
WP,2023-09-05,Deep,20.78196368659261,0.2933462172652339,28
WP,2023-10-18,Surface,24.333407135788622,0.1350647890477095,10
WP,2023-10-18,Mid-Depth,24.17395234921002,0.0111660630366641,10
WP,2023-10-18,Lower Photic,23.73969837748268,0.3121300373730581,10
WP,2023-10-18,Deep,21.10202943763247,0.6809700735244159,28
WP,2023-11-14,Surface,22.66241846166209,0.0920104309378306,10
WP,2023-11-14,Mid-Depth,22.549414888026696,0.0079812091762303,10
WP,2023-11-14,Lower Photic,22.53359062714218,0.0065469309148623,10
WP,2023-11-14,Deep,21.344200100156304,0.8419189224704691,28
WP,2023-12-05,Surface,22.434656237172668,0.0803040969591031,10
WP,2023-12-05,Mid-Depth,22.35279087187015,0.0029303225246915,10
WP,2023-12-05,Lower Photic,22.347142725041618,0.0012862381599838,10
WP,2023-12-05,Deep,21.423331196935315,0.7914673871214524,28
