location,depth_group,date,temp,chlorophyll_a,ph,turbidity,dissolved_oxygen,total_dissolved_solids,biochemical_oxygen_demand,secchi,nitrate,phosphate,Ammonium,nitrogen,phosphorus
SA,0-10 m,11/01/2018,20.52023804,1.696450114,8.676007784,0.707747683,1.630856186,276.3871421,0.349774678,6.623698823,10.55987777,1.700277926,5.541461247,51.05,25.84620506
SA,0-10 m,07/02/2018,20.33826735,2.102454636,8.89105028,0.552153827,6.588030781,276.3871421,0.743154642,5.361849412,19.63763177,9.666089065,0.995498712,41.675,23.7666219
SA,0-10 m,13/03/2018,20.69084031,2.505139287,8.921379204,0.571171213,6.615650826,276.3871421,2.2,4.1,1.721403596,17.6319002,1.190314603,32.3,21.68703875
SA,0-10 m,10/04/2018,21.5113993,2.87748944,8.775691838,0.428991139,6.949879534,276.3871421,2.8,7.55,0.84793116,19.14662444,3.133094592,35.65,19.60745559
SA,0-10 m,15/05/2018,22.71095547,1.989092254,8.840345333,0.292084261,7.315734075,242.1066413,2.2,7.025,2.91928507,18.83083694,7.669755271,44,17.52787243
SA,0-10 m,12/06/2018,23.26055297,2.328827109,8.918405216,0.365962623,7.080478982,256.0088839,0.8,6.5,13.39,13.65128131,7.918970244,35.85,15.44828927
SA,0-10 m,17/07/2018,22.59701799,2.513865501,8.880654589,0.471556438,6.969427111,269.9111265,3.1,5.825,0,11.3129615,4.21875,35.85,19.94181283
SA,0-10 m,14/08/2018,23.27504729,1.529208257,8.920381115,0.434617513,7.063523945,283.8133691,3.1,6.6,0,13.13662703,4.422505801,59.75003213,24.43533639
SA,0-10 m,11/09/2018,23.56241388,2.154392242,8.838192569,0.522043992,7.156022971,240,3.806207836,7.825,0.780774909,14.41372696,4.76274475,31.01448871,12.2176682
SA,0-10 m,24/09/2018,23.65690986,1.949981529,9.021412891,0.518197034,7.673712424,297.4578827,4.512415673,6.875,0,0,7.753872375,2.278945293,0
SA,0-10 m,14/11/2018,22.65985441,2.714807095,8.85264826,0.514350076,6.845965565,225,2,5.925,7.57,6.595,10.745,28.48042673,32.17
SA,0-10 m,12/12/2018,21.48715446,1.810013347,8.676075216,0.611713794,7.237982782,201.2,2.1,6,0,0,13.34977273,54.68190817,27.88934783
SA,0-10 m,12/02/2019,20.70249019,3.162290259,8.497697246,0.709077512,7.63,252.9,2.2,6.9,14,12.2,15.95454545,0,23.60869565
SA,0-10 m,12/03/2019,21.21877372,4.514567171,8.708772872,0.672002472,7.488,304.6,2.5,6.05,11.6,10.3,6.955555556,0,15.86956522
SA,0-10 m,09/04/2019,21.52861238,3.341801617,8.753406545,0.634927431,7.605,304.9,2.5,6.93,4.4,8,7.542857143,0,13.625
SA,0-10 m,14/05/2019,23.30046824,1.760399615,8.716161318,0.380444294,7.410947675,284.9333333,4.2,6.25,1.872727273,10.5,14.7826087,0,14.18181818
SA,0-10 m,12/06/2019,23.62479373,1.336600742,8.81140297,0.414957305,7.246239339,264.9666667,2.5,5.65,1.061538462,3.40625,20.02702703,0,17.59090909
SA,0-10 m,12/07/2019,23.44526641,2.348391235,8.783167603,0.657448253,6.945812312,245,3.4,4.625,3.41025641,9.9,5.209302326,21.07249154,18.63636364
SA,0-10 m,13/08/2019,23.85895613,1.300874127,8.807352946,0.34398524,7.182337049,280.6927619,3.9,5.8375,3.363636364,14.8,13.47826087,0,13.60869565
SA,0-10 m,10/09/2019,23.77249476,1.707013521,8.903791597,0.531225642,7.233249345,244.9638226,0.8,7.05,0,0,6.739130435,0,0
SA,0-10 m,11/02/2020,21.33902148,1.890767829,8.714403032,0.618164367,7.648947033,243.6932082,3.4,5.75,11.23529412,11,0,0,12.90909091
SA,0-10 m,12/05/2020,23.53035793,2.074522138,8.711675064,0.339207368,7.420083736,247,3.6,6.1,3.2918375,2.524645161,18.73913725,0,15.58333333
SA,0-10 m,09/06/2020,23.28527304,2.768513302,8.626713765,0.452840771,7.420047205,244,3.1,5.5,2.588304094,4.5654,11.45839627,28.26120559,11.40909091
SA,0-10 m,14/07/2020,23.73168301,3.360208299,8.605098356,0.566474175,7.464983796,243,4.2,4.9,1.764614379,14.8919,9.695127273,1.146570281,10.07142857
SA,0-10 m,11/08/2020,24.00258445,1.674829308,8.697487095,0.477792412,6.979406405,243,2.2,6.1,2.199748503,10.6526,18.032,0,19.09259259
SA,0-10 m,08/09/2020,23.56781587,1.482193204,8.616837645,0.486840568,7.003987218,242,2.8,6.325,5.799586207,11.64492581,17.28782222,0,4.638297872
SA,0-10 m,13/10/2020,23.6845226,1.362731185,8.632666992,0.38176812,7.022828493,239.6650822,3.1,6.8375,2.6279375,7.3916,7.496820513,0,5.136363636
SA,0-10 m,10/11/2020,22.68513225,1.854445439,8.456654151,0.503968876,7.389346681,242.2948632,3.1,4.2,1.829413333,4.497931034,7.540166667,0,12.72
SA,0-10 m,08/12/2020,21.89535406,2.346159693,8.149125623,0.626169631,6.66343494,243.4204056,2.2,5.45,3.87703876,12.22875,24.75375,36.3801716,4.818181818
SA,0-10 m,19/01/2021,21.31809329,2.684077607,8.102161822,0.497584687,7.066336863,229.7943286,2.3,4.83,0,2.519863636,33.20464,26.54944431,5.813953488
SA,0-10 m,16/02/2021,21.04430227,3.379432069,8.412557159,0.482661366,7.026148467,246.1698608,1.7,6.275,19.44078481,6.463767857,7.2864,16.71871702,7.413043478
SA,0-10 m,16/03/2021,21.21687268,3.135489515,8.617984164,0.658519329,7.037071882,247.8457622,2,4.75,25.97869565,22.9357,24.28754957,54.20217273,7.854166667
SA,0-10 m,13/04/2021,21.49837767,3.146443226,8.617276118,0.528073708,7.409080996,247.8586698,1.7,4.525,2.701584416,21.74,30.04465789,36.84232573,11.34782609
SA,0-10 m,11/05/2021,22.71575841,1.430658736,8.659522915,0.600089707,7.417648661,246,2.1,6.025,0.501056604,10.4352,18.54969258,42.03733883,22.82230769
SA,0-10 m,08/06/2021,23.97214504,1.406487398,8.701769713,0.585581369,7.473341919,245.3,2.5,4.8125,25.50773684,10.05287586,7.054727273,0,13.44444444
SA,0-10 m,13/07/2021,23.63708883,1.979374414,8.790574089,0.522053795,7.36676985,243,2,5.8,8.672567568,9.670551724,10.28322581,0,21.06602254
SA,0-10 m,10/08/2021,23.47237432,1.137308623,8.818670057,0.417419965,7.397959564,240.5289594,3.4,6.4,6.565233333,19.566,19.71630769,0,14.26086957
SA,0-10 m,07/09/2021,23.64865212,1.69370758,8.460061441,0.579258968,7.399537558,242.0271953,2.5,5.625,12.09773333,26.61396774,17.57741176,0,11.77272727
SA,0-10 m,12/10/2021,23.91843202,2.283187061,8.439161918,0.5841693,7.477838734,242,2.2,5.175,17.704,20.40754839,30.74575,5.480375172,8.307692308
SA,0-10 m,09/11/2021,23.21460975,2.46220077,8.523957968,0.617013399,6.992147713,242.0585346,2,5.2,28.73543979,29.7838,32.15558621,9.715382596,11.13636364
SA,0-10 m,07/12/2021,21.73407955,2.641214478,8.485185921,0.507068538,7.093130618,245,1.1,6.125,13.47471111,15.25306452,25.09550909,14.61774063,8.818181818
SA,0-10 m,18/01/2022,20.97944742,2.216398457,8.443497406,0.330792362,6.76468717,247,0.6,6.8,16.13787692,20.24975806,35.83908788,39.96889351,29.92
SA,0-10 m,08/02/2022,20.89531005,2.453386321,8.601195845,0.420820825,6.942781885,247.717042,3.1,7.05,12.73698534,25.24645161,20.75791431,58.1482156,10.76190476
SA,0-10 m,08/03/2022,20.79481648,2.616242697,8.394046018,0.478793017,7.546786116,236.8302619,1.4,4.55,9.33609375,15.74597143,5.676740741,38.42665657,13.65217391
SA,0-10 m,05/04/2022,22.04143081,2.121317361,8.186896191,0.536765209,7.589467175,249.3551323,2.2,5.225,9.631489732,24.06928571,2.993239437,21.00273791,13.38214286
SA,0-10 m,10/05/2022,23.60113244,1.694491209,8.508604717,0.497533635,7.673712424,248,2,5.775,9.926885714,32.3926,16.4323871,0,12.39285714
SA,0-10 m,14/06/2022,23.14905808,1.905614483,8.686991704,0.408644426,7.342566271,245.1995153,1.4,5.75,12.12120455,10.68258621,11.592,0,13.57142857
SA,0-10 m,12/07/2022,23.14589008,1.612001429,8.623072322,0.661916253,7.412561998,245.8043571,2.8,5.7125,17.81328395,27.32493103,13.02861538,5.947578111,13.92
SA,0-10 m,09/08/2022,23.15486613,1.895803955,8.679319411,0.576091908,7.091904845,246,2.8,6.775,10.20997727,11.89305882,5.888,0,10.92307692
SA,0-10 m,06/09/2022,23.60389643,1.748483719,8.735566499,0.458029241,7.58967292,243.9326923,2.3,6.925,46.0035104,12.41230527,24.53695043,0,11.28571429
SA,0-10 m,18/10/2022,22.98700161,2.96997189,8.618268005,0.613248274,7.282552036,242,3.4,6.025,13.72810169,12.93155172,23.03789314,8.186765109,13.45454545
SA,0-10 m,08/11/2022,23.0296862,2.414392746,8.473295127,0.465015669,7.074862201,242.3145444,3.9,6.625,18.55085558,34.2405,8.071466667,23.35038609,18
SA,0-10 m,06/12/2022,21.72060968,1.953923496,8.473870871,0.526665259,6.991379134,245,2.2,6.2,23.37360947,29.7987931,17.0438615,42.6361941,11.77272727
SA,0-10 m,17/01/2023,20.93843957,2.404316626,8.057423214,0.500261693,6.907896067,247.2500874,2.5,6.375,28.19636335,34.12840313,26.01625633,61.92200211,13.95833333
SA,0-10 m,14/02/2023,20.8306116,2.319906262,8.144170135,0.458140431,6.587865041,248,1.7,7.2125,33.01911724,32.8274,15.48902564,37.39655913,14.86956522
SA,0-10 m,14/03/2023,21.40490335,4.790844511,8.230917056,0.545758487,7.673712424,249,4.1,5.1125,37.84187112,33.41042727,4.757714286,35.3000095,10.13333333
SA,0-10 m,11/04/2023,22.01185843,1.948239141,8.083014916,0.443246261,7.12905906,250,0.6,7.2375,25.14499806,33.99345455,12.376,33.20345988,12.86363636
SA,0-10 m,09/05/2023,23.48376528,1.287146305,8.280855765,0.42291327,7.673712424,249.9323475,3.1,7.5625,12.448125,13.044,0,0,16.36666667
SA,0-10 m,13/06/2023,24.34261402,1.619732059,8.478696615,0.48989284,7.669910373,249,2.8,5.833333333,9.388484848,13.85925,0,0,10.04347826
SA,0-10 m,18/07/2023,24.0155304,2.203525877,8.24205215,0.544055403,7.142385959,248,3.233631583,5.975,0,0,28.88831899,5.742500519,0
SA,0-10 m,16/08/2023,24.16439282,2.361199288,8.005407685,0.676411793,7.316590431,247,3.667263165,5.15,0,0,32.5364548,14.8087829,0
SA,0-10 m,05/09/2023,24.18380477,2.097211804,8.507137021,0.54546511,7.451776143,233.2895775,4.100894748,6.1125,0,0,21.29023512,0,0
SA,0-10 m,18/10/2023,24.08513029,2.271422328,8.327666499,0.571249266,7.166338597,300,3.728915294,5.55,0,0,0,0,0
SA,0-10 m,14/11/2023,22.8981749,2.445632852,8.148195976,0.597033422,7.015025945,242.3262974,3.35693584,6,0,0,16.45822436,24.06796745,0
SA,0-10 m,05/12/2023,22.41830809,2.845376782,8.285028244,0.563849851,6.751127747,245.6585129,3.513336167,5.275,0,0,8.284795865,45.59485071,0
WG,0-10 m,11/01/2018,20.5025402,1.696450114,8.676007784,0.379124134,1.630856186,276.3871421,0.349774678,9.513495268,21.20463621,15.61940098,5.800848022,55,23.48946537
WG,0-10 m,07/02/2018,20.61464858,3.609093196,8.80604004,0.318831929,6.137795346,276.3871421,0.530936944,9.251005165,10.6023181,29.24392553,2.780436433,56.74864258,24.84952171
WG,0-10 m,28/02/2018,20.72675697,3.343309092,8.911778058,0.693023951,6.082968994,276.3871421,0.529303746,7.841623474,0,0,0,54.64932129,26.20957805
WG,0-10 m,15/03/2018,20.93175282,2.363091338,8.964204625,0.423995579,6.780581413,276.3871421,2.96617607,8.294415649,8.949677692,16.92976806,0.508037772,52.55,27.56963438
WG,0-10 m,12/04/2018,21.74121944,1.382873584,8.812434307,0.269361939,6.732023783,286.2464493,2.5,8.747207825,2.08139588,18.92169203,4.792257385,23.35,28.92969072
WG,0-10 m,16/05/2018,22.92111457,1.370073319,8.834800177,0.285980738,7.242183498,241.5790197,2.2,9.2,6.714503987,15.88145291,9.137639741,35.55,30.28974705
WG,0-10 m,13/06/2018,23.58063616,0.862630737,8.89492206,0.302599537,7.107179309,202.1505911,1.7,5.95,3.274,14.34626308,11.37957268,40.45,18.89859855
WG,0-10 m,18/07/2018,22.38932946,1.103682995,8.787404465,0.224587246,6.66351473,243.5907774,3.6,8.75,0,14.90614164,4.28884291,31.7,35.11904762
WG,0-10 m,16/08/2018,23.3568157,0.716428459,8.931597093,0.352986312,7.071328381,285.0309637,3.4,8.225,0,15.00217603,4.011045223,47.74605108,22.43912349
WG,0-10 m,12/09/2018,23.83047057,0.982821994,8.872369894,0.508046593,7.111558458,236,2,9.5,0,8.400007662,0.947971801,53.19239962,25.97027251
WG,0-10 m,24/09/2018,23.85313504,2.100122294,9.138806955,0.607878602,7.673712424,229,1.4,7.5,0,0,2.855358276,0,0
WG,0-10 m,10/10/2018,23.02549205,2.344304056,9.090432555,0.707710611,6.916278506,222,0.8,5.5,4.229964327,5.58661856,4.76274475,27.01688739,31.64211598
WG,0-10 m,14/11/2018,22.82577535,2.588485818,8.985271202,0.487912239,6.958515133,222,2.5,6.25,8.44,5.255,9.36,54.03377478,20.335
WG,0-10 m,12/12/2018,21.59587351,2.051809134,8.303065721,0.655698479,6.390152017,201.9,2.2,6.73,0,0,16.10846815,49.11509484,34.3422978
WG,0-10 m,12/02/2019,20.66481975,2.963568066,8.571286854,0.588207951,7.385440942,280.8649284,2.1,8.75,8,23.7,25.95454545,0,25.56521739
WG,0-10 m,12/03/2019,21.48788778,3.096689599,8.902478247,0.715911971,7.507,273.6919427,3.1,7.475,22.26666667,7.8,12.95555556,0,12.82608696
WG,0-10 m,09/04/2019,22.11172467,2.750867243,8.798153418,0.521943182,7.652,266.518957,3.1,8.18,2.066666667,16,15.54285714,0,14.04166667
WG,0-10 m,14/05/2019,23.7159759,1.16886951,8.844977148,0.298236413,7.229429807,259.3459714,2.8,7.768751886,11.45454545,3,15.10869565,0,12.13636364
WG,0-10 m,12/06/2019,23.89619427,0.841986778,8.917858428,0.262103267,7.477274777,252.1729857,2.8,6.9,0,4.96875,34.89189189,0,10.09090909
WG,0-10 m,12/07/2019,23.42386551,1.37024245,8.842034299,0.322719772,6.844231509,245,3.9,6.975,2.448717949,10.4,24.74418605,0,15.90909091
WG,0-10 m,13/08/2019,23.73191733,1.180294832,8.802644649,0.269775183,7.013105895,283.7406798,3.9,7.9,0.181818182,8.8,26.97819503,0,8.608695652
WG,0-10 m,10/09/2019,23.88658508,0.987403463,8.933486519,0.351433017,7.090487292,264.3703399,0.8,9.05,0,0,29.21220401,0,0
WG,0-10 m,23/01/2020,20.87151274,3.191409045,8.805572536,0.371765355,7.351676188,245,2,7.825,6.058823529,5.25,17.42163281,35.84803687,0
WG,0-10 m,11/02/2020,21.62144029,2.992767965,8.677658552,0.60211345,7.612865083,245,2.8,5.825,12.11764706,10.5,0,6.133822783,11.54545455
WG,0-10 m,10/03/2020,20.955258,2.870703459,8.603014095,0.469156292,6.619955098,245.9530972,2.5,5.575,18.26730909,1.683096774,27.82394146,57.52387997,13.96296296
WG,0-10 m,14/04/2020,23.3038697,1.329314454,8.810272733,0.52545673,7.340920976,242.258942,2.8,6.825,2.990540541,17.42596875,18.60029073,18.92627332,7.047619048
WG,0-10 m,12/05/2020,23.76493167,1.8011648,8.812433793,0.369665332,7.204639068,247,3.1,7.58,3.5684625,8.836258065,9.37664,0,8.291666667
WG,0-10 m,09/06/2020,23.5288257,2.434165962,8.757032902,0.220136498,7.288158161,244,2,5.775,5.564853801,13.2614,16.36720746,0,10.72727273
WG,0-10 m,14/07/2020,23.86359254,1.532446149,8.545085855,0.482390296,7.170999378,244,2.5,6.975,12.75729412,17.6094,25.12182595,2.638453524,9
WG,0-10 m,11/08/2020,24.05082664,1.340792233,8.566773075,0.427469609,7.007066197,243,2,5.9,10.54819162,13.9136,33.87644444,3.042525329,14.57407407
WG,0-10 m,08/09/2020,23.7266657,1.107175261,8.674087764,0.531107522,7.116922551,235.8584892,1.1,6.525,9.767724138,6.911216129,21.92509402,8.393548577,5.489361702
WG,0-10 m,13/10/2020,23.86313073,1.193885242,8.781402452,0.427684312,7.071729064,237.9429377,2,6.65,2.3513125,13.3701,9.97374359,0,6.386363636
WG,0-10 m,10/11/2020,22.89514044,1.744856797,8.702310315,0.412647843,6.870830344,242,2.1,8.3,4.485013333,15.18051724,13.98016667,0,9.32
WG,0-10 m,08/12/2020,21.97079506,1.915986544,8.715629423,0.35808957,6.758705739,243,2.2,6.6875,5.592542636,27.95142857,15.59016667,5.757080512,4.590909091
WG,0-10 m,19/01/2021,21.26166461,3.141404573,8.758439426,0.295376504,6.852006878,245,2.5,6,5.227811594,4.002136364,26.56475606,41.74766743,10.69767442
WG,0-10 m,16/02/2021,21.49196275,2.928095962,8.801249429,0.47291007,7.370488101,246,0.6,6.15,12.15749367,11.12233929,37.53934545,7.279059379,5.02173913
WG,0-10 m,16/03/2021,21.4081389,2.714787351,8.680584283,0.53919723,7.065317854,247,1.4,6.55,30.78956522,20.7617,5.691162791,9.805053709,5.666666667
WG,0-10 m,13/04/2021,22.15604263,2.056947261,8.673562905,0.454735999,7.577164557,248,1.4,6.6,6.725220779,14.6745,23.61071053,0,13.52173913
WG,0-10 m,11/05/2021,22.94321422,1.369101132,8.746356568,0.679708711,7.226700355,247,1.6,5.35,11.35728302,17.5007,25.16627907,16.12699938,10.56
WG,0-10 m,08/06/2021,24.34261402,1.062288258,8.82555319,0.586637949,7.248931282,245,3.4,5.7,5.707210526,24.26821207,5.737454545,0,13.44444444
WG,0-10 m,13/07/2021,23.64384583,1.237705694,8.739777878,0.603508629,7.167915175,244,2.5,6,11.96216216,31.03572414,11.73741935,0,14.55555556
WG,0-10 m,10/08/2021,23.56599856,1.234692637,8.690364522,0.461613779,7.282955679,243.6398859,1.1,6.4,6.565233333,14.131,16.41374359,0,9.913043478
WG,0-10 m,07/09/2021,23.67404799,1.272029042,8.776783341,0.400171936,7.229522937,242,1.4,7.25,14.31073333,35.02945161,31.6229897,0,6.772727273
WG,0-10 m,12/10/2021,23.8666656,1.361822741,8.863202159,0.477529738,7.301128829,241,2,7.35,19.71581818,14.62190323,26.06158333,0,6.961538462
WG,0-10 m,09/11/2021,23.12010425,1.962657082,8.607801536,0.47814859,6.740236144,242,1.4,7.125,3.225728814,15.46345161,33.74290682,0,12.04545455
WG,0-10 m,07/12/2021,21.70790354,3.640359514,8.615441597,0.374043677,6.920442737,244,2.8,6.25,10.52404444,16.305,27.13972121,21.91418438,10.40909091
WG,0-10 m,18/01/2022,21.07453471,3.036594151,8.623081659,0.287362512,6.878476075,246,1.1,6.55,17.35721188,19.46080645,35.82981818,57.83918723,9.99025974
WG,0-10 m,08/02/2022,20.89766157,2.116805784,8.391703695,0.223662507,6.440316667,247,2.2,9.225,24.19037931,22.6166129,18.71893333,0,9.571428571
WG,0-10 m,08/03/2022,21.17413327,1.367520211,8.523896195,0.310537115,7.424582612,248,0.6,6.275,5.87828125,16.21182857,11.87822222,8.305209905,11.69565217
WG,0-10 m,05/04/2022,22.39372774,1.176711257,8.656088696,0.397411722,7.156726438,248.8049819,2.5,8.0175,27.5225977,36.35411111,4.081690141,0,8.917857143
WG,0-10 m,10/05/2022,23.81797645,1.128597618,8.71959278,0.435653499,7.413255927,245.6345011,3.6,7.7,4.8686,28.5881,8.330451613,0,10.60714286
WG,0-10 m,14/06/2022,23.19544964,1.284872466,8.827581182,0.473895275,7.274676246,246,1.1,6.425,7.594613636,7.87137931,12.93366667,0,12.14285714
WG,0-10 m,12/07/2022,23.2383685,1.02865429,8.740346535,0.406600035,7.196972857,245,2,6.9625,19.45254321,17.76682759,15.38169231,0,15.52
WG,0-10 m,09/08/2022,22.97930543,1.175999998,8.740958364,0.439819708,7.046548125,246,3.1,8.2875,7.946681818,16.68864706,7.421333333,0,9.769230769
WG,0-10 m,06/09/2022,23.84818502,1.099037393,8.537675544,0.371393094,7.427254032,244,1.1,7.3625,29.46784211,21.8487,12.67964444,0,8.785714286
WG,0-10 m,18/10/2022,23.14947126,1.595089442,8.854732805,0.676759823,7.216991369,242,3.4,7.575,20.85471186,23.61413793,14.69490909,0,15.95454545
WG,0-10 m,08/11/2022,23.13765935,1.172537174,8.62657134,0.388244211,7.209197224,241,2.8,8.8,24.50716753,19.1162069,10.21813333,1.281398073,10.38095238
WG,0-10 m,06/12/2022,21.7356982,2.036528028,8.398409874,0.356905528,6.511771525,244,2.2,6.9,28.15962319,14.61827586,25.3549661,29.27435935,9.954545455
WG,0-10 m,17/01/2023,20.99394838,2.138544479,8.477310472,0.345228303,6.592148399,246,2,7.625,19.41729032,9.670903125,37.16196721,26.89969731,10.41666667
WG,0-10 m,14/02/2023,20.68506813,2.299999939,8.519813761,0.376688176,6.95089543,247,2.2,8.125,35.15844341,35.5449,11.0305641,13.44984865,13.56521739
WG,0-10 m,14/03/2023,21.68028972,1.613958571,8.56231705,0.381542071,7.30964246,248,0.3,7.5925,28.60262894,12.94518182,18.032,0,9.8
WG,0-10 m,11/04/2023,22.20287535,0.790589051,8.733216583,0.184052714,7.033167703,249,0.3,9.6,22.04681447,24.11163636,13.636,0,14.68181818
WG,0-10 m,09/05/2023,23.5327739,0.998190725,8.314704991,0.382710923,7.42870081,250,1.4,8.6,15.491,12.51803226,0,0,12.86666667
WG,0-10 m,13/06/2023,24.34261402,1.079593029,8.627845233,0.27713181,7.28831003,249,3.1,7.6,18.7769697,11.52996429,0,0,7.217391304
WG,0-10 m,18/07/2023,24.00403711,1.818063635,8.517386238,0.550391674,7.127888785,248,3.494893304,5.95,0,0,20.57747509,7.343123137,0
WG,0-10 m,16/08/2023,24.27790046,1.221596671,8.464826078,0.431678744,7.270920659,247,3.889786609,7.025,0,0,21.72482363,0,0
WG,0-10 m,05/09/2023,24.34232994,1.466005025,8.50477035,0.472937745,7.382138229,237.8760522,3.637622333,6.15,0,0,22.05541047,0,0
WG,0-10 m,18/10/2023,24.28494131,2.202426354,8.463192099,0.522360299,7.274266141,300,3.385458057,5.375,0,0,0,0,0
WG,0-10 m,14/11/2023,22.65865216,2.938847684,8.421613848,0.571782853,6.622291027,244,2.371796277,6.7,0,0,10.0919523,20.52483383,0
WG,0-10 m,05/12/2023,22.448643,2.604013981,8.664454197,0.413707725,6.907667144,237.2735529,2.003224209,6.25,0,0,0,26.13363987,0
WP,0-10 m,11/01/2018,20.71172847,1.696450114,8.676007784,0.636881634,6.832807484,276.3871421,0.455371576,6.758213534,5.373225402,1.472095581,4.936225438,40.8,25.5516126
WP,0-10 m,07/02/2018,20.38326224,3.030501003,8.851125147,0.49749146,6.664762338,276.3871421,0.573464904,5.941958581,35.17231485,29.91365808,4.078572959,56.65,25.80198967
WP,0-10 m,28/02/2018,20.61521865,2.8063386,8.699494197,0.707641512,6.496717193,276.3871421,0.651111049,5.125703628,0,0,0,63.63918039,26.05236674
WP,0-10 m,13/03/2018,20.80626475,2.086559551,8.833505673,0.622114263,6.328672047,276.3871421,1.7,4.55,7.54562445,18.80212044,1.927282554,44.55,26.30274381
WP,0-10 m,10/04/2018,21.88246262,1.366780503,8.890111727,0.326063226,6.842091646,276.3871421,2.2,6.45,0,22.29567815,1.658166162,25.8,26.55312087
WP,0-10 m,15/05/2018,23.14682281,1.782567851,8.71390003,0.122630311,7.325109274,258.2781913,1.4,8.35,6.803803256,17.01583139,7.794362757,50.1,26.80349794
WP,0-10 m,12/06/2018,23.62795667,1.453905339,8.87266671,1.182928333,7.035633129,240.1692405,1.7,3.3,11.53,11.56633601,7.046717839,52,27.05387501
WP,0-10 m,17/07/2018,22.27066968,1.409154268,8.787238584,0.399318479,6.614298728,282.8782161,2.5,6.3,2.735,14.00784661,3.350694444,30.3,37.5
WP,0-10 m,14/08/2018,23.37909296,0.694821349,8.844043224,0.442260118,7.008939853,245.6966227,2.8,7.675,0.735749058,20.02139118,8.903467883,51.14717904,21.58360368
WP,0-10 m,11/09/2018,23.93497566,1.168142086,8.818702189,0.645236564,7.235881621,236,3.1,7.0625,10.02181814,18.86833385,29.00322254,60.39273736,29.03991088
WP,0-10 m,12/12/2018,21.58644371,1.932989341,8.572200442,0.461292234,7.059440811,209.6,3.1,6.45,0,0,0,68.78076158,23.60691196
WP,0-10 m,12/02/2019,20.71869926,2.377600897,8.419938411,0.548489967,6.883,292.8842284,2,7.9,22.66666667,24.7,4.533333333,11.24895555,18.17391304
WP,0-10 m,12/03/2019,21.08422184,2.822212452,8.476287765,0.519735455,7.044,283.3073827,2.7,6.525,15.6,7.8,9.066666667,0,13.91304348
WP,0-10 m,09/04/2019,21.96300536,2.684550008,8.687407531,0.92383317,7.489,273.730537,3.4,3.95,8.4,4.5,8.685714286,39.67564502,19.04166667
WP,0-10 m,14/05/2019,23.97121015,1.308230822,8.855802552,0.321031131,7.66338864,264.1536914,4.2,5,0,4.5,23.69565217,18.31498344,11
WP,0-10 m,12/06/2019,24.13348713,1.132614405,8.847199265,0.567299342,7.040495497,254.5768457,2.5,4.45,0.061538462,2.15625,16.51351351,6.271068561,16.45454545
WP,0-10 m,12/07/2019,23.59404283,1.487389829,8.82551483,0.547627219,6.830180703,245,3.6,4.725,1.615384615,15.4,10.44186047,23.85258976,12.95454545
WP,0-10 m,13/08/2019,23.78624624,1.484918686,8.686674041,0.52414909,7.245586744,245.3572582,3.6,6.525,0,9.3,8.913043478,3.006657641,10.7826087
WP,0-10 m,10/09/2019,24.18208742,1.202606833,8.885224199,0.659779874,7.200876271,245.6168491,1.4,4.675,0,0,10.75973068,22.29661258,0
WP,0-10 m,23/01/2020,20.95408275,1.600476792,8.3683143,0.43335014,6.335848093,245,1.7,7.075,0,0,12.60641788,35.90200515,5.090909091
WP,0-10 m,11/02/2020,21.44657093,1.99834675,8.428390093,0.818593881,7.528303248,241.3315705,3.1,5.55,8.588235294,9.5,0,6.455136669,10.18181818
WP,0-10 m,10/03/2020,20.93998544,2.396216709,8.603281669,0.477088743,6.50039218,246,2.8,6.05,19.60852121,6.942774194,1.451927273,44.3818618,13.03703704
WP,0-10 m,11/08/2020,23.90387283,2.03935315,8.778173245,1.0976227,7.035147387,242.0875896,2.2,4.425,2.994838323,17.7181,20.792,20.36114884,13.44444444
WP,0-10 m,08/09/2020,23.87986421,1.577897417,8.81324821,0.857117951,7.216914038,242,2.5,4.1875,7.325793103,2.177506452,15.85671111,22.02027243,6.127659574
WP,0-10 m,13/10/2020,23.83322046,1.724355133,8.588388001,0.683549571,7.054449248,233.4510648,2.5,3.3875,3.1811875,3.0436,7.166564103,37.14945425,4.909090909
WP,0-10 m,10/11/2020,22.91241783,1.512338062,8.355568705,0.509981191,6.905031464,237.0074578,2.5,6.8,3.00968,6.184655172,2.039333333,0,12.92
WP,0-10 m,08/12/2020,21.95473399,1.646676239,8.243954793,0.479047916,6.426168502,242.5818196,2.8,6.5875,5.592542636,4.07625,15.59016667,24.69663347,6.068181818
WP,0-10 m,19/01/2021,21.201203,1.836276954,8.13234088,0.401222315,6.488935678,244.8324792,3.4,5.9025,8.755782609,0,31.14384,54.11233073,7.093023256
WP,0-10 m,16/02/2021,21.51366727,1.923152461,8.688711421,0.624460274,7.468965259,243.8871228,1.7,5.95,4.594075949,1.805196429,16.91982698,8.62927275,5.891304348
WP,0-10 m,16/03/2021,21.40675894,2.010027969,8.027194263,0.498384678,7.244941371,247.1786602,2.2,6.3,13.14971014,3.9132,2.695813953,11.68774767,9.208333333
WP,0-10 m,13/04/2021,21.96442469,1.893753695,8.594334824,0.53048353,7.496495111,247,2.8,5.425,7.012623377,4.348,15.42210526,21.68634837,12.86956522
WP,0-10 m,11/05/2021,22.99085107,1.46242227,8.786154734,0.981064148,7.255289221,246.6701085,3,4.7125,11.77483019,7.1742,23.33376744,37.61831569,17.76
WP,0-10 m,08/06/2021,24.34261402,1.761916365,8.753044864,1.083194793,7.302313347,246,3.4,3.3125,36.28155263,6.735651724,11.15290909,34.29476413,10.11111111
WP,0-10 m,13/07/2021,23.5774942,2.011251995,8.8028211,0.817506899,7.42896456,243,2.5,4.525,17.04608108,6.297103448,10.80258065,16.98582015,12.14814815
WP,0-10 m,10/08/2021,23.75158968,1.582842951,8.870392365,0.821916807,7.49367883,244,3.6,4.5,8.040566667,9.783,16.96649722,30.75995373,9.913043478
WP,0-10 m,07/09/2021,24.21437585,1.324488276,8.416691005,0.645965059,7.325909734,242,3.4,3.625,29.4329,8.257693548,23.13041379,15.37997686,14.72727273
WP,0-10 m,12/10/2021,24.2990623,1.034151936,8.789718243,0.470013311,7.32961372,241.3010602,3.9,7.2,39.43163636,6.732387097,10.108,0,9.461538462
WP,0-10 m,09/11/2021,23.32836338,1.602041346,8.467067712,0.503815571,6.783403149,241.5819113,1.7,6.9625,8.852,16.1963,14.11319149,0,9.318181818
WP,0-10 m,07/12/2021,21.81951093,2.193226732,8.628901231,0.435242635,6.959943042,244,3.6,6.7875,7.327488889,5.259677419,11.8335,11.96049993,9.272727273
WP,0-10 m,18/01/2022,21.20587999,2.082052213,8.482565015,0.357773003,6.720952278,246.0500258,1.1,7.3,10.2264341,15.25306452,15.95363636,39.99340897,25.90193548
WP,0-10 m,08/02/2022,21.09191366,1.665029146,8.528854692,0.257113193,6.524381518,245.5400008,2.8,6.4125,13.12537931,25.24645161,13.56693333,0,8.619047619
WP,0-10 m,08/03/2022,21.22497377,1.829472787,7.853049755,0.397061909,7.493687424,236.4203167,2,5.525,7.26140625,2.701971429,7.34637037,24.56312574,10.60869565
WP,0-10 m,05/04/2022,22.83440677,1.003347755,7.97043555,0.537010625,7.105142086,249.3856178,3.9,7.175,22.18087356,37.56188889,3.174647887,0,13.38214286
WP,0-10 m,10/05/2022,24.27777164,1.169748595,8.59886181,0.772736645,7.45112535,248,2.2,4.825,5.817028571,14.4571,8.330451613,0,10.07142857
WP,0-10 m,14/06/2022,23.50415614,1.582729827,8.755386479,1.008462665,7.264273564,245.3986003,2.8,4.05,32.40103258,11.80706897,8.908666667,24.94557867,17.38095238
WP,0-10 m,12/07/2022,23.56818924,1.159909358,8.551989121,0.935662311,7.345525121,245.6016935,3.1,4.225,58.9850366,28.44941379,7.579384615,49.89115734,18.935
WP,0-10 m,09/08/2022,23.01833219,1.340175019,8.448769212,0.542208743,7.121435245,245.2361214,3.6,6.525,12.72475,12.37261765,6.041333333,1.35554497,10.92307692
WP,0-10 m,06/09/2022,24.21986504,1.421275935,8.345549304,1.185221517,7.626079015,243.5022438,3.9,4.325,71.52634568,28.9142,4.236088889,40.78523372,8.607142857
WP,0-10 m,18/10/2022,23.47225694,1.771651448,8.588689756,0.985618214,7.139528106,241.2484248,4.5,4.6125,23.66784746,15.74275862,8.547636364,56.70428237,18.53219697
WP,0-10 m,08/11/2022,23.38460128,1.834762957,8.651827972,0.786014911,7.27433424,240.7061696,3.6,4.9,63.39084265,19.39732759,7.642133333,72.62333102,9.428571429
WP,0-10 m,06/12/2022,21.80169252,1.461152686,8.437880917,0.523623557,6.385192728,244,1.7,5.825,60.03797875,23.05189655,17.066,62.6766389,11.31818182
WP,0-10 m,17/01/2023,21.2279697,1.720324876,8.162411843,0.375407912,6.475151499,246.6092798,2.5,7.9,56.68511485,33.10934063,11.79690909,52.72994678,9.166666667
WP,0-10 m,14/02/2023,20.77774261,2.020706732,8.159941113,0.415654144,6.985183767,248,2.8,7.575,53.33225095,34.63839759,8.605883117,36.82233327,15.95652174
WP,0-10 m,14/03/2023,22.04872895,1.579157427,8.157470384,0.498817561,7.495216035,248.328279,3.6,7.25,49.97938705,36.16745455,5.414857143,20.91471976,11.13333333
WP,0-10 m,11/04/2023,22.2213814,0.577568847,8.201406219,0.236520989,7.123211012,249,3.35,7.5,46.62652315,25.92064663,6.356,60.69412316,8.090909091
WP,0-10 m,09/05/2023,23.96707384,1.264264512,8.3008077,0.62497662,7.629857206,248.3903178,3.1,7.75,15.767625,15.67383871,0,0,11.2
WP,0-10 m,13/06/2023,24.34261402,1.032459262,8.400209181,0.376385169,7.504079357,248.7491005,3.950599186,6.12,9.053181818,12.11228571,0,0,8.956521739
WP,0-10 m,18/07/2023,24.05496837,2.038186107,8.454466075,0.803448159,7.194278191,203.7654707,4.801198372,4.6,0,0,28.63519786,28.85765174,0
WP,0-10 m,16/08/2023,24.32751399,2.44788755,8.274634142,0.796209454,7.447942196,236.9447531,4.502396743,4.4375,0,0,19.09013191,24.32195256,0
WP,0-10 m,05/09/2023,24.34261402,2.061829283,8.09480221,0.869681602,7.608909413,234.2524875,4.203595115,4.65,0,0,9.545065955,15.03518101,0
WP,0-10 m,18/10/2023,24.33340714,2.148674305,8.214384164,0.706625226,7.038533422,239.1262437,3.904793486,4,0,0,0,0,0
WP,0-10 m,14/11/2023,22.66241846,2.235519327,8.333966118,0.54356885,6.62641206,244,3.605991858,5.85,0,0,22.55355624,38.98540691,0
WP,0-10 m,05/12/2023,22.43465624,1.747091842,8.453548072,0.483814124,6.615766635,230.1945136,1.839084345,6.3625,0,0,7.255252602,36.06846891,0
WP,30+ m,07/02/2018,20.44682318,1.696450114,8.676007784,0.258232574,2.970123682,276.3871421,0.82719308,10.65419554,60.60316641,33.70880922,1.130721266,74.66666667,40.34529384
SA,10-30 m,11/01/2018,20.38456305,1.696450114,8.676007784,0.354415067,6.281488539,276.3871421,0.55004282,7.119490421,11.2310916,2.841189651,20.84528098,54.05,22.60568799
SA,10-30 m,07/02/2018,20.22411168,3.948254496,8.801696228,0.62752411,5.933678595,276.3871421,0.506006192,8.536962194,34.34379842,27.45797205,4.727641221,63.3,27.82166852
SA,10-30 m,13/03/2018,20.40535945,3.074020443,8.719573274,0.663026471,5.585868652,276.3871421,0.477300472,7.074836048,1.773405568,15.99359187,2.909906487,32.6,33.03764905
SA,10-30 m,10/04/2018,21.08208254,2.19978639,8.469688565,0.537865428,5.835450084,278.3590035,1.292630624,7.883905167,4.639693077,19.59648925,5.787965764,38.2,29.26562566
SA,10-30 m,15/05/2018,21.71640287,1.914159427,8.259942082,0.434775328,5.760739912,271.8692847,2.238219246,8.692974285,20.13916071,23.21710038,7.794362757,54.23333333,25.49360226
SA,10-30 m,12/06/2018,22.44659051,1.582606742,8.538905636,0.402719263,5.68602974,261.9666691,3.245906045,6.512014065,11.58,19.44279605,7.420540298,69.6,21.72157886
SA,10-30 m,17/07/2018,22.51379005,3.980062342,8.811599424,0.649077552,6.863778823,302.1563315,3.048698211,5.431392714,0,10.63924022,4.565972222,69.6,21.72619048
SA,10-30 m,14/08/2018,22.73934259,2.015675927,8.726710445,0.434315505,6.14836972,270.1289491,3.302884393,6.547474686,7.738005007,14.24707286,8.09542554,63.80137573,26.71672256
SA,10-30 m,11/09/2018,22.87597701,2.292796284,8.437050324,0.440224698,5.613058152,253.689992,3.665762158,5.591825716,7.812883464,17.53195178,9.185568768,64.79294375,29.31896891
SA,10-30 m,24/09/2018,23.1386725,1.162482543,8.611790073,0.589775271,6.085640584,241.2306475,3.50637983,5.642247017,0,0,18.17540378,36.47701083,0
SA,10-30 m,14/11/2018,22.61309561,2.92694664,8.758259159,0.558501528,6.509340192,278.7187064,2.998850727,5.412691427,9.795,18.21,9.76,68.82,15.71559783
SA,10-30 m,12/12/2018,21.45330514,2.118637124,8.60736472,0.608043196,6.142632759,287.4565178,1.690948797,6.347870659,0,0,7.244856028,57.04676727,31.43119565
SA,10-30 m,12/02/2019,20.58328182,3.334257759,8.290921028,0.657584863,6.384066379,296.1943293,0.525613682,7.804321723,13.33333333,14.7,21.86363636,34.60885976,21.2173913
SA,10-30 m,12/03/2019,20.95605184,3.249838349,8.431908143,0.626175499,6.6255,286.2299633,3.32454251,7.391440228,24.26666667,15.8,11.73333333,27.69320396,14.7826087
SA,10-30 m,09/04/2019,21.15461938,2.380832142,8.228953605,0.505126764,6.432631579,276.2655974,3.497054967,7.756859167,7.066666667,11,17.82857143,28.08605678,16.125
SA,10-30 m,14/05/2019,22.13828028,1.163167903,8.36907283,0.448734138,5.8676624,266.3012315,4.780650488,8.221002836,0,9.5,25.10869565,49.97043569,13.27272727
SA,10-30 m,12/06/2019,22.39209326,1.246773769,8.337141942,0.493542577,5.810254978,256.3368655,5.732661854,6.440776083,0.215384615,2.78125,15.97297297,29.36491948,13.27272727
SA,10-30 m,12/07/2019,22.74339995,1.697767296,8.249591816,0.569042766,5.752847556,246.3724996,3.701443628,5.471962786,3.217948718,5.9,7.186046512,23.81552235,16.13636364
SA,10-30 m,13/08/2019,23.30875083,1.640750092,8.125049039,0.495690742,6.151244586,246.1452102,4.223674283,4.875129814,3.363636364,7.8,15.32608696,11.08491088,15.13043478
SA,10-30 m,10/09/2019,23.30680521,5.453750964,8.662285241,0.760954276,6.152471263,245.9179208,3.497169889,1.858160416,0,0,16.55395828,15.54399185,0
SA,10-30 m,11/02/2020,21.06831568,3.902692202,8.42587713,0.795310598,6.879656867,246.1608607,1.810416274,3.6360889,7.705882353,6,0,0,17.22727273
SA,10-30 m,12/05/2020,22.61796725,2.351633441,8.078192184,0.50891505,6.084891852,247.8180466,3.267603734,5.61483852,2.1853375,1.998677419,15.97726118,20.57112993,16.625
SA,10-30 m,09/06/2020,22.4992088,3.402511952,7.957018758,0.326207932,5.98492347,244.0475562,3.418043954,5.632646414,1.94122807,5.6524,6.127757576,11.60329686,10.95454545
SA,10-30 m,14/07/2020,23.00019599,2.725141466,7.515392998,0.552958049,5.943328549,244.4394085,4.017407228,3.632845933,0.173568627,10.0004,16.4971168,15.28794805,10.96428571
SA,10-30 m,11/08/2020,23.28680813,1.676763583,8.047594306,0.507241328,5.818721684,244.1896511,4.07618509,4.67622545,0.874598802,10.6526,12.144,18.32782215,24.09259259
SA,10-30 m,08/09/2020,23.11371733,1.227953686,8.189896827,0.446896842,5.820273418,243.4547922,3.80017766,5.326140854,7.325793103,15.85266774,13.42382222,20.67431074,5.489361702
SA,10-30 m,13/10/2020,23.41996413,2.185159787,7.78645615,0.54245639,6.380729446,241.2102958,4.6802076,3.768637359,3.87275,7.9351,4.359384615,0,5.136363636
SA,10-30 m,10/11/2020,22.59557081,5.046970214,7.866688543,0.629196396,6.475708492,242.5372907,3.594597679,3.233260833,7.43568,5.060172414,5.527666667,0,13.52
SA,10-30 m,08/12/2020,21.87819234,2.455044709,7.925365742,0.674514677,6.540350451,245,2.492709208,5.750027474,11.76835659,8.734821429,15.456,24.0123222,5.272727273
SA,10-30 m,19/01/2021,21.23590083,3.797246317,7.865449263,0.595260015,6.761469779,244.409428,1.313954875,5.106901616,1.69984058,0,25.36072,20.71173912,5.930232558
SA,10-30 m,16/02/2021,20.8221532,3.22378936,8.07182891,0.489340695,6.199681646,247.2812962,0.979792998,8.546181488,32.04648101,4.134482143,18.1424,52.11671646,5.347826087
SA,10-30 m,16/03/2021,20.96659261,1.928300333,8.198215218,0.553283455,6.277560643,248.0647653,1.576119955,8.252431534,24.05434783,17.5007,8.386976744,43.91775831,5.5625
SA,10-30 m,13/04/2021,21.08325112,2.588917998,8.414834347,0.540600776,6.465828007,248.8674536,1.132452897,8.013177928,13.62288312,13.5875,17.62526316,38.719079,18.29076087
SA,10-30 m,11/05/2021,21.70044324,2.040627073,8.457005017,0.585310726,6.070283139,247.8951505,0.976722598,8.094144002,45.4012956,14.7832,13.29135885,67.27707533,28.42307692
SA,10-30 m,08/06/2021,22.42484483,1.345281778,7.83606651,0.493613435,5.757711432,248.7,3.346873734,6.036872325,47.55694348,9.977910345,8.957454545,48.26175508,16.22222222
SA,10-30 m,13/07/2021,22.68047965,1.981333562,7.734063115,0.582320985,5.999811831,245.3734685,3.630358933,5.312857397,10.46689189,5.17262069,10.90645161,27.12361744,23.41706924
SA,10-30 m,10/08/2021,23.0148081,1.692064302,8.054621299,0.50617073,6.497970676,244.8310437,3.367180972,5.373859254,15.0484,13.5875,20.37682051,16.4464461,12.73913043
SA,10-30 m,07/09/2021,23.119472,2.467475693,7.756325731,0.738374228,6.236337704,243.0521123,3.907118876,2.948444538,9.884733333,18.72445161,17.95623529,14.70656276,11.77272727
SA,10-30 m,12/10/2021,23.27602981,3.234725641,7.114350686,0.616384834,5.909058727,243.7304849,4.401335533,3.47482893,66.53753333,22.51141935,13.748,39.38942757,8.884615385
SA,10-30 m,09/11/2021,23.12866772,4.046607411,7.752722324,0.701342028,6.692729885,242.6977593,3.639013065,2.218349478,14.85335593,13.4788,20.77077183,0,11.81818182
SA,10-30 m,07/12/2021,21.56310203,4.858489181,8.276201058,0.789313341,6.582465145,245.4414677,1.710441318,3.667233325,14.95004444,13.67516129,19.21266667,0,10.18181818
SA,10-30 m,18/01/2022,20.87506622,2.467330656,7.772790501,0.403530641,6.426919588,247.3370145,0.288072962,5.116117172,22.94710769,18.93483871,16.3898,50.52726893,27.32
SA,10-30 m,08/02/2022,20.77889758,3.276958318,7.828249234,0.501209538,6.509953956,248.1155266,1.066926027,8.580119375,64.76420164,24.19451613,13.56693333,58.80605922,9.571428571
SA,10-30 m,08/03/2022,20.59682883,1.253477927,7.760810355,0.710410379,6.550309707,248.3380631,1.260977518,8.695493538,22.13,23.19968571,11.00365432,49.23040273,11.69565217
SA,10-30 m,05/04/2022,21.28623242,3.195609984,7.596286643,0.464359473,6.40703924,250.0527599,2.313491447,6.041978238,48.30444828,23.44814286,4.898028169,37.93313717,9.810714286
SA,10-30 m,10/05/2022,22.45064351,1.606065828,7.867742635,0.48531774,6.528008282,249.6851012,3.39283324,5.22600322,7.713885714,23.6966,12.90077419,15.81129146,12.75
SA,10-30 m,14/06/2022,22.4143464,1.982089379,7.685794374,0.506276006,6.248032816,247.0391182,3.351081485,5.838656541,14.88745455,11.24482759,12.12866667,24.68862167,12.85714286
SA,10-30 m,12/07/2022,22.68841566,1.522474197,7.758933806,0.538988105,6.431702522,247.1230169,3.583197063,5.386376873,30.65414815,29.57389655,11.29476923,24.50166789,12.92
SA,10-30 m,09/08/2022,23.01209374,2.143238681,7.513050362,0.565663597,6.750752145,246.2639675,4.409092694,4.15392577,16.49690909,21.00467647,4.201333333,1.501941326,12.46153846
SA,10-30 m,06/09/2022,23.12252034,2.039392645,8.131958321,0.510942428,6.260608128,244.8896269,3.668795518,5.427753832,17.73809861,30.18078651,9.101866667,38.91882411,6.642857143
SA,10-30 m,18/10/2022,22.79417388,2.816339095,7.628537212,0.564287952,6.432340974,242.6745523,3.681288721,3.524757299,18.97928814,39.35689655,11.03581818,12.03109519,14.59090909
SA,10-30 m,08/11/2022,22.82747033,1.850233512,8.252098971,0.456061636,6.001341606,243.3991776,3.015943899,6.483911006,60.21853521,31.32889286,13.43813333,45.64791176,20.03416149
SA,10-30 m,06/12/2022,21.65971532,2.506650495,7.686267944,0.577366201,6.257991426,245,1.426575196,7.705350311,63.2592457,33.17224138,26.23988136,47.61920637,17.47727273
SA,10-30 m,17/01/2023,20.81314863,2.515218654,7.357148496,0.551334888,6.517270579,247.4138765,0.919396392,8.538967931,66.29995618,39.22371563,22.25159165,49.59050098,10.625
SA,10-30 m,14/02/2023,20.60736168,5.320058396,7.471899805,0.757504716,6.612835635,248.004665,1.766369884,5.555803806,69.34066667,32.2839,5.251076923,51.56179558,14.86956522
SA,10-30 m,14/03/2023,20.94465626,5.034511439,7.586651114,0.544124145,6.403694342,249.2674612,1.932189106,5.426209748,36.61351833,26.92253548,5.283428571,32.63743442,13.3
SA,10-30 m,11/04/2023,21.84196033,2.319221995,7.384261561,0.462271091,6.777494014,250.1031472,2.15475648,5.049350668,27.15875916,21.56117097,9.296,19.51873263,12.18181818
SA,10-30 m,09/05/2023,22.66346187,2.097105521,7.569066173,0.500920176,6.708162235,250.8805219,4.732454734,4.672491588,17.704,16.19980645,0,6.400030829,12.53333333
SA,10-30 m,13/06/2023,23.20553096,1.966843531,7.753870785,0.525232724,5.857528959,250.8038221,4.874166516,4.429732192,27.40116087,20.26478571,0,19.31187247,13.30434783
SA,10-30 m,18/07/2023,23.72490046,5.441650928,7.297533846,0.653398553,6.725215304,249.9501763,4.91686941,3.243554646,49.16353376,0,0,0,0
SA,10-30 m,16/08/2023,23.61621905,3.110810213,7.224367926,0.633349552,6.067717118,249.0965304,5.008772248,2.057377101,70.92590665,0,0,25.22297272,0
SA,10-30 m,05/09/2023,23.56999018,2.220730655,7.151202007,0.648608937,5.772385694,247.8138892,4.832166898,2.73708404,35.46295333,0,0,35.70405136,0
SA,10-30 m,18/10/2023,24.00533228,4.139058262,7.248678617,0.630812927,6.945743946,300,5.444374233,2.445575926,0,0,0,0,0
SA,10-30 m,14/11/2023,22.71629423,4.262445813,7.346155227,0.613016918,6.590675339,244.7916665,3.431587139,2.154067811,0,0,24.0627085,13.96117037,0
SA,10-30 m,05/12/2023,22.40294048,4.385833363,7.95977536,0.621766524,6.655038351,246,2.738965104,4.203303773,0,0,13.50872204,23.32366179,0
WG,10-30 m,11/01/2018,20.50473874,1.696450114,8.676007784,0.38878185,5.897236852,276.3871421,0.284013732,10.07056643,15.07531629,1.319974018,6.290800819,50.06666667,25.35521763
WG,10-30 m,07/02/2018,20.2871583,4.411847791,8.806979447,0.28618004,5.7788735,276.3871421,0.831757224,4.967446006,39.38394004,29.54158444,2.293635237,46.33333333,37.63685427
WG,10-30 m,28/02/2018,20.46692465,3.170197302,8.755374535,0.546742485,5.802817902,276.3871421,0.402698762,8.652657241,0,38.69993712,0,42.6,49.91849091
WG,10-30 m,15/03/2018,20.66318378,2.478090524,8.798315283,0.420846179,5.826762304,276.3871421,0.744546274,8.735926479,3.177458809,17.86594425,1.360173722,38.86666667,45.68592828
WG,10-30 m,12/04/2018,21.0886995,1.785983746,8.625607762,0.232594931,5.850706707,284.2745878,0.70833218,9.010624595,0,21.24599358,3.620219467,24.53333333,45.57397002
WG,10-30 m,16/05/2018,21.88278148,1.767308267,8.580697134,0.410628744,5.874651109,289.3144277,2.148209001,9.285322711,3.499730316,18.98208741,5.603653368,40.83333333,45.46201176
WG,10-30 m,13/06/2018,22.32638334,1.279550423,8.599836017,0.333254636,5.829322043,241.3359603,2.682498738,7.887664369,3.085,16.56982493,1.551219049,40.16666667,45.3500535
WG,10-30 m,18/07/2018,22.16106508,1.428974658,8.689910335,0.235367885,6.23941576,277.6807073,2.118051969,8.929570228,0,14.15756245,0.414567276,29.2,45.23809524
WG,10-30 m,16/08/2018,22.8374051,1.336569196,8.79762559,0.256549964,6.64927715,257.8410352,3.130584554,9.971476088,0,14.76528092,2.53415776,49.31323749,21.01325714
WG,10-30 m,12/09/2018,23.14434007,1.434922678,8.754068469,0.430740725,6.440520394,251.2315865,2.991194914,8.049882128,0,15.00767455,17.40704063,58.04262712,37.50467125
WG,10-30 m,24/09/2018,23.33060604,1.406635911,8.88406351,0.508781938,6.810750431,254.1429466,3.549088984,4.792176309,0,0,16.47293101,18.72215888,0
WG,10-30 m,10/10/2018,23.01198764,2.350160047,8.981077593,0.586823151,6.821188046,297.134881,3.503961692,5.838738534,5.891323691,21.29177549,7.342725427,39.99607944,16.285
WG,10-30 m,14/11/2018,22.65657038,3.293684184,8.891291402,0.359539287,6.59731556,290.3456844,2.858305982,6.885300759,6.423333333,10.09333333,9.46,44.627473,32.57
WG,10-30 m,12/12/2018,21.60893228,2.300618312,8.580745251,0.655492275,6.302795964,289.6378206,1.738551756,7.048701388,0,0,1.303391339,49.25886656,26.06036232
WG,10-30 m,12/02/2019,20.56547079,1.882589535,8.255373612,0.25056391,5.805,280.3419454,2.334515652,10.57620874,38.22222222,27.03333333,7.518362336,37.55164977,19.55072464
WG,10-30 m,12/03/2019,20.98522736,2.337515627,8.722606036,0.365236944,6.6725,273.4024884,2.930479549,9.589548761,14.48888889,4.966666667,13.73333333,25.84443298,15.28985507
WG,10-30 m,09/04/2019,21.31421576,2.605267577,8.310459191,0.359343007,6.8645,266.4630313,3.731137684,8.078863509,3.066666667,12,11.06666667,9.291054061,15.98611111
WG,10-30 m,14/05/2019,22.28136118,1.129483416,8.616595998,0.304336159,6.189144491,259.5235743,4.479419283,8.111889697,2.363636364,0.833333333,13.36956522,13.38959384,11.15151515
WG,10-30 m,12/06/2019,22.62908153,1.305586538,8.668444497,0.309547614,6.216973675,252.5841172,3.8457872,8.511353532,0,4.1875,17.81981982,30.17701708,11.37878788
WG,10-30 m,12/07/2019,22.845684,1.904745242,8.686065735,0.326244971,6.092388116,245.6446601,3.212155118,6.600614678,1.551282051,8.566666667,10.82945736,12.45183353,13.63636364
WG,10-30 m,13/08/2019,23.10295297,1.777044486,8.487831792,0.319680656,6.081729993,241.1962882,3.42273327,7.289704321,0,7.3,17.17391304,32.8754883,9.695652174
WG,10-30 m,10/09/2019,23.51396931,1.596995294,8.807221557,0.440329006,6.423889839,240.5706608,3.684256585,5.723743705,0,0,11.62160121,20.93480185,0
WG,10-30 m,23/01/2020,20.86979451,3.310553043,8.574417648,0.385010241,5.850998496,245,1.52240042,7.448618527,1.892156863,3.416666667,12.83028853,10.46740093,0
WG,10-30 m,11/02/2020,21.27546639,3.241183314,8.34161374,0.620076278,7.069069939,244.9910947,2.013484469,4.39578211,3.784313725,6.833333333,0,0,10.71212121
WG,10-30 m,10/03/2020,20.96116985,3.171813586,8.546706253,0.457530054,6.552046816,246,1.442160128,8.43368736,15.36134949,8.696,1.842230303,26.08562648,10.13580247
WG,10-30 m,14/04/2020,21.87288608,2.762309871,8.332273048,0.483905314,6.638708107,245.9385094,2.392160408,6.60404478,0.697792793,7.91471875,10.05866667,11.07984198,8.476190476
WG,10-30 m,12/05/2020,22.46405179,2.84958215,8.391390682,0.359249446,6.385976421,248.3036858,2.655234428,6.296035175,1.6320875,5.505129032,20.93698719,12.52816288,7.458333333
WG,10-30 m,09/06/2020,22.58309183,2.490265988,8.384104039,0.25236187,6.512467709,245.3996359,3.067473876,4.876116724,2.329473684,10.18156667,8.599676768,0,10.5
WG,10-30 m,14/07/2020,22.9360401,2.130949825,7.949274181,0.505947955,6.243563517,244.3558011,3.858270216,5.073744657,3.452087146,13.8049,9.539006061,0,8.702380952
WG,10-30 m,11/08/2020,23.32186501,1.771633663,8.023138562,0.429558148,6.122822187,243.4602454,3.317412342,5.27137259,3.17152495,18.44276667,22.64562963,24.85694097,6.528495441
WG,10-30 m,08/09/2020,23.29114175,1.395793322,8.174964034,0.483696088,6.277635913,241.0979105,3.698704755,5.206702005,4.120758621,4.281377419,18.43271111,10.90728959,4.354609929
WG,10-30 m,13/10/2020,23.48347041,1.564374397,8.184670038,0.506898449,6.288348781,240.5303583,4.32280559,4.50384753,1.5214375,7.3916,8.487589744,0.507531818,4.946969697
WG,10-30 m,10/11/2020,22.76446788,2.258229494,8.101267293,0.419286449,6.710834195,242,3.584511823,5.57977289,3.00968,12.18189655,4.677944444,0,9.653333333
WG,10-30 m,08/12/2020,21.97265749,2.185201717,8.232150933,0.34789939,6.591815352,243.0046193,2.395107449,7.315635446,3.076470284,9.705357143,10.58127778,13.02490862,4.439393939
WG,10-30 m,19/01/2021,21.25753895,3.57126779,8.293177025,0.316233386,6.762873539,245,1.394399104,7.054676574,2.234381643,2.519863636,12.42983889,28.1785298,4.418604651
WG,10-30 m,16/02/2021,21.04812418,3.183403346,8.354203118,0.403896425,6.680911305,246,1.158065048,4.631823904,5.994708861,15.19858929,14.2784,0.266413724,4.586956522
WG,10-30 m,16/03/2021,21.04769103,2.795538902,8.604949605,0.455604285,6.632947587,247,1.103149101,8.900319441,14.88624188,29.09536667,8.287131783,45.06638691,5.631944444
WG,10-30 m,13/04/2021,21.23135707,2.391512554,8.591104951,0.330542582,6.841397622,247.5400371,1.36341719,9.260561557,23.77777489,15.218,7.90877193,26.226066,13.23188406
WG,10-30 m,11/05/2021,21.71845475,1.674992952,8.675542353,0.515234991,6.522464948,247.4405677,1.463502846,7.408706859,3.145522013,16.05136667,25.63055814,28.45457089,6.76
WG,10-30 m,08/06/2021,22.36173506,1.411632978,8.07633835,0.498524706,6.292541791,246.7,3.266257565,5.747698647,4.445412281,28.3707,7.591393939,17.28304147,13.25925926
WG,10-30 m,13/07/2021,22.48125726,1.897976501,8.120583875,0.662907945,5.890666273,245.77435,3.414608227,4.873498427,6.579189189,17.54193103,8.932903226,25.85323438,14.37037037
WG,10-30 m,10/08/2021,22.79968785,2.133889821,8.18518233,0.454791225,6.388531228,245.0458894,3.470297498,5.21273402,6.934066667,11.05116667,18.12006838,14.71031962,11.14492754
WG,10-30 m,07/09/2021,23.20207652,2.072977851,8.249780785,0.515400434,6.461957416,243.1768677,3.816650625,4.396198089,15.17134444,25.38670968,11.72669281,5.304912329,6.772727273
WG,10-30 m,12/10/2021,23.44968892,2.337294567,8.527093736,0.450699273,6.587528769,242.120797,3.655646099,4.90650873,13.54624242,11.64141935,15.848,0.586235971,8.692307692
WG,10-30 m,09/11/2021,23.02695046,2.983172749,8.270427211,0.457382835,6.330808381,242.2065917,3.06722231,4.209336489,3.475785311,21.99363333,24.39781952,8.230268778,8.181818182
WG,10-30 m,07/12/2021,21.70171362,3.284086079,8.355248257,0.381431896,6.842493894,244.4713498,1.327964098,4.335112373,15.52378519,25.24645161,24.81774343,2.456854259,7.909090909
WG,10-30 m,18/01/2022,21.07070965,3.58499941,8.400532435,0.307202127,6.796325844,246.0029886,0.502759771,7.368943367,11.37141538,25.07112903,19.17363636,30.46561229,10.4099026
WG,10-30 m,08/02/2022,20.90328823,2.253535296,8.126326272,0.234210726,6.372114985,247,0.481637513,9.581420045,26.86124138,24.89580645,14.01531201,52.13597249,12.91071429
WG,10-30 m,08/03/2022,20.76481505,1.977471579,8.093650135,0.290598934,6.919952638,248,1.915818871,7.466493953,4.725677083,13.88254286,8.856987654,28.47137344,10.82608696
WG,10-30 m,05/04/2022,21.55171156,2.172840584,8.060973998,0.346987142,6.739204585,248.6649461,2.405353581,7.259068216,15.05857471,37.56188889,2.872300469,16.08144349,11.41785714
WG,10-30 m,10/05/2022,22.47778749,1.578479341,8.136079068,0.390526532,6.673788044,248.0613391,3.492960297,4.002074511,6.870838095,34.05516858,6.183784946,3.691338495,9.238095238
WG,10-30 m,14/06/2022,22.68112315,1.582416777,8.276603948,0.434065923,6.510087487,246.7367767,3.05446259,5.729809796,9.857909091,30.54844828,16.51144444,14.03824418,13.0952381
WG,10-30 m,12/07/2022,22.77247594,1.354272817,8.341864382,0.432995014,6.578314934,245.8131543,3.254679829,6.244413708,12.80443621,20.0157931,12.12041026,11.92931235,11.38666667
WG,10-30 m,09/08/2022,22.75848875,1.623760762,8.219412684,0.445941949,6.639880972,246.148395,3.547703045,5.809662361,15.91012879,24.36158824,6.910222222,7.351151532,8.423076923
WG,10-30 m,06/09/2022,23.21613327,1.767715716,8.146140617,0.676048811,6.758915434,244.9534801,3.848866063,4.200109546,29.66196491,25.47203333,13.68142222,9.99998496,8.488095238
WG,10-30 m,18/10/2022,22.95237418,2.220563524,8.573657226,0.544039778,6.756002182,242,3.288443728,4.370482619,41.48437288,38.41982759,8.889151515,14.55032528,13
WG,10-30 m,08/11/2022,23.01015118,1.881423,8.326009917,0.412030745,6.909260588,241.1459989,2.899653449,7.53298899,31.45438934,30.94067857,11.84781111,39.12573777,10.3015873
WG,10-30 m,06/12/2022,21.74331068,2.761151705,8.155099828,0.413272264,6.372512304,244,1.735926762,7.365290905,21.4244058,11.80706897,20.66361582,33.86819783,8.818181818
WG,10-30 m,17/01/2023,20.98870991,2.533527482,8.148891601,0.369476646,6.48838867,246.1087558,0.99519708,8.614168504,7.233892473,11.19949688,19.65175758,35.88548548,10.69444444
WG,10-30 m,14/02/2023,20.67077028,2.274493659,8.019521784,0.338158431,6.449168619,247.7392374,1.325271418,10.20089598,8.076408938,35.5449,4.865777778,43.66017734,12.4057971
WG,10-30 m,14/03/2023,21.09847784,2.149598065,7.890151967,0.367743984,6.409948567,248.1778377,1.635840891,9.072102976,8.918925403,26.28563636,8.043428571,51.4348692,9.522222222
WG,10-30 m,11/04/2023,21.82178422,1.109728577,8.138077424,0.233227045,6.552665184,249,2.258717378,9.39862943,9.761441868,31.19360606,7.382666667,42.35741674,12.48484848
WG,10-30 m,09/05/2023,22.59247355,1.605379348,7.777343254,0.408372711,6.726553876,249.886016,4.010240463,6.362654626,10.60395833,9.888193548,0,4.09546895,12.25555556
WG,10-30 m,13/06/2023,23.37914369,1.935788598,8.50759627,0.326568554,6.439929742,249.3049361,4.523683812,5.554989166,2.794191919,9.200678571,0,0,7.362318841
WG,10-30 m,18/07/2023,23.53124085,2.614675551,8.288203501,0.525698832,6.332451816,213.2996911,4.081281883,4.184780317,0,0,21.68631257,19.57768898,0
WG,10-30 m,16/08/2023,23.69601642,2.207312688,8.084498916,0.608695123,6.262270034,247.8357825,4.305541374,3.620364889,0,0,25.31554097,22.04225155,0
WG,10-30 m,05/09/2023,23.89223929,2.570276163,8.030116183,0.555494886,6.721302595,246.6427047,4.423353613,3.404310053,0,0,12.65777048,8.260194095,0
WG,10-30 m,18/10/2023,24.00423264,2.84073999,8.021645151,0.528119813,6.710691071,245.3213523,3.654851592,4.311189252,0,0,0,0,0
WG,10-30 m,14/11/2023,22.65353253,3.111203817,8.01317412,0.50074474,6.499086577,244,2.88634957,5.21806845,0,0,14.79673309,27.91896103,0
WG,10-30 m,05/12/2023,22.46429268,3.07788466,8.37412802,0.388755584,6.669751753,244.7245325,2.379630816,6.408965279,0,0,2.432965178,25.7210096,0
WP,10-30 m,11/01/2018,20.5100295,1.696450114,8.676007784,0.37804415,6.557148011,276.3871421,0.683057364,9.782298535,14.7702191,2.613007306,1.477735104,53.85,23.48946537
WP,30+ m,11/01/2018,20.46942665,1.696450114,8.676007784,0.330785985,6.089362695,276.3871421,0.417028276,10.4690209,35.25241098,7.70907968,17.06976236,72.1,27.90835229
WP,10-30 m,07/02/2018,20.26649062,2.11274751,8.700226959,0.240778995,5.428151345,276.3871421,0.640923616,10.82248997,59.19929134,33.26232085,3.104970565,71.75,33.2185571
WP,10-30 m,28/02/2018,20.2920524,1.678314313,8.529916088,0.389262681,5.669220795,276.3871421,0.468100997,10.09944391,20.58584134,31.7662998,0,60.8,42.94764882
WP,10-30 m,13/03/2018,20.36492391,2.923719022,8.615259463,0.394363535,5.910290244,276.3871421,0.836058175,10.29235918,13.05783347,30.27027875,0.94465862,49.85,38.47876103
WP,10-30 m,10/04/2018,21.26361902,1.89020671,8.739770165,0.444265282,6.151359694,276.3871421,1.033640508,12.55979051,0,22.07074574,2.616869641,24.8,45.08594588
WP,10-30 m,15/05/2018,21.79986898,1.502033746,8.463849044,0.602506138,6.287669471,274.524185,1.766957926,10.11535239,4.57132154,20.19209111,12.9032697,32.4,44.31482338
WP,10-30 m,12/06/2018,22.02356831,0.759086072,8.479146208,0.507159109,6.064043052,265.8425908,4.776634863,0,28.25,23.38102607,7.420540298,56.55,26.11288157
WP,10-30 m,17/07/2018,21.97167498,2.018461248,8.621123396,0.411812081,5.840416633,257.1609965,0,12.55979051,5.46,15.57986292,3.4375,28.6,27.69808179
WP,10-30 m,14/08/2018,22.66116313,1.278810784,8.694057188,0.403222769,6.501608675,257.2255661,2.734662872,9.065168368,0,15.80169703,11.25413652,55.398589,29.283282
WP,10-30 m,11/09/2018,23.01788505,1.141444644,8.610225941,0.842526571,6.290843854,254.329225,3.758567666,5.001764236,8.402599056,15.30464834,8.845351535,62.04281476,39.64411617
WP,10-30 m,12/12/2018,21.58111658,1.844801819,8.561226311,0.466857364,5.700112115,287.8894397,1.701221137,8.118308235,0,0,0,62.52369026,30.43075374
WP,10-30 m,12/02/2019,20.5641775,1.738845648,8.089643328,0.43562627,6.161,280.9379813,0.583215756,6.56586433,29.66666667,30.7,20.5,44.36112131,21.2173913
WP,10-30 m,12/03/2019,20.75592261,1.632889477,8.340356163,0.256433451,6.103,273.9865229,3.076444676,10.48679465,25.6,11.3,8.955555556,45.14876716,13.04347826
WP,10-30 m,09/04/2019,21.1731657,1.757495751,8.353469059,0.402221385,6.3995,267.0350645,3.766720459,8.824552475,1.733333333,3.5,8.114285714,23.03244028,15.08333333
WP,10-30 m,14/05/2019,21.88303042,0.765381325,8.606518185,1.30772092,5.993735987,260.0836061,4.714806681,5.037687598,0,9,25.10869565,59.00048601,13.27272727
WP,10-30 m,12/06/2019,22.54169946,0.995133502,8.573035962,0.915645167,5.728029993,253.1321477,3.979205786,0,0.6,2.15625,22.18918919,48.84531973,18.04545455
WP,10-30 m,12/07/2019,22.76034493,1.498952531,8.43590423,0.523569415,5.830423445,246.1806893,3.243604891,5.935666439,4.243589744,7.4,14.97674419,26.7538744,15.45454545
WP,10-30 m,13/08/2019,23.27062958,1.555247879,8.464318237,0.612620031,6.402459395,245.5100603,3.733852588,5.863024755,0,7.8,11.30434783,25.38126118,12.08695652
WP,10-30 m,10/09/2019,23.11443445,1.516732911,8.629929954,0.740860557,5.606762341,245.3973223,3.372738849,4.643825049,0,0,24.6313314,46.8795003,16.80670553
WP,10-30 m,23/01/2020,20.83208604,3.753473028,7.775332048,0.427886749,6.228039468,245,0.939914072,7.773540842,1.425585042,3,0,56.15607755,0
WP,10-30 m,11/02/2020,20.99283334,3.239871208,8.049631398,0.554646175,6.659653368,245,1.856838266,5.608696125,7.411764706,6,0,8.520775094,13.13636364
WP,10-30 m,10/03/2020,20.850389,2.726269388,7.44611381,0.406261261,6.043340554,246,1.35689284,8.964135625,39.3944589,3.261,0,61.20020972,9.518518519
WP,10-30 m,11/08/2020,23.16328748,1.626811912,7.976503584,1.283849829,6.011559569,243.0702476,4.11636869,1.262042069,6.307712575,7.9351,19.60622222,26.33531849,12.42592593
WP,10-30 m,08/09/2020,23.22818854,1.242032842,8.563318567,1.414417639,6.167695022,242.1789943,4.717767725,0,15.10944828,0.599603226,7.842488889,24.79716511,4.319148936
WP,10-30 m,13/10/2020,23.19804607,1.200587118,7.732985986,1.544985448,5.852343986,238.6072499,5.684397561,0,22.68325,3.5871,9.478358974,47.14185114,5.818181818
WP,10-30 m,10/11/2020,22.70289363,1.986383687,7.625021721,1.041894674,6.395052306,240.5823954,4.0200806,2.909928173,7.583213333,4.497931034,6.466833333,17.00359665,14.72
WP,10-30 m,08/12/2020,21.91587969,2.145423316,7.796133931,0.496037806,6.294784984,243,2.873373752,5.803390346,9.881302326,9.317142857,19.34683333,32.01495589,5.613636364
WP,10-30 m,19/01/2021,21.15283841,3.169541622,7.967246142,0.430683497,6.390457725,245,0.610649534,6.57280076,7.793608696,51.96285295,14.51261667,40.18340298,4.418604651
WP,10-30 m,16/02/2021,21.06248433,2.864144776,8.187516708,0.527364942,6.799931108,245.4352846,1.518656818,4.712544803,2.633189873,0,9.6784,4.317931472,7.086956522
WP,10-30 m,16/03/2021,20.96439646,2.558747931,7.813785533,0.404553597,6.502108486,247,1.956305217,8.414660968,13.14971014,6.0872,2.39627907,28.72084722,4.520833333
WP,10-30 m,13/04/2021,21.16438685,3.323234236,8.224476629,0.430804456,6.926773673,247,1.32392115,8.017785491,9.024441558,5.435,14.40526316,20.68452683,14.60869565
WP,10-30 m,11/05/2021,21.67056673,1.409491649,8.646877619,0.656327469,6.409311425,246.9944683,2.253579565,0.721662965,9.68709434,7.7177,24.08313953,50.72184595,20.28384615
WP,10-30 m,08/06/2021,22.13783161,1.069330047,8.014673486,0.881850482,6.084738497,247.45,3.866409633,0,38.6040543,44.1322,6.322909091,50.91172014,12.33333333
WP,10-30 m,13/07/2021,22.68458888,1.807311351,7.861658156,1.107373495,6.029972604,244.1355668,4.048327621,2.915420715,11.36405405,4.61037931,6.855483871,26.77490485,14
WP,10-30 m,10/08/2021,22.87112256,1.929585898,7.636120113,0.949504118,6.495174868,244.3574749,3.950607904,0,16.1549,11.4135,8.126322581,37.77584118,11.65217391
WP,10-30 m,07/09/2021,23.27908021,1.604677116,7.86471311,0.791634741,6.658756581,242.7967972,4.035704873,0,13.57306667,9.783,9.39716129,32.67470905,12.68181818
WP,10-30 m,12/10/2021,23.42435048,2.754631608,8.028653028,0.633765364,6.578910195,241.7573798,4.15455776,3.645250217,28.16545455,15.67383871,10.668,5.587846684,10.03846154
WP,10-30 m,09/11/2021,23.1310739,2.985995444,7.810448053,0.612260424,6.521349024,241.6262906,3.762561539,3.626476726,12.9779322,11.8483,16.71659574,6.717382509,10.22727273
WP,10-30 m,07/12/2021,21.68721453,2.599712042,8.321538977,0.377082391,6.8001022,244,1.699455939,5.725650954,12.24526667,11.57129032,15.8585,5.347444075,9.272727273
WP,10-30 m,18/01/2022,21.0097921,2.21342864,7.865479393,0.320502238,5.856843938,246.5273608,0,8.843428317,74.65186667,18.40887097,13.21005,23.76040956,30.92
WP,10-30 m,08/02/2022,20.92232315,2.195652038,7.881323095,0.254977881,6.072590133,247,1.493759114,8.741718733,14.65158621,25.24645161,10.5616,42.17337504,6
WP,10-30 m,08/03/2022,20.65217329,1.856239991,7.797810882,1.090016441,6.348297287,247.5298497,1.299015371,8.731761452,32.7652433,18.07525714,8.777481481,55.24414852,15.82608696
WP,10-30 m,05/04/2022,21.4912163,1.981336259,7.659987294,0.443409502,6.738733941,248.3184302,2.5107226,7.250986495,25.48765517,30.91911111,3.990985915,26.08830142,13.56071429
WP,10-30 m,10/05/2022,22.24736531,1.086000976,8.015767828,1.433885545,6.537192438,248.7887028,3.15418304,6.336838422,10.55917143,16.0876,9.888516129,20.69085832,11.14285714
WP,10-30 m,14/06/2022,22.47722448,1.386456752,7.982120663,1.158702525,6.259333124,247.2404243,3.223403514,4.623433616,66.59118182,14.05603448,14.27533333,57.58386174,19.52380952
WP,10-30 m,12/07/2022,22.62189743,1.435277893,7.807976181,0.534453339,6.6030497,245.8450864,3.353408885,6.472297999,60.80480952,29.57389655,8.446307692,35.60221715,14.52
WP,10-30 m,09/08/2022,22.73497031,1.872225166,7.425590074,0.515092727,6.771828587,246.0265612,4.078411722,4.962332488,12.47327273,17.64776471,5.274666667,5.018012327,12.26923077
WP,10-30 m,06/09/2022,23.16679613,1.257955972,7.741696004,0.810832144,6.639946268,243.1515303,5.011450288,0,64.69609877,19.6747,9.817422222,45.94401383,12.53571429
WP,10-30 m,18/10/2022,22.84054453,2.113781885,7.886061588,1.106571562,6.436209664,241.0973694,3.850354646,2.717102177,13.91564407,5.060172414,10.45036364,19.40886744,17.37689394
WP,10-30 m,08/11/2022,22.87963918,1.720757371,8.432837829,1.304749301,6.381312223,241.6141289,3.210606285,3.937793802,36.66645854,12.93155172,7.2128,78.50428056,12.04761905
WP,10-30 m,06/12/2022,21.6850819,2.508500699,7.971836714,0.560684139,6.226016173,244,1.696756402,7.437781919,59.41727301,20.80293103,20.286,57.81898115,11.31818182
WP,10-30 m,17/01/2023,20.96969099,3.171861366,7.851324956,0.419606324,6.127512572,246.1607519,0.989176465,9.187733094,95.54952941,33.10934062,14.72418182,79.04306734,12.29166667
WP,10-30 m,14/02/2023,20.65082495,2.583229283,7.667860544,0.381588232,5.517678795,248,1.387259115,10.38689468,91.96944401,47.5019,5.085948718,61.90429463,18.56521739
WP,10-30 m,14/03/2023,20.96933031,2.110411152,7.484396133,0.391693865,6.161436883,248.1600861,1.358407904,10.95882587,88.38935861,45.06109091,5.152,44.76552192,11.13333333
WP,10-30 m,11/04/2023,21.74579868,1.234556242,7.84384714,0.28733955,6.622688555,249,1.448115058,12.55979051,84.80927321,46.83981818,6.356,27.62674921,12.40909091
WP,10-30 m,09/05/2023,22.26696586,1.508291137,7.841676157,0.617999804,6.684521379,249,4.395418108,4.736709432,8.575375,16.72577419,0,10.4879765,6.866666667
WP,10-30 m,13/06/2023,23.15946698,1.888173639,7.839505175,0.466157355,6.414840325,248.8180676,4.700627973,4.766620596,7.711969697,12.69460714,0,0,10.26086957
WP,10-30 m,18/07/2023,23.06484098,2.189271337,7.578361524,1.550282814,5.574485036,213.9936839,4.679721501,0,5.783977273,0,0,52.1283122,0
WP,10-30 m,16/08/2023,23.38884385,1.768852588,7.233765019,1.350983821,5.711837804,247.0820321,5.587143109,0,3.855984848,4.594877506,0,48.44714591,0
WP,10-30 m,05/09/2023,23.59345644,4.160441352,7.43889168,1.64255499,6.140809366,246.9248929,5.489904168,0,1.927992424,0,0,27.06122373,0
WP,10-30 m,18/10/2023,23.95682536,3.82532954,7.644018341,1.142616312,6.215676297,300,5.368888636,0,0,0,0,0,0
WP,10-30 m,14/11/2023,22.54150276,3.490217728,7.849145002,0.642677634,6.30111745,244,3.571666915,3.495684127,0,0,5.208899641,34.98143493,0
WP,10-30 m,05/12/2023,22.3499668,2.884628405,8.054271663,0.449281487,6.361789409,245,2.536561803,6.087130971,0,0,10.41779928,35.42179196,0
WG,30+ m,11/01/2018,20.39692361,1.696450114,8.676007784,0.141163854,1.630856186,276.3871421,0,7.542302147,27.8893986,30.93297169,36.68796328,51.21666667,48.0715696
SA,30+ m,11/02/2020,20.8940434,0.8892087,8.088750314,1.037939864,5.455079952,248.0245581,2.066595842,5.097542266,48.58823529,15,0,64.48117838,16.31818182
SA,30+ m,12/05/2020,21.00469089,0.861814194,7.307791526,0.554232408,3.406433666,250.7494791,1.777538886,10.1947445,112.9867081,10.41416129,17.99260235,158.2861361,15.58333333
SA,30+ m,09/06/2020,21.04309848,0.771143587,7.143050986,0.179283618,2.936851687,251.4480418,2.608296862,8.585598141,48.29503667,51.8499,4.956848485,124.9591902,23.06136364
SA,30+ m,11/08/2020,21.06118203,0.738226733,6.934358422,0.526358421,2.254273946,252.1459357,2.5117709,8.608613031,131.9703659,54.1326,9.936,182.2915402,17.24074074
SA,30+ m,13/10/2020,21.25345412,0.672927528,6.689885725,0.421453001,1.270121733,252.5245372,3.06000552,7.558158847,104.9959769,56.15231613,12.12041026,186.6537501,13.77272727
SA,30+ m,10/11/2020,21.41201756,3.069406934,6.972956275,0.436817227,2.62924935,249.2876481,2.973823607,6.606813438,84.33612824,34.29672414,7.8085,137.4442767,18.63083333
SA,30+ m,16/02/2021,20.6675003,1.803537598,7.80999911,0.943463906,5.543697011,249.2899483,1.314315081,6.953944763,34.56762025,14.03394643,30.09337116,102.0851875,6.97826087
SA,30+ m,16/03/2021,20.86468499,1.21637949,7.789264655,0.778153328,5.322789326,249.2446318,1.843728986,6.587102673,22.13,33.2622,13.32930233,70.20463445,5.041666667
SA,30+ m,13/04/2021,20.96862324,1.53428506,8.028846863,1.187045864,5.391036711,251.8331141,1.41463566,5.735314798,60.36813882,32.0665,23.72631579,95.29531363,17.25815217
SA,30+ m,11/05/2021,21.03674112,0.943566568,8.075241939,0.574083059,4.729968179,251,0.496095832,11.73953611,95.76604555,40.8712,25.05127907,164.5673174,20.49923077
SA,30+ m,08/06/2021,21.07172089,0.68904426,7.1520191,0.598120362,3.780661965,251.7647059,2.004768485,9.958513276,131.1639523,57.1762,8.957454545,173.0359578,16.96296296
SA,30+ m,13/07/2021,21.06447614,0.866048142,6.774832406,0.666968645,3.227989893,251.6615711,2.114767596,10.58967177,166.561859,42.8427931,8.101935484,202.8335217,31.30434783
SA,30+ m,08/03/2022,20.49509337,0.717166951,7.743314311,0.755913556,6.354251871,250.4691357,1.224822942,10.23461133,77.62523077,35.31197143,40.32155556,98.98386399,14.30434783
SA,30+ m,10/05/2022,20.96445696,0.83904104,7.24408633,0.491178861,3.990101036,252.8198293,2.276291854,9.03561556,132.2515224,56.24662759,3.552387097,144.147363,16.67857143
SA,30+ m,16/08/2023,20.95209347,0.809273575,6.003402666,0.549717928,1.515417002,254.1817926,3.374325553,6.145966772,60.74491654,91.86982192,7.054697969,165.8173513,18.93515993
SA,30+ m,09/04/2019,20.80758481,1.191329674,7.586707142,0.891001227,4.832777778,308.8947368,3.978124893,1.810176363,11.51111111,43.66666667,28.78095238,86.10408759,22.375
SA,30+ m,14/05/2019,20.85577653,0.56077055,7.810778622,0.874435597,2.40849635,289.3831661,3.389315649,1.726497042,1.690909091,58.16666667,16.26811594,119.8157352,21.42424242
SA,30+ m,12/07/2019,20.8701373,0.653862778,7.461561364,0.532502254,1.967102974,250.3600246,2.21169716,5.894346091,27.61965812,79.9,12.37984496,144.3409234,35.45454545
SA,30+ m,13/08/2019,20.97328013,0.679779486,7.109471738,0.480312907,1.773743104,226.9167474,2.117052615,7.021790625,57.15151515,68.63333333,18.26086957,168.2334213,47.52173913
SA,30+ m,10/09/2019,21.02407347,0.916603207,7.783323215,0.406345682,1.737827449,250.3329669,2.02132411,8.254250979,52.86987522,41.81666667,28.07637217,155.7682802,31.91996047
SA,30+ m,14/07/2020,21.0672018,0.739271272,6.403035337,0.436923153,2.385170833,251.7550278,2.250337455,9.358839695,151.0439157,53.4804,17.68985639,196.4839423,29.17241379
SA,30+ m,08/09/2020,21.12222612,0.562686358,7.143706132,0.465698202,1.288306507,253.4598623,2.466238764,10.36641347,118.4831714,46.32197903,8.414933333,223.2976483,11.23404255
SA,30+ m,08/12/2020,21.28189707,1.797066234,7.604494835,0.71016843,4.896233301,246.2830147,2.335461942,5.917062841,22.7475814,14.55803571,21.35933333,73.43272492,6.181818182
SA,30+ m,19/01/2021,21.15177657,1.800301916,7.646729756,0.907861762,6.353289721,246.9521511,0.784901176,1.834466923,7.15215942,82.73277778,25.72635225,42.30846759,6.162790698
SA,30+ m,07/09/2021,21.15284104,0.84574937,6.772355248,0.5710951,2.534214195,252.4615052,2.1373002,8.122185188,121.5336066,47.17930645,25.31568495,179.6520618,16.95118577
SA,30+ m,09/11/2021,21.35529317,1.675045034,6.858351666,0.575625272,2.212028435,250.5135522,2.305918905,6.36189454,96.04012013,55.16525,26.90838004,169.1167214,22.51581028
SA,30+ m,07/12/2021,21.46770627,1.427364863,8.128942341,1.159895285,6.104925314,246.8992309,2.452599031,5.269793266,22.5726,15.25306452,7.271833333,130.2716129,12.45454545
SA,30+ m,18/01/2022,20.76482502,1.179684693,7.39004722,0.639917739,5.949600044,248.8694283,1.725910618,4.177691993,36.25915385,47.76362374,14.71271667,91.42650434,35.32
SA,30+ m,08/02/2022,20.69960623,0.948425822,7.516449384,0.99398914,6.345077565,249.1620571,0.999222204,2.99675496,80.34315254,80.27418296,22.1536,65.61613741,18.77678571
SA,30+ m,05/04/2022,20.82327003,1.26382283,7.285100065,0.517837972,4.864959109,250.5740036,1.45042368,11.56439592,104.9383766,64.61611111,2.358309859,166.97327,15.70357143
SA,30+ m,14/06/2022,20.91534008,0.731724562,6.663063987,0.46451975,3.29849468,252.0329815,1.998847534,11.07773622,119.2361601,68.63171696,5.152,203.0180963,28.04347826
SA,30+ m,12/07/2022,20.98317133,0.7861188,6.981247419,0.475019565,3.375012811,251.3389017,1.759636565,10.90502736,106.2207977,68.36855172,9.684769231,197.6773855,19.71
SA,30+ m,09/08/2022,21.00949388,0.848891355,6.589315423,0.534453966,2.813624392,252.3569644,3.052950544,7.46760133,93.20543541,52.77312808,3.434666667,150.1002904,17.65384615
SA,30+ m,06/09/2022,21.16413698,0.926299496,7.054065609,0.341886091,2.244899803,253.4942765,2.074424182,11.04368809,59.82065346,80.2206,9.101866667,224.8716836,8.428571429
SA,30+ m,18/10/2022,21.21082502,0.934826863,6.482682037,0.4261926,2.012067679,252.1754574,3.163642705,5.199072131,26.43587151,66.02213103,16.01218182,138.1415852,24.3844697
SA,30+ m,08/11/2022,21.31989107,0.8302149,7.441458746,0.485798855,1.938095021,252.6719493,2.12024988,10.73729793,58.29535017,81.40853571,5.066133333,229.5887536,24.52173913
SA,30+ m,17/01/2023,20.72032604,2.030586342,7.20642001,0.88103555,6.287206268,248,0.231234817,7.295109664,92.29511765,41.77137187,27.15015558,102.9410092,13.75
SA,30+ m,14/02/2023,20.49641571,1.899535969,6.174805303,0.875556591,6.355059947,249.1553576,1.687244092,5.423544544,64.32453333,31.7404,21.10338462,74.61696033,15.08695652
SA,30+ m,11/04/2023,20.73857717,0.976231952,6.479934403,0.607075337,2.771933033,253.0087214,1.797021521,11.81829193,81.61460895,86.008875,2.996,229.5887536,22.7826087
SA,30+ m,09/05/2023,20.81432431,0.941084271,6.134163855,0.519512612,3.166733899,252.4223648,3.150140571,6.913051109,84.46908475,67.00829032,0,141.286729,28.06969697
SA,30+ m,13/06/2023,20.86865653,0.729259035,6.836675476,0.39890648,2.133089941,254.4576102,2.068533093,12.11667693,76.56102868,77.93401786,0,229.5887536,24.86363636
SA,30+ m,18/07/2023,20.93332834,0.664310979,6.081102582,0.551967495,1.18247098,254.3197014,3.202317058,6.335256594,68.65297261,84.90191989,3.527348985,173.416652,59.47813206
SA,30+ m,05/09/2023,21.04173257,0.642770955,7.268642406,0.452911269,1.244189024,255.1773995,3.480106628,6.529138269,52.83686048,98.83772396,10.58204695,169.8562203,31.514756
SA,30+ m,18/10/2023,21.26701503,1.155025181,8.533882146,0.500174356,1.140362964,300,3.846885178,3.739103214,44.92880441,78.03314321,14.10939594,132.3594174,20.98596902
SA,30+ m,14/11/2023,21.43913285,1.667279407,6.671151935,0.547437443,2.88338498,250.793295,3.123189827,5.822345605,37.02074834,57.22856247,27.95748097,126.4620814,10.45718203
SA,30+ m,05/12/2023,21.43913285,3.005882031,7.536232655,0.980177108,3.700522604,250.0700982,2.888018405,3.51835356,29.11269228,36.42398172,41.805566,103.0151917,53.68855112
SA,30+ m,11/01/2018,20.55432604,1.696450114,8.676007784,0.389022744,6.169966385,276.3871421,0.227685788,5.571109026,7.59026504,2.384824961,35.22683662,47.43333333,23.98045281
SA,30+ m,07/02/2018,20.24460824,2.91446368,8.831480912,1.156349003,5.036349918,276.3871421,0.771846921,6.640381699,33.58432502,30.28573172,40.50752919,66.26666667,44.89109276
SA,30+ m,13/03/2018,20.40348786,1.819312794,8.415249975,1.023224953,3.714523076,276.3871421,1.292154724,2.177071058,37.98411201,32.22064581,3.728759765,90.13333333,63.42664767
SA,30+ m,10/04/2018,20.73054767,0.724161907,8.119849686,1.158668763,2.707202733,280.330865,2.098836837,3.038487322,35.67427456,42.68954979,2.371048237,105.9666667,64.18034312
SA,30+ m,15/05/2018,20.47048792,0.768579581,7.93687713,0.974110018,1.67862291,292.3846118,2.458046872,6.86588883,71.32252485,53.76969394,13.77552211,141,64.74456737
SA,30+ m,12/06/2018,20.57176548,0.650000129,7.94381686,0.789551273,2.050029039,309.7099268,0.671049075,10.69329034,87.56666667,41.83665303,4.637639768,65.03333333,65.30879162
SA,30+ m,17/07/2018,20.71659186,1.209023369,7.997323796,0.585686374,2.37225297,298.7690291,1.678930205,9.679794997,60.485,20.4456277,2.771990741,65.03333333,65.87301587
SA,30+ m,14/08/2018,20.89033218,0.84797023,8.051557824,0.414888944,2.558253659,287.8281314,2.110785915,5.071530681,91.76774507,38.15867309,10.96030294,128.1727241,44.20734987
SA,30+ m,11/09/2018,20.82288371,0.955967506,7.812299512,0.430155608,1.74400312,273.7770876,2.648432266,2.875384958,127.7983502,48.12025241,3.48693013,158.6140112,58.52704314
SA,30+ m,24/09/2018,20.90269164,0.564055165,7.757249564,0.389785749,1.194509144,305.3597583,2.029980153,8.589287759,84.4541751,44.59345954,30.22886515,169.7256378,62.12352157
SA,30+ m,14/11/2018,21.09750154,0.954088856,7.902366652,0.532459401,1.841741902,285.3512164,2.08435752,3.944382067,41.11,41.06666667,21.81666667,113.7533333,65.72
SA,30+ m,12/12/2018,21.36305865,1.526515606,8.450457371,0.940698114,5.492709329,302.251605,1.820130567,6.266923295,0,0,15.56122712,74.85725271,43.5773913
SA,30+ m,12/02/2019,20.50449963,1.364718488,8.192353612,0.924132485,4.812144138,283.1485939,2.634548966,4.145516782,9.333333333,16.36666667,14.64728023,125.0498524,21.43478261
SA,30+ m,12/03/2019,20.61175797,1.20292137,8.077628898,0.907566856,4.131578947,306.9,3.448967364,4.68483018,10.42222222,48.3,13.73333333,175.2424521,28.33333333
SA,30+ m,12/06/2019,20.94790514,0.584382952,7.73142458,0.857869968,2.153849291,269.8715953,2.800506404,5.931876223,16.42051282,28.25,15.11711712,132.3611765,36.07575758
SA,30+ m,10/08/2021,21.0899309,0.81739526,7.021228179,0.669198413,2.972637784,252.2123312,1.964104496,8.800724446,154.4629293,52.35716667,18.97721662,184.5106135,19.98369565
SA,30+ m,12/10/2021,21.19828983,1.007351244,6.131734004,0.659167965,1.992944923,253.337028,2.589836873,9.812424979,108.7868633,57.57593548,13.42133333,229.5887536,19.69453735
SA,30+ m,06/12/2022,21.02010855,2.184938887,7.285017063,0.851101565,5.757669235,246.1849501,1.537795826,5.758163011,90.15482883,47.79051724,33.19692655,95.12504838,20.21212121
SA,30+ m,14/03/2023,20.61523342,1.768485596,6.96565077,0.652379881,4.775039232,251.7991981,2.115733607,7.378559146,78.76013315,51.6489697,5.50247619,106.1704883,15.85555556
WP,30+ m,08/12/2020,20.92948888,0.945023032,7.18560411,0.694097684,2.608387749,246.4743278,3.405747532,5.414858009,64.88415709,28.10283214,20.8495,156.3662128,8.409090909
WP,30+ m,13/07/2021,20.85484945,0.556134389,7.156394278,1.413950248,3.595943776,248.0005803,2.232698114,6.877694026,148.8096343,24.51372414,9.431483871,175.8779827,16.12431562
WP,30+ m,06/12/2022,20.92746134,0.997680789,7.230685477,0.948282442,3.067985094,248.2591979,1.848606342,7.718341036,124.7514822,32.48480759,18.078,172.7329371,16.73636364
WP,30+ m,28/02/2018,20.42421972,0.664611334,8.49876673,0.254234704,3.133120993,276.3871421,0.439773196,11.31403832,68.57517583,33.93210957,0,137.1579927,45.01144199
WP,30+ m,12/03/2019,20.50224871,0.592664853,8.154294246,0.423205244,4.781538462,303.9615385,2.687603898,11.89399926,132.0444444,47.3,7.251851852,130.1223961,22.53623188
WP,30+ m,16/02/2021,20.76095224,1.867895941,7.837722907,0.66620687,4.437524358,246.5557336,1.245959619,7.80626139,35.39828895,13.10223214,21.34132364,99.00122669,5.673913043
WP,30+ m,10/11/2020,20.87063862,0.664695713,6.939224729,0.822136612,2.440344791,247.3466617,2.54395005,7.783327655,82.77626698,13.38134483,9.0965,163.7542136,14.43433333
WP,30+ m,10/05/2022,20.71388679,0.601634897,7.770716606,0.746665225,4.317060251,249,1.657657139,9.058758393,76.15626627,42.6104,6.751612903,116.776374,11.35714286
WP,30+ m,12/06/2019,20.57945833,0.467544813,8.021591028,0.89495246,2.895296128,265.3395261,2.717915355,6.045659774,7.266666667,17.9375,10.61261261,128.904159,31.83333333
WP,30+ m,11/05/2021,20.79042986,0.623012251,8.193806503,1.171274165,3.881059766,247.9838916,0.728215246,7.451271065,106.6611653,38.25819226,28.9496186,156.9544208,17.83415385
WP,30+ m,06/09/2022,20.84001668,0.614574274,7.040883205,1.079727743,3.24788683,248.9924292,2.482919112,7.347938139,135.4574568,36.1971,5.495466667,168.7218241,7.892857143
WP,30+ m,14/03/2023,20.5670679,1.360533045,7.016593087,0.866342338,4.13236948,249,1.615124825,7.49723345,175.9018857,97.01475,6.308571429,166.3100035,18.11536232
WP,30+ m,09/05/2023,20.60152734,0.754436544,7.131414173,0.477828747,3.454265972,249.125846,3.061292121,7.18649189,53.17763983,48.93603871,0,123.7664054,16.68666667
WP,30+ m,14/08/2018,20.46345357,0.643698971,8.023913754,0.690919155,2.574589645,293.6480441,2.41048514,7.627336603,77.79392287,35.78972198,6.822146697,164.0012731,45.15792744
WP,30+ m,10/03/2020,20.66387142,0.940918313,7.831297505,0.460988908,4.239926113,246,1.068457422,9.784555752,65.44569255,10.72974194,0,115.2159562,9.814814815
WP,30+ m,11/08/2020,20.74615346,0.545145627,6.95862806,1.016706785,2.534397343,247.5828106,2.213121091,6.12944063,69.68936419,32.0665,17.848,162.0615123,13.41481481
WP,30+ m,08/09/2020,20.7448394,0.521413979,7.803309847,0.883769448,2.327368141,247.3720228,1.909779839,9.272539307,120.8398885,15.43189355,5.896177778,181.7523444,8
WP,30+ m,08/11/2022,20.86424536,0.804548902,7.671187561,1.377077268,2.357090507,249.2013209,1.768575976,7.687199253,78.76753583,56.01932143,10.00454,155.2218286,13.19254658
WP,30+ m,13/06/2023,20.63243003,0.606505774,7.120090537,0.535185768,2.908788126,250,2.044897869,9.97404163,152.1979902,58.95680952,0,179.0879946,16.02108037
WP,30+ m,18/10/2023,20.81767185,0.63320621,7.941698986,0.724891573,2.322088022,300,2.85508853,5.141997889,0,101.6495793,0,114.0153671,2.942452105
WP,30+ m,05/12/2023,20.94071615,0.802481899,7.430879616,0.767279444,2.734885413,248.9917433,2.156120557,6.709951776,0,101.6495793,19.54816332,140.8102736,5.88490421
WP,30+ m,17/07/2018,20.34087068,0.483742228,8.049956475,0.761227742,2.477720031,297.3336863,1.476914886,8.43433748,87.86333333,31.52459981,1.15162037,86.93333333,65.17857143
WP,30+ m,12/02/2019,20.46270458,0.605149118,7.924065485,0.607255419,3.549657064,249.50071,2.05555828,9.221979814,90,51.36666667,26.71212121,81.74326997,28.97101449
WP,30+ m,13/08/2019,20.60193708,0.521629947,7.745828492,0.748803294,2.512471513,246.343945,1.52601603,7.390014805,71.84848485,62.96666667,11.12318841,158.8480839,25.7826087
WP,30+ m,10/09/2019,20.57247764,0.533582266,7.883517754,0.599014685,2.155641568,246.542957,1.342768659,8.499131472,59.29114676,55.7,26.26194607,157.2012094,20.5402081
WP,30+ m,13/10/2020,20.73435889,0.561745124,6.84249058,0.85295303,2.081826037,247.7046837,3.030071463,8.527933481,92.0335106,46.23373333,8.267418803,179.8017611,11.53787879
WP,30+ m,19/01/2021,20.80436988,1.68714726,7.431983492,0.52960335,3.251401769,245.9464411,1.06843354,4.932086527,12.9252029,79.16159848,21.09541182,115.7044139,10.14348995
WP,30+ m,08/06/2021,20.73909064,0.533417016,7.271801525,0.86541283,3.21436672,248,1.818610748,7.554089871,145.5177371,81.78447742,7.884121212,174.3620301,20.92699946
WP,30+ m,07/12/2021,20.89298563,0.856843587,7.663731672,0.641082764,2.740303415,247.7567442,1.828515953,8.0871656,73.83672816,16.83096774,13.08572222,147.0415228,17.92550505
WP,30+ m,05/04/2022,20.68758385,0.727923459,7.392287151,0.592525896,4.435691801,248.2298401,1.370066086,10.30173037,171.0030038,69.08488889,5.109671362,158.2947531,17.48782468
WP,30+ m,14/06/2022,20.70561326,0.560057745,7.244989817,0.900804554,3.492909806,249.0048263,1.354763175,9.776583313,111.3528864,53.39007864,12.75477778,197.2028102,23.99240856
WP,30+ m,18/10/2022,20.89044745,0.631957485,6.966174358,1.228402505,2.503713776,249.0892466,3.373098758,7.517568696,32.78358948,46.48361839,5.913090909,137.7107202,13.53030303
WP,30+ m,18/07/2023,20.66255489,0.632571123,6.570999121,1.154237473,3.035431501,208.7829741,2.658459578,4.782936887,114.1484926,80.3031944,0,143.4524288,46.12503134
WP,30+ m,13/03/2018,20.40161626,0.713191339,8.489978854,0.516130821,3.211980565,276.3871421,1.153605709,9.06281437,30.5928984,34.15540993,1.490560805,77.66,49.67759015
WP,30+ m,10/04/2018,20.3790128,0.545843951,8.336448793,0.297608379,3.106004989,282.3027264,1.041125991,9.738515009,31.42871944,49.7374319,2.666033922,75.76666667,56.38589164
WP,30+ m,15/05/2018,20.35640934,0.53346885,8.014324399,0.339111125,3.074930152,304.7049709,1.441323271,8.21307459,32.30767438,32.80637974,5.850485969,80.36,53.10932454
WP,30+ m,12/06/2018,20.34864001,0.467574948,8.073785232,0.380613871,2.815894079,301.0193286,2.131844537,8.323706035,70.06166667,42.76329539,7.046717839,92,52.46069784
WP,30+ m,14/05/2019,20.49314386,0.42090648,8.070562356,0.853798621,2.858134206,284.669763,3.030496232,5.857963777,5.115151515,56.5,27.24637681,123.1090813,31.68181818
WP,30+ m,13/04/2021,20.75290385,0.92896661,7.735926141,0.44442325,4.153220715,247.0221651,1.133014287,8.673504425,37.16633427,37.02812903,21.47231579,109.1028598,17.18266908
WP,30+ m,12/10/2021,20.8218926,0.663993072,7.210665711,0.82559882,2.611838666,248.9398801,1.833178663,8.981751023,159.8501313,45.82932258,12.02133333,196.1668428,17.36510591
WP,30+ m,08/02/2022,20.74230462,1.309720165,7.529323897,0.699113497,4.215060474,247.207358,1.895863663,6.898975493,19.86612644,26.82435484,12.27893333,94.79950449,11.9156746
WP,30+ m,08/03/2022,20.55514517,0.735899261,7.774232453,1.290449299,4.325376137,248,1.149477322,10.74278151,97.17745055,25.4358,6.44,100.0288405,8.47826087
WP,30+ m,12/07/2022,20.76714083,0.622498271,7.137494884,0.882661428,3.405578422,249.1897413,2.108226386,5.975293821,146.5495065,66.31556749,5.845538462,196.7987271,20.80133333
WP,30+ m,17/01/2023,20.75579879,1.445818686,7.168459775,0.713929169,4.161708825,247.2860718,1.669581305,7.731485428,98.04457843,48.19316406,14.04115152,132.7692063,15.12922705
WP,30+ m,11/04/2023,20.58834969,0.851973441,7.14273781,0.671806884,3.760779416,249,0.557543705,7.34186267,114.5397628,79.19247917,10.08933333,145.0382044,19.04611331
WP,30+ m,16/08/2023,20.68161526,0.609800223,7.384053895,1.122706418,2.408299968,250.6009406,2.796504271,5.916883512,76.0989951,101.6495793,0,158.3019234,0
WP,30+ m,11/09/2018,20.45737218,0.607910177,7.949165391,0.354726065,2.382428583,290.3180413,1.656830851,6.820335726,82.76506886,40.62166415,7.583099203,116.7787155,51.92266967
WP,30+ m,09/04/2019,20.4935328,0.497607309,7.973585501,0.29139844,4.419433962,304,3.343077108,10.8338415,48.84444444,29.83333333,2.971428571,97.47705796,24.04166667
WP,30+ m,12/07/2019,20.52587071,0.467713808,7.696609912,0.936106298,2.578330344,246.0092891,1.863412433,6.233355771,16.1025641,32.06666667,11.13953488,135.6413491,21.13636364
WP,30+ m,18/01/2022,20.80174661,0.995845512,7.248246374,0.485670798,3.342333661,247.8346984,1.274295674,7.990206845,116.8218111,102.8887308,14.05090909,162.3882312,54.18666667
WP,30+ m,05/09/2023,20.65296733,0.515158206,8.19710867,0.490089407,2.352518758,250.3591901,2.934548964,7.050830137,38.04949755,101.6495793,0,155.2266073,0
WP,30+ m,14/11/2023,20.88582314,0.751254215,7.686289301,0.959693738,2.553130955,249.0093208,3.030014766,4.819370681,0,101.6495793,19.54816332,149.297195,5.88490421
WP,30+ m,12/12/2018,20.6016528,0.617633382,8.017479702,0.511758841,2.317775666,269.9093756,1.423512663,8.948155641,86.38253443,45.99416541,20.31245936,151.4928728,40.44684208
WP,30+ m,23/01/2020,20.79264298,0.935136633,7.307213913,0.394611726,2.572416625,245.6255483,1.392960997,7.861821806,46.73380867,48.43333333,12.77438007,88.62440592,15.29780751
WP,30+ m,16/03/2021,20.71680612,0.981118292,7.601725029,0.562414383,4.245999848,247.0199384,1.717964352,8.344193633,69.24979469,47.82507796,7.288682171,112.9394692,9.416666667
WP,30+ m,07/09/2021,20.80115079,0.58629867,7.123724362,1.35288343,2.700377026,248.7080396,1.347030102,4.089910861,97.07149153,68.56866129,20.97118715,182.4324947,19.84295125
WP,30+ m,09/11/2021,20.85574588,0.717841663,7.196895581,0.839112073,2.131531439,248.6975344,1.965800654,7.01389205,108.0191424,56.3066,17.17333333,183.4687877,21.2259552
WP,30+ m,09/08/2022,20.7654649,0.636467752,6.598458527,0.864518302,3.105657488,249.0809184,2.277690681,9.366475398,181.7461266,40.95329222,3.945777778,196.394644,23.04846154
WP,30+ m,14/02/2023,20.58421291,1.86592625,6.704522813,0.435913172,4.147039153,248,1.279697227,11.56515656,136.9732321,62.79236667,3.985094017,170.3712336,22.68
WP,30+ m,10/08/2021,20.82311486,0.761861506,7.14005932,0.690675477,3.047186816,248.7312862,1.980927813,7.12604387,83.28256667,37.60377151,29.92104097,161.5298136,14.63043478
WP,30+ m,11/02/2020,20.58296592,1.336690999,7.572871758,0.595341624,2.989191682,245.9216037,2.114898912,7.322190219,34.17647059,41.16666667,0,121.820776,20.63636364
WG,30+ m,18/07/2023,20.49937968,0.525595053,6.542224773,0.155167825,1.189469778,250.1272919,2.181954484,9.383230025,45.39828346,139.9132433,38.87716633,176.3221598,68.46032978
WG,30+ m,23/01/2020,20.43290154,0.630549048,7.489793396,0.170822155,1.820455952,245.6255483,2.570808099,8.254220019,68.83917607,91.13333333,55.75703304,165.8383516,0
WG,30+ m,10/09/2019,20.36745627,0.468419404,7.670819359,0.153069924,1.157432923,303.1377848,1.329932157,10.54965042,73.82867895,96.76666667,19.01950816,176.9539989,16.54347826
WG,30+ m,09/06/2020,20.41670746,0.532506866,7.251659306,0.043073091,1.046184112,247.0049248,1.838070617,8.507633299,30.40800043,82.73277778,5.867555556,163.3543646,30.37777778
WG,30+ m,11/08/2020,20.42517421,0.525162804,6.694096483,0.12850229,0.825649062,247.8273201,1.412101996,7.95516815,62.11790052,96.82754444,23.43614815,193.3318873,32.58024691
WG,30+ m,08/09/2020,20.42876201,0.5011921,7.537952578,0.141646752,0.77386458,247.3977021,0.952073436,10.32337304,63.43597884,91.71903405,16.87352768,218.7798106,15.75650118
WG,30+ m,10/11/2020,20.45423113,0.507914903,6.621282574,0.14686607,0.759476056,247.3186068,2.007615887,7.794320011,64.31527634,95.60810536,11.20643735,188.2800611,29.67277778
WG,30+ m,16/03/2021,20.44010567,0.631718113,7.615181758,0.122977615,1.175181684,247.2920864,1.193837014,8.065132588,64.70156296,109.8002466,16.18551049,176.0302577,17.78358944
WG,30+ m,13/04/2021,20.4517805,0.580367388,7.784081613,0.066013185,1.192092072,248,0.803245523,8.246310141,25.11027,95.6014552,24.74826901,166.3100332,33.68176329
WG,30+ m,11/05/2021,20.45848585,0.533557323,7.766759694,0.094590124,1.163696331,248,0.197721777,8.141377738,27.44249609,100.5981487,38.49665116,177.6502572,42.01384615
WG,30+ m,12/02/2019,20.30666612,0.741758746,7.620372698,0.157678143,2.374170926,242.605814,0,9.231368045,60.86666667,94.9,42.36363636,158.4966912,32.95652174
WG,30+ m,12/03/2019,20.30703121,0.443893239,7.8995904,0.134849634,2.527819002,303.546875,2.274043121,8.840194604,47.63333333,92.3,8.4,164.340867,37.7826087
WG,30+ m,09/04/2019,20.33095015,0.434040087,7.472115455,0.154367448,2.065413129,304.1525424,2.34316221,8.449021163,34.4,101.8,16.91428571,152.312004,35.375
WG,30+ m,14/05/2019,20.33688838,0.40070642,7.902692934,0.090167504,1.603007257,284.7559169,2.412281299,8.298083685,13.99454545,92,13.67391304,140.2831409,37.72727273
WG,30+ m,12/07/2019,20.35319205,0.467427642,7.400739239,0.302840403,1.373322725,245.9626661,1.513438869,7.091738499,32.26923077,103.7,8.627906977,163.1847885,42.54545455
WG,30+ m,11/02/2020,20.3895551,0.792678693,7.308767433,0.153531289,1.202058453,245.8203739,1.820213619,8.750522329,63.8496732,85.5,0,173.2511399,32.68181818
WG,30+ m,10/03/2020,20.41517796,0.882079791,7.491364076,0.242914424,1.421775914,246,1.563414778,9.538908589,96.36167249,76.75038172,1.779781818,184.47431,28.11260756
WG,30+ m,14/04/2020,20.41314359,0.575118666,7.447060125,0.109872318,1.214793058,246.5792688,0.902527604,10.16456414,68.12976636,87.55709514,8.576444444,194.4356079,90.78403078
WG,30+ m,12/05/2020,20.4187861,0.541537907,7.061816324,0.081635069,1.113349296,247,1.15290425,9.33609872,49.26888339,62.95030309,14.76648505,213.5231907,28.03525641
WG,30+ m,14/07/2020,20.42497345,0.542680977,7.088054839,0.111854924,0.941336567,247.3298771,1.505095593,8.992317645,87.06424251,94.02399028,12.64678843,194.2674788,24.79022989
WG,30+ m,13/10/2020,20.4440584,0.547041851,6.828852532,0.207215845,0.745759882,248.0241102,1.938100325,7.461723987,64.75405716,95.64820789,13.64669943,186.6642818,16.50242218
WG,30+ m,08/12/2020,20.46240177,0.553225718,7.103750576,0.118461274,0.774443041,246.9628723,1.735967379,7.292740386,37.68290476,98.08880952,15.83762963,172.985114,16.87137331
WG,30+ m,19/01/2021,20.46199535,0.741702142,6.863070506,0.085935684,0.957728055,246.6714815,1.003732578,7.487545508,9.901227743,150.9601444,39.89238123,163.328503,15.25823973
WG,30+ m,16/02/2021,20.43033471,0.669458712,7.428982951,0.092521698,1.153236029,246.4764759,1.178880911,7.68235063,33.47035406,97.25548748,21.93800404,165.9863707,16.72769726
WG,30+ m,08/06/2021,20.45795802,0.506550851,6.439792069,0.145648573,1.070750015,248,1.985557086,6.638375438,30.52339626,102.2107269,17.77202229,169.7212036,31.98711755
WG,30+ m,13/07/2021,20.46347835,0.498128364,6.974646225,0.249607202,1.025974402,247.9991985,1.115377352,7.241268699,45.38751334,95.4569249,30.59535842,185.4495919,32.9640365
WG,30+ m,10/08/2021,20.4686963,0.567238551,6.252154233,0.086320548,0.979652226,248.1090969,1.070254472,7.275677783,46.14216768,97.32546057,41.44148541,191.4414758,29.26851852
WG,30+ m,07/09/2021,20.47637078,0.56381477,7.085259329,0.097157904,0.916739259,248.4431681,0.887905122,7.142940229,49.24576673,118.3661183,34.16113113,186.1072487,27.93706632
WG,30+ m,12/10/2021,20.47745836,0.575096336,6.784684435,0.139190586,0.875556032,249.0870972,0.797615209,7.058907123,37.621,101.9909892,42.73927778,189.562352,32.1066518
WG,30+ m,09/11/2021,20.49664398,0.560693083,7.229232496,0.114460776,0.829343826,248.7906112,0.265363359,7.214210439,35.10310655,107.3231333,49.90766381,190.952439,29.6267018
WG,30+ m,07/12/2021,20.51037973,0.867107027,7.692142377,0.091150303,0.93038606,247.8567895,0,7.844856657,54.82723406,113.6674731,50.41012997,196.2706826,32.6952862
WG,30+ m,18/01/2022,20.48497313,0.74144452,7.333927558,0.077009607,1.118985389,247.6607088,0,6.218981875,47.84997778,101.3722466,61.32636364,204.055805,84.20888889
WG,30+ m,08/02/2022,20.473341,0.745489651,7.090647966,0.080372086,1.281788033,247.4208374,0.016268745,7.984336704,32.61397792,89.07702016,53.40906667,185.1387889,33.7526455
WG,30+ m,08/03/2022,20.58136168,0.768818863,7.271895626,0.085682762,1.303245353,248,1.476993569,9.297785142,55.03971147,24.87677143,10.47891358,191.1352912,11.43478261
WG,30+ m,05/04/2022,20.46310669,0.593699493,7.100127567,0.090993437,1.324702673,248.1698252,0.455825328,7.576963726,88.4578212,141.2160617,36.4171734,197.1317935,33.9788961
WG,30+ m,10/05/2022,20.4669901,0.550154824,6.941094052,0,1.194254239,248.8810021,1.146434268,7.631917861,59.64729675,112.010977,34.21928291,190.5755513,30.14021164
WG,30+ m,14/06/2022,20.47538291,0.527813063,6.881347671,0.124022215,1.172124433,249.0098435,0,7.686871996,94.45486364,101.9246488,58.23744654,222.2815552,36.7805383
WG,30+ m,12/07/2022,20.48264987,0.523527899,6.831791193,0.248044429,1.088121649,249.2159358,0.485281007,7.389338219,95.83421869,124.2334799,43.42060639,212.3983488,33.58703704
WG,30+ m,09/08/2022,20.4868524,0.540774254,6.568204203,0.165799669,1.080956184,249.1376443,0.675953146,7.497868644,69.8985147,105.5648197,45.54484211,201.9850517,29.68837607
WG,30+ m,06/09/2022,20.49596528,0.546447909,6.702641853,0.167900375,0.96104123,249.537483,0.366410643,7.7599697,90.25368443,115.8862778,49.02203837,215.4253035,33.02857143
WG,30+ m,18/10/2022,20.51139195,0.519760898,6.855082328,0.259302292,0.895913027,248.8343774,0.068601998,6.470336164,62.56526197,123.7930575,58.02756123,208.9967738,36.20496633
WG,30+ m,08/11/2022,20.51563503,0.605325315,7.34683038,0.222429969,0.909070861,249.1434815,0,7.951673629,109.5822881,131.3587738,61.68029259,229.5887536,36.33563377
WG,30+ m,06/12/2022,20.54639549,0.622877629,6.751940415,0.162381474,1.038944618,248.2053553,0.025966807,8.4759448,81.86304437,89.48050728,57.5152467,215.8919322,31.96969697
WG,30+ m,17/01/2023,20.50019957,0.761632375,6.653779483,0.129092138,1.168266829,247.4289561,0,7.284137227,56.40327177,107.811151,58.13679327,205.4861208,34.74677939
WG,30+ m,14/02/2023,20.47070414,0.820836985,6.136006419,0.178966605,1.567134369,248.3113593,0.087712592,7.41531287,95.50858157,118.4467667,58.75833983,212.742288,38.55903382
WG,30+ m,14/03/2023,20.46046138,0.667737444,6.586308318,0.180766689,1.594528218,249,0.368463926,5.76626887,40.4645625,136.6620162,52.06798413,180.5253163,39.06247987
WG,30+ m,11/04/2023,20.47259992,0.656394201,7.035210478,0.086393999,1.479394568,249,0.422098393,9.446912458,106.9522285,102.1498643,36.37983539,205.9036778,33.00263505
WG,30+ m,09/05/2023,20.46892995,0.58099189,6.132107314,0.077896667,1.284952129,249.1056874,1.352700223,6.773954767,36.24308451,106.3623656,0,158.9983123,38.76397306
WG,30+ m,13/06/2023,20.48146458,0.5565899,7.069409528,0.085941947,1.200863501,250,2.283302054,7.611906411,44.43970489,106.4612976,0,161.5695781,34.42336408
WG,30+ m,16/08/2023,20.49947303,0.536279217,6.210331982,0.143364397,1.077701303,250.2545837,2.333116705,9.139286713,46.35686203,139.4499068,44.68547532,179.3106788,102.4972955
WG,30+ m,05/09/2023,20.49857599,0.51551578,6.277141201,0.122676302,0.967311403,250.5433641,2.305688085,9.278184791,47.3154406,138.9865703,43.55137813,181.3269317,102.4972955
WG,30+ m,18/10/2023,20.52263637,0.52415941,6.437913705,0,1.681259061,300,2.718576293,5.844695661,48.27401917,104.6079517,0,133.4775099,102.4972955
WG,30+ m,14/11/2023,20.54669675,0.532803041,6.59868621,0.158413089,0.941570242,249.4682854,2.145463768,9.278589132,48.27401917,70.22933296,40.0158525,180.8887692,102.4972955
WG,30+ m,05/12/2023,20.55163848,0.55395509,6.582378389,0.121841918,0.977758835,249.2744543,2.127697825,9.42806209,48.27401917,35.85071427,38.97515776,179.7879927,102.4972955
WG,30+ m,28/02/2018,20.26080699,0.671395298,8.53024287,0.229947922,2.062445044,276.3871421,0.408654003,10.15932095,53.36812149,33.0821443,0,137.0946272,46.34595309
WG,30+ m,15/03/2018,20.25650919,0.655685418,8.501387716,0.17779867,2.278239473,276.3871421,0.908665833,10.94084568,41.58611527,33.54689541,2.394910233,125.9059704,47.12736173
WG,30+ m,12/04/2018,20.25982525,0.461176266,8.271964608,0.135247866,2.494033902,309.9950613,0.953530074,10.63712685,39.81627954,38.98566281,2.112049921,114.7173136,69.22263002
WG,30+ m,16/05/2018,20.26314131,0.439383786,8.125453778,0,2.709828331,310.2450387,1.128352037,9.019829445,48.91733835,36.11876489,5.17544772,113.9998127,68.44535354
WG,30+ m,13/06/2018,20.27852122,0.436006207,8.109890921,0.080505389,2.579378918,310.4950161,1.530854286,8.161599778,69.845,50.85597198,1.329109362,113.2823117,38.53399496
WG,30+ m,18/07/2018,20.27768977,0.434651079,8.089062764,0.161010778,2.501881882,304.5140218,1.134366104,10.63034908,84.32,35.16269471,2.063195206,112.5648108,58.51190476
WG,30+ m,12/09/2018,20.29478261,0.469106261,8.093305504,0.089513139,2.319481433,281.3599401,0.462222928,7.093609438,86.06292281,38.46860415,24.57727165,144.5266837,94.95341852
WG,30+ m,24/09/2018,20.325499,0.422751858,8.105527734,0.085078492,2.329691494,287.0929709,0.8018728,8.012792417,86.25654813,43.2244408,2.960665111,152.7976891,83.0427744
WG,30+ m,12/12/2018,20.36574956,0.535820221,7.762333613,0.1248353,2.22052285,290.8550141,1.100031375,10.98867289,52.49283333,66.405,10.69034639,154.856769,42.86626087
WG,30+ m,12/06/2019,20.35233132,0.424841495,7.867812677,0.196503954,1.513949867,265.3592915,1.962860084,8.937403203,13.14769231,31.96875,15.2972973,149.6042584,34.95454545
WG,30+ m,13/08/2019,20.35885233,0.459281591,7.419092922,0.153278823,1.281983941,253.0937476,1.280265023,8.904255982,78.81818182,102.4,14.2173913,185.9879212,33.08695652
WG,30+ m,07/02/2018,20.26510479,2.508459158,8.861265596,0.272303021,1.846650615,276.3871421,1.03768765,9.377796214,53.03911825,32.6173932,1.262080319,53.97083333,45.56454445
WG,30+ m,16/08/2018,20.314168,0.487950941,8.054056088,0.139987446,2.34995885,299.8054085,1.468628971,8.791706267,90.58769265,36.42933878,3.960886781,111.8473099,39.2643465
WG,30+ m,10/10/2018,20.32959812,0.498297575,8.061937169,0.114229598,2.168371528,292.8260016,0.865666069,8.931975395,86.45017346,47.98027745,12.96535128,110.7018477,71.13213029
WG,30+ m,14/11/2018,20.3448269,0.469331029,7.782876255,0.087641872,2.03328206,269.6356243,1.802592893,6.233274939,44.119,37.91,8.575,128.732,52.776