depth,2014-02-18,2014-03-26,2014-04-22,2014-10-07,2014-11-11,2018-01-11,2018-02-07,2018-03-13,2018-04-10,2018-05-15,2018-06-12,2018-07-17,2018-08-14,2018-09-11,2018-09-24,2018-11-14,2018-12-12,2019-02-12,2019-03-12,2019-04-09,2019-05-14,2019-06-12,2019-07-12,2019-08-13,2019-09-10,2020-02-11,2020-05-12,2020-06-09,2020-07-14,2020-08-11,2020-09-08,2020-10-13,2020-11-10,2020-12-08,2021-01-19,2021-02-16,2021-03-16,2021-04-13,2021-05-11,2021-06-08,2021-07-13,2021-08-10,2021-09-07,2021-10-12,2021-11-09,2021-12-07,2022-01-18,2022-02-08,2022-04-05,2022-05-10,2022-06-14,2022-07-12,2022-08-09,2022-09-06,2022-10-18,2022-11-08,2022-12-06,2023-01-17,2023-02-14,2023-03-14,2023-04-11,2023-05-09,2023-06-13,2023-07-18,2023-08-16,2023-09-05,2023-11-14,2023-12-05
0.0,N/A,N/A,N/A,N/A,N/A,0.580941015319789,0.515867194463878,0.558594791454419,0.472554902416959,0.321166505549511,0.347868941707881,0.47027113,0.915768995633489,0.474384699999326,5.22701901266497,0.260366206878093,1.18722523867427,0.551032210428979,0.723466214858126,0.642286010109324,0.352264933466905,0.39889682440041,0.68359375,0.344330487695943,0.491275108089195,0.583425794220773,0.157714844,0.25,0.548339844,0.493164062999999,0.520019531,0.34375,1.046386719,0.593261719,0.464260932462337,0.487924388534448,0.691628361860964,0.548370195822822,0.591879269797026,0.361027491794465,0.505371094,0.155187717188522,1.0964663739975,0.318756074724444,0.416553523342675,0.885092068645847,0.194335938,0.238047742404453,0.463806141341073,0.795397024827323,0.372790342294258,0.935902650162226,0.442084996779438,0.257407000431735,0.433923301056164,0.344665682202673,0.363107277340935,0.500434093088236,0.324743560658272,0.482953452636818,0.340430973063981,0.297092874,0.279908154012816,0.291421700840627,0.471771337544899,0.46831663964946,0.529893632586542,0.555182858375983
0.1,N/A,1.0,2.0,1.0,1.0,N/A,N/A,N/A,N/A,N/A,N/A,N/A,N/A,N/A,N/A,N/A,N/A,N/A,N/A,N/A,N/A,N/A,N/A,N/A,N/A,N/A,N/A,N/A,N/A,N/A,N/A,N/A,N/A,N/A,N/A,N/A,N/A,N/A,N/A,N/A,N/A,N/A,N/A,N/A,N/A,N/A,N/A,N/A,N/A,N/A,N/A,N/A,N/A,N/A,N/A,N/A,N/A,N/A,N/A,N/A,N/A,N/A,N/A,N/A,N/A,N/A,N/A,N/A
1.0,N/A,N/A,N/A,N/A,N/A,0.636698907111172,0.525273896370976,0.55841882893886,0.433960469439665,0.27069116206711,0.353838643005407,0.47031263,0.424798348745985,0.486058757520274,3.54555402977121,0.609073081278795,0.857891399631307,0.672369761908054,0.761452774289927,0.9927476570238,0.412055718033511,0.413096898749902,0.68359375,0.344062738938948,0.488304078346855,0.581140600323835,0.157714844,0.25,0.548339844,0.493164063,0.520019531,0.34375,1.046386719,0.593261719,0.469735116579301,0.501195729818702,0.729043029618909,0.56375333655432,0.556122840027367,0.541556793733816,0.505371094,0.17028912343395,0.405838984842508,0.348780677830577,0.53544891770444,0.40426881638334,0.192673372665202,0.412511524135892,0.536176769575695,0.199670245630503,0.405638438192569,0.544386994755963,0.497984666042123,0.401808605680392,0.622609925752962,0.4227813122322,0.524774709703259,0.500808087266615,0.371558369431969,0.539232145360797,0.373578158772422,0.297092874,0.37428731319797,0.489469449308887,0.690441864508994,0.487363019620261,0.81984073743903,0.642965602094874
2.0,N/A,N/A,N/A,N/A,N/A,0.690074865595437,0.563093582017291,0.583819217980869,0.418075784706665,0.285444526248208,0.353872099606978,0.4709353,0.356947280273129,0.474063138558458,2.72454491511052,0.584674073084448,0.815224888763282,0.556172834623564,0.801107276923575,0.662947501040528,0.434894375818706,0.428042731922311,0.68359375,0.343998437390499,0.463135128042744,0.558470907373842,0.157714844,0.249975478730226,0.548339844,0.493164063,0.520019531,0.346582218798945,1.046386719,0.593261719,0.466151340901273,0.494083501906853,0.688043891457951,0.613504615293797,0.566910199102591,0.588280862761591,0.505371094,0.306907072789543,0.450847168812913,0.529398641473967,0.620822735197975,0.428833785775168,0.252977477790979,0.459562294995298,0.48839564023403,N/A,0.417161037144261,0.620109295158729,0.534291020861661,0.516742566929605,0.651451922283795,0.421182149486599,0.513670723469184,0.501041306815639,0.458969138540133,0.541999671787998,0.402916101624769,0.294742988888273,0.641373999448494,0.628517786985364,0.58861287089726,0.50566746541257,0.47993926004162,0.526785483969626
3.0,N/A,N/A,N/A,N/A,N/A,0.722184701666736,0.554593528731175,0.549735608952645,0.422031121064482,0.26858715502071,0.365135194427212,0.47175381,0.362526956511565,0.552704163406899,2.68775087573788,0.484018269338974,0.737554779200637,0.542471825364028,0.700392420751478,0.584380836536616,0.429846414908655,0.389485867389207,0.68359375,0.344041478878968,0.518538681032256,0.593570891565793,0.151703686572259,0.249924538368854,0.548339844,0.493164063,0.520019531,0.432851492507729,1.046386719,0.593261719,0.524723892964942,0.519187846558474,0.742288482969936,0.659825461698935,0.582561164075233,0.574491678663612,0.505371094,0.406206254166852,0.478519022344472,0.737639119948654,0.576773069220334,0.515375119529425,0.383694623359394,0.433254901335954,0.594214221506365,N/A,0.402801547620132,0.670416406847434,0.670179718696361,0.471032359080625,0.635641064939705,0.487973456730263,0.559999042681563,0.500836467383001,0.454381086664976,0.573178004490636,0.427683240880231,0.322179441384984,0.84925140434849,0.56779040286206,0.812859136721186,0.523296627734002,0.605214398190117,0.554553761028445
4.0,N/A,N/A,N/A,N/A,N/A,0.745763230251078,0.630825316700718,0.619808129209332,0.421917708106547,0.277567623591376,0.39497634084626,0.47310189,0.383864607612239,0.853121260955911,2.49036168630341,0.547587298585649,0.912348836328922,0.696232037788667,0.838384133833769,0.620296031596795,0.408620602136708,0.406746373746776,0.684328193739004,0.344173667972996,0.5856394131548,0.589210408192,0.275251711501142,0.250987028781012,0.54838296967124,0.493164063,0.522443264831067,0.49360691519972,1.04561825254418,0.593261719,0.503378589033436,0.488853273300052,0.701509502381288,0.600543982320883,0.617004646892114,0.603661311594213,0.505371094,0.433115648528418,0.508456561464352,0.675485814690541,0.852739717765256,0.455598771684543,0.378669596407391,0.427273380643821,0.618336676292249,N/A,0.40357231306716,0.717060169478114,0.613627444499452,0.518034433063414,0.566251344016883,0.453558646767871,0.593853059571675,0.500578914560728,0.518601774208421,0.502579752465637,0.448743048390381,0.605076326128842,0.455033841160533,0.500230434260656,0.78337179058718,0.54028750245552,0.656152790270987,0.621110167856074
5.0,N/A,N/A,N/A,N/A,N/A,0.769254382427781,0.597837685063441,0.578365504865751,0.442917521095682,0.301850728738516,0.388555385001325,0.47551509,0.379956481220886,0.714168915762942,1.5773568579387,0.542389585250853,1.15859376436944,0.810073031297524,0.947136241435144,0.556483535269547,0.387657070681911,0.404766698890694,0.675741046772812,0.345924261124998,0.580251261276366,0.633713769981232,0.450745921379247,0.250994282754047,0.5478667195368,0.492787502704741,0.470525614380903,0.332920122126641,1.05413525423203,0.606287909749315,0.497801641751298,0.482696708961581,0.587023192617207,0.496380201919811,0.608655326817517,0.610655414082611,0.50515793880387,0.503478337671938,0.532551806406785,0.615942814735559,0.709250689672269,0.468240110601133,0.362345628615251,0.441101266394264,0.496855734695793,N/A,0.419896288201793,0.633667931128867,0.53050450508986,0.450153727352297,0.747968056462712,0.492300335800798,0.541262868162785,0.500374098805608,0.458704597444934,0.475134005955889,0.466489214400868,0.660155050476806,0.414429198927619,0.568156262363204,0.623450315631796,0.556462876415091,0.614093073868665,0.649090478885842
6.0,N/A,N/A,N/A,N/A,N/A,0.765229917941107,0.54365750164288,0.559557973274145,0.439554549574396,0.263586918794929,0.379470589958462,0.47759402,0.381218475755969,0.440760061200017,1.11754940918823,0.537112206426488,0.834424118148865,0.939806114844868,0.813724484704824,0.702634818064468,0.336136552662868,0.401855805161699,0.619203038663349,0.347069014972458,0.525090676841487,0.683795115083513,0.461209566707459,0.253323137769058,0.563929523290873,0.49781099961334,0.454094047995296,0.376930288348399,1.09970868748241,0.685246143920355,0.507844319428048,0.463557678012053,0.569901509012104,0.491930990287518,0.586816194766777,0.634615113365725,0.508159992081001,0.562975435078351,0.537468064204465,0.640336034496296,0.649257727014759,0.486660292645102,0.379317454130881,0.45458642991191,0.569223607911487,N/A,0.431956912661667,0.602809538014806,0.769563472899887,0.513821700975026,0.659941546157357,0.628399113112718,0.50591760884249,0.500177082640931,0.493990741459973,0.545359241692919,0.480970209791948,0.470709073650533,0.442011431586891,0.634857179796965,0.703308631700923,0.571718703682531,0.494306190720928,0.543560524277057
7.0,N/A,N/A,N/A,N/A,N/A,0.742789967368748,0.533728445083492,0.578860079823768,0.415554514678737,0.287107191952944,0.376678711562653,0.46916643,0.382939801422112,0.395794007372845,0.845540206771388,0.584300989437886,0.785823483656973,1.17744738344536,0.753349006351171,0.701373620407906,0.316500700745917,0.429573401188417,0.690358376464914,0.346851906759107,0.592224832574958,0.671527569526554,0.580249958645267,0.258762764394893,0.605141861808413,0.45488433438454,0.441238600617919,0.360507070839997,0.912186043155416,0.698851230044222,0.506377455127922,0.437362860532954,0.636262109871217,0.450128503639483,0.605904313783997,0.633489100415781,0.590952245032742,0.515890529559812,0.507162890715815,0.630569855626881,0.598256297800654,0.451576208315417,0.385044393540907,0.432276283533597,0.569729367203636,N/A,0.378400755212219,0.606141005067291,0.599445070086188,0.438337537954756,0.610558921391,0.519015606379617,0.545130319513234,0.499686860237526,0.484657630716267,0.629395496609889,0.491124051303541,0.388475379335732,0.521584666549137,0.604863751963538,0.639995188903671,0.586704772544459,0.492533548182436,0.517554925751332
8.0,N/A,N/A,N/A,N/A,N/A,0.725280931841394,0.536066371439988,0.581701057458908,0.412973586967398,0.289886466855886,0.356395634131121,0.46739266,0.380953562152581,0.366270906667905,0.669546934281826,0.502058423896334,0.740265870648306,0.57893642496247,0.797721125844321,0.453463590980429,0.352917608148051,0.481495729172069,0.603110965240551,0.339889441782932,0.550987555061542,0.581614862097534,0.510465256465455,0.263096427534285,0.577655627242241,0.443172067611141,0.458452449590865,0.370648624987724,0.922270030229658,0.648567855276863,0.523507800514454,0.493347606370304,0.628943180970948,0.425941131620983,0.604625991656405,0.659788333793946,0.526033211642549,0.600963158105487,0.574547315339363,0.657928582593917,0.539829705323142,0.496221459138427,0.3647913310964,0.450691038584634,0.49497231829028,N/A,0.401215139354141,0.636713260179208,0.588897593020611,0.488971334002033,0.588298385861226,0.461519720903612,0.548228532081804,0.499323677385075,0.502328012352657,0.600935185276619,0.497997718192497,0.400099325078158,0.45449657074753,0.574964936918256,0.818276047172889,0.600996656636316,0.509078670760185,0.520118159729944
9.0,N/A,N/A,N/A,N/A,N/A,0.699258908144568,0.520594748818815,0.542850934286214,0.410371226977063,0.354954335646075,0.342834686135195,0.46952142,0.377200623362837,0.463114007969044,0.834806885965852,0.491920622855138,0.828433054979896,0.566233491675903,0.761434233183091,0.432660713562625,0.373548959282551,0.395612724103471,0.567365905960333,0.339510966087058,0.516809681314749,0.705173749216537,0.489303043893571,0.282050311712473,0.628405667812624,0.423448897752543,0.441573576394986,0.416134466325254,1.02313071452615,0.65643457911795,0.512065785851175,0.458404063419421,0.61055003119832,0.430358659351249,0.680417127004732,0.648247588105203,0.563379091304379,0.519186378256723,0.700731488616335,0.686855386223566,0.671201605927658,0.47881874868956,0.414073799985503,0.458903387830388,0.535941617380613,N/A,0.45301148715121,0.651955277147189,0.514340588251753,0.523983149182006,0.61583827086475,0.418760665003948,0.570708444005362,0.49935634188941,0.513469395835047,0.566817913980997,0.502529894631428,0.493509363914159,0.466551823664176,0.580282120995619,0.632030748709455,0.613836835654418,0.76928192278071,0.507576543867012
10.0,3.0,1.0,2.0,1.0,1.0,0.67493519841236,0.516711891561694,0.577221196872156,0.399725065698884,0.403598131014294,0.368147298525162,0.48353624,0.455930213936653,0.542502830504195,0.933670097054868,0.460594575405323,0.954577684732945,0.79477209614433,0.68543060177639,0.443550239720625,0.41631197993689,0.372761475379136,0.569136525561227,0.354645590494926,0.568706220294735,0.822692839206244,0.524063507598164,0.30499336907267,0.5792707850565,0.435559225671123,0.392709918613727,0.401848934809365,0.876382491652666,0.662531572577808,0.491304890138488,0.485446456873686,0.545316276665782,0.512453729446074,0.713263805253646,0.581962568863309,0.579725253675846,0.434720891492613,0.684892825071866,0.664194314479198,0.642973026215577,0.489476526036907,0.381633001921663,0.424284437287898,0.436472044863797,N/A,0.435927121081136,0.569325459401003,0.476213890949756,0.470220831892512,0.757645242765658,0.461944247078675,0.597703809726364,0.498471589098226,0.539674773831687,0.642534792652182,0.499728580054584,0.582774738528528,0.423316086573499,0.560974414938887,0.61097732861159,0.623527814689424,0.582206987688934,0.516817211519801
11.0,N/A,N/A,N/A,N/A,N/A,0.715801240711382,0.568647436320743,0.558822645035012,0.420373161964704,0.415205243674898,0.383058123706044,0.49820035,0.446114630262789,0.496222312299214,0.662900891793203,0.483474037164126,0.793059072171027,0.689675096114847,0.528764634270313,0.423419781736846,0.474160830767981,0.406837129645681,0.596579543998368,0.386956462350069,0.645342269064333,0.745045833640041,0.433414764134876,0.312193380535873,0.486849210357343,0.446491053689691,0.404219452883427,0.46187476814475,0.872420011699939,0.67897653108481,0.552028593961384,0.446716754562036,0.550899120594796,0.570702166650985,0.702136162853642,0.552417624926291,0.5118401825978,0.440521591834078,0.782418144313263,0.654604009455051,0.569224012486338,0.453248097823933,0.365524430276421,0.410915701121811,0.420343067349551,N/A,0.431800478930421,0.656227650398764,0.476382453535889,0.498558580365465,0.668399980047309,0.482257332625141,0.551642400978131,0.497635098945434,0.574202556179682,0.492293631135792,0.49251035922508,0.57336973893968,0.472636955147862,0.566371238509912,0.679651300019482,0.631553256996119,0.494126917047139,0.631744084385505
12.0,N/A,N/A,N/A,N/A,N/A,0.770161979302655,0.550399269359566,0.62224710083863,0.476588629067631,0.430677467416059,0.364740892661801,0.51526611,0.425330245267027,0.458079740657697,0.49091353356909,0.543706602616213,0.890801812534648,0.551005630628976,0.446298051591874,0.442445998288647,0.464558695440579,0.435854048454773,0.576033168706384,0.414899917407909,0.646564672718082,0.710255141357198,0.461614018680447,0.309939133371302,0.522888601235331,0.494423329056941,0.437644265244153,0.53309414606332,0.671635893863455,0.60597621825737,0.554931375971557,0.422049663022195,0.559442440058274,0.608388923928539,0.784493803368794,0.623831200992067,0.490349239989523,0.4847048428309,0.682614884052749,0.643790923050427,0.636418469493937,0.493785793428767,0.373096011601638,0.411282952887318,0.50246631144623,N/A,0.478788609563917,0.65935593703155,0.484084847152229,0.583328134320103,0.697330249612384,0.480548471346881,0.541655199353747,0.498066946299985,0.603523445399324,0.483406078189248,0.486808530465623,0.567470046091473,0.537718800097664,0.543967537696095,0.643418111347889,0.641082780231937,0.536040994268314,0.553755863425785
13.0,N/A,N/A,N/A,N/A,N/A,0.739737476172023,0.486853989548172,0.712156181619971,0.517728632442711,0.433728041173769,0.353540084365846,0.52409796,0.468861703315466,0.460828898512284,0.487907333797573,0.518640127972984,1.13562328161437,0.586830344632716,0.439581378571175,0.445527787490068,0.49137860154679,0.41619291551885,0.584386373270924,0.420770531267133,0.646959535890485,0.72722967154865,0.592568378602431,0.296896314519107,0.558715726781949,0.451857802216284,0.399825547145564,0.509638781752644,0.625861332014146,0.552848987183257,0.531652461444238,0.464340386971886,0.517568068226956,0.516934658611746,0.829647340668554,0.600541895899053,0.535478319843448,0.627814568486809,0.628731580454944,0.607507806332368,0.636274476319513,0.480241035423738,0.371681294547021,0.464717284757224,0.530029006066222,N/A,0.46391840732892,0.594675601073045,0.461016045729535,0.556587850503103,0.567685796626762,0.422789770714219,0.522356866359527,0.49691756716003,0.707326348018588,0.498315811638639,0.476497288469772,0.61230444932741,0.647581924870684,0.636220304911351,0.680883654094403,0.653394613016588,0.566420530726088,0.548974381212935
14.0,N/A,N/A,N/A,N/A,N/A,0.69601339655977,0.508018040983702,0.602652196983008,0.547948633343149,0.471995359218373,0.356394164326105,0.53059922,0.465420989939924,0.495938161186828,0.44754717707014,0.548137160889059,0.803672946319647,0.698791010094041,0.475206213135805,0.447796769023711,0.426476556224625,0.425222666866835,0.579638903280212,0.409747089452101,0.643376074014004,0.801210558870943,0.589635198072925,0.276697736781188,0.561932502971126,0.458267324571273,0.436616689284601,0.5262577338217,0.66402728964262,0.623187414537396,0.503002363587569,0.388426565061468,0.531113707086393,0.496043530472273,0.824680185225131,0.596411933975327,0.48663085377458,0.579563983675177,0.655693395426716,0.611507004011792,0.584134392565707,0.657600569691838,0.355448951598006,0.457027234882713,0.449467577341022,N/A,0.425661563252344,0.516233177736157,0.468767844226452,0.486974565245955,0.554528481125088,0.394140667825027,0.668730663942871,0.495618530757789,0.742871672613279,0.641786103018438,0.462299303633758,0.507549771092228,0.672792234446235,0.639814661594024,0.67956129948523,0.666387716552878,0.582214164766094,0.518161619583718
15.0,N/A,N/A,N/A,N/A,N/A,0.744574504908763,0.521095318773662,0.633203200224554,0.548527737878202,0.419053608098371,0.370162419515907,0.5281065,0.47090056890838,0.504210667454031,0.4262035066633,0.559757998832376,0.85515178079845,0.638037944755951,0.495593387867934,0.494841880471909,0.405566072437493,0.494960319396744,0.568912833050873,0.409375880966887,0.62573231012471,0.71128536503775,0.58516984544694,0.268430807347503,0.560759217347662,0.557781843632868,0.462371035096506,0.51853037600732,0.622911477182377,0.740126780793773,0.468204978590092,0.432776140367648,0.515675681696875,0.539722668597008,0.804196434401043,0.606591000028005,0.514474413209671,0.463979616169635,0.644298375072407,0.637948707064885,0.682628172140224,0.6154828265543,0.363744922271394,0.482635288853517,0.482837549929473,N/A,0.419512356731773,0.559419608210122,0.534136537884045,0.533434523315778,0.463816864706504,0.414291096189195,0.704074874771863,0.497323147290065,0.805888540362101,0.518792927602283,0.452535087102734,0.525250588555559,0.647850578357477,0.892054230754646,0.585968570661351,0.677840771525205,0.732266892141748,0.511067526019523
16.0,N/A,N/A,N/A,N/A,N/A,0.931484362809681,0.562947928338751,0.639634826085923,0.518037155184654,0.501116108576262,0.375735517849013,0.53218368,0.504755497512128,0.472918641115087,0.449757355867552,0.592033029550346,0.855226174723955,0.561944950469605,0.53509042651388,0.503304900691801,0.378676370530203,0.506479284798881,0.568931380521293,0.449244374228855,0.696225664629833,0.805665086396365,0.548219278344699,0.275512971365454,0.642269790197312,0.697034542386141,0.437962880127046,0.508767008190476,0.673565118754119,0.691994622631656,0.508464448410657,0.395958519892958,0.489957336549839,0.522132358451432,0.788553128518286,0.662919413071808,0.791066676978621,0.448535728043068,0.64962405356876,0.73210940749231,0.707808002097775,0.676019694397156,0.346927616366717,0.508376995099658,0.506108757353648,N/A,0.471387114507466,0.543223901509583,0.525312751259852,0.546090936696525,0.527657515562618,0.472008243869948,0.534378831425469,0.50061269132778,0.89827218721909,0.536800670044303,0.44637675093481,0.552452746477199,0.851593482571114,0.925348447085572,0.600237498293915,0.68811494474935,0.551671776476909,0.561744455970065
17.0,N/A,N/A,N/A,N/A,N/A,1.04080042859928,0.638375571073203,0.667159619858642,0.492758194041563,0.434986680486358,0.404542175615068,0.5388108,0.533310524387418,0.469476315846036,0.592949017960085,0.514238187174375,0.835120367319866,0.628092249677298,0.542297323805577,0.506559538921349,0.350102978979098,0.611084461698305,0.61159999035968,0.480652196066639,0.739600140151601,0.846788680853034,0.542755828978497,0.282900034561627,0.644411521246645,0.535048161034674,0.423772525515753,0.665304959486349,0.637677695575449,0.650372270044239,0.513861000477903,0.378989398966077,0.489839366149331,0.528815177014686,0.746140338420714,0.609501940734359,0.761374746901804,0.566908621203383,0.674354182404722,0.790849555798127,0.639880885805247,0.722205925772397,0.377679275014796,0.462075754407724,0.515009021044885,N/A,0.442930423868282,0.598451880278977,0.546238550618809,0.543323334049577,0.530880878038216,0.506969102594295,0.513446562723989,0.504751275512516,0.977892882427682,0.579313161693886,0.439712078024107,0.53003257409546,0.778069524435889,0.619083007461632,0.664827116269844,0.699480241290252,0.587777363674213,0.618017110936782
18.0,N/A,N/A,N/A,N/A,N/A,0.974009551449119,0.631403482217997,0.64220366040744,0.478613400068601,0.381738408910375,0.480083823904341,0.56086271,0.557909311721428,0.464401873871185,0.676874450719879,0.569982359848458,0.694522203255848,0.625840979853912,0.511840365846749,0.518743665322598,0.431713371772113,0.652771211919935,0.65503034236639,0.513950160668494,0.741829214729159,0.917863579092046,0.540854420611063,0.291409310407041,0.637056616943715,0.484672531148768,0.414214538867974,0.54278814249496,0.656372328008705,0.631910465812577,0.536101889101887,0.439888947022107,0.476831864945019,0.568202523260579,0.671502067215945,0.457964652130439,0.797783572084,0.484891475278096,0.715152491333192,0.715224027521127,0.656873137105322,0.805552627058962,0.387522034460128,0.458049140637471,0.528735175546391,N/A,0.41987097497099,0.536958303948705,0.466061280593055,0.654778178845802,0.481569169834665,0.533920548465834,0.531362951021678,0.510906706502814,0.989052665970566,0.571580048066138,0.435401104144341,0.676639540362328,0.692596101024715,0.629255070500036,0.650325434237049,0.70846980942511,0.63859766787439,0.607008180091582
19.0,N/A,N/A,N/A,N/A,N/A,0.954467340135117,0.577204115212951,0.688297916200661,0.48293087857899,0.345876787583678,0.557095928981143,0.59112465,0.483990451790996,0.456339951922611,0.718333453491696,0.556538983520134,1.12778447296031,0.718266358394211,0.548386863834011,0.521418681575062,0.478553798872168,0.534405611118795,0.625576253316648,0.550138702643331,0.721923159482423,0.908146652819173,0.586754629077287,0.303658377597866,0.599427142663546,0.512947280293461,0.512701740880885,0.565145829887177,0.652340099833404,0.639761381915282,0.535092221762697,0.479998738850641,0.446679369687489,0.477052817176219,0.553702750663066,0.450641635462893,0.76226427299169,0.542062681316478,0.747721087839602,0.687711820144934,0.672584941232699,0.912809776490644,0.375893532044245,0.46793469502648,0.606139295244461,N/A,0.550045470587996,0.48687978247672,0.522622498369157,0.637462649795325,0.489773274233534,0.508727359348493,0.551119764861695,0.519018444146666,0.948264714333575,0.654862611241675,0.433844481630909,0.686420733491651,0.606473739406337,0.574761570242284,0.755467818969281,0.715111977219113,0.625715721520823,0.602260772692841
20.0,3.0,2.0,2.0,N/A,N/A,1.01799732451425,0.598744124574607,0.668666718890506,0.510424330901479,0.349706153331316,0.558350657294854,0.63527112,0.571624235852254,0.476185614794881,0.813114826371812,0.495310609663853,1.17145825313288,0.872554154913591,0.60517226812293,0.545222488736155,0.454545795895933,0.537717582699838,0.678315655619313,0.620134745746841,0.889061387009354,0.928659321803275,0.651074077453783,0.322299649114136,0.616032432741168,0.545340847227922,0.581747448167776,0.630611097106656,0.536590845925235,0.76661778899173,0.610821914983205,0.502188568968068,0.519013838200807,0.456580952714381,0.452923415708349,0.466298739375621,0.778554886206158,0.492943500714283,0.779723551814167,0.683282382259645,0.650088385395141,0.955141136403609,0.428442608530474,0.46496873728316,0.599429683878833,N/A,0.461104390990856,0.494018387245376,0.669639952340583,0.585618425226686,0.734218678646082,0.52889571794859,0.652032422511955,0.528665956490706,0.954295601552653,0.656712167753969,0.432999587529254,0.50677708610059,0.596407665585073,0.662769275072766,0.712534928709727,0.722396071060165,0.662264143642356,0.605196709240482
21.0,N/A,N/A,N/A,N/A,N/A,1.06186655527285,0.626517513279404,0.728201863264613,0.545683828287085,0.362856100763368,0.475076317747304,0.6742422,0.465706425181946,0.480723734301247,0.904205520247807,0.521335991462198,1.10708418447297,0.762635519504565,0.673982185779973,0.526222394529741,0.431712490238662,0.626612804916169,0.724580057693245,0.693225166152406,0.846226088763899,0.790013042778921,0.597822777155916,0.340859078915436,0.608432862811891,0.569487232441976,0.595678625734276,0.545436201253183,0.732022677212802,0.679783466430439,0.589753707407878,0.496654764920134,0.56290192128426,0.439756846780523,0.490421512843294,0.410812683100649,0.831222798075727,0.568496882302145,0.893292129876738,0.647496586172673,0.633240259981422,0.888595472782991,0.442327151530048,0.464428761892294,0.564239914078361,N/A,0.57626868113889,0.470320679428229,0.603504616849174,0.590844024623964,0.62986692127287,0.503041857374539,0.584999045633287,0.539936921466836,0.916560494958721,0.59219504647711,0.433705054868268,0.54741213020835,0.470246688337559,0.551293570697677,0.611597361076226,0.722886396639297,0.605692085504053,0.637641440139173
22.0,N/A,N/A,N/A,N/A,N/A,1.07170514469697,0.663765701313827,0.808198717209832,0.566823966421537,0.402043604347102,0.392108022470394,0.71132384,0.399988586725493,0.424956830947201,0.819708290764892,0.562356897025914,0.778102842860584,0.595962354025405,0.817720679721314,0.506907799830363,0.448132672103839,0.643561403216371,0.685272299425117,0.706820842172086,0.90285133606511,0.739949806824023,0.716867113775555,0.354541685315398,0.707284825057144,0.596354836132905,0.579920558468266,0.514753730181239,0.675445801294865,0.861271764212783,0.603569472278075,0.471009274645892,0.534375962043956,0.474478712261934,0.424722925344878,0.480468808272848,0.66765499800297,0.63917318148594,1.02415723281513,0.590952776969185,0.688792115848513,0.882975454255323,0.446840043184692,0.461364945642708,0.498397085818279,N/A,0.511297699409044,0.500008139853414,0.690392575268288,0.502457380408372,0.438929896555216,0.534149712979994,0.553967667460077,0.553178477995212,0.793080644369084,0.677511805289492,0.438116390257266,0.447021179672793,0.460635761449084,0.561302609258741,0.646062212574031,0.710373693652553,0.612354978933231,0.619605680950634
23.0,N/A,N/A,N/A,N/A,N/A,1.04073570964458,0.70774793399047,0.662448013991782,0.571316928839223,0.416368954923435,0.315482601636425,0.73623682,0.395771025473679,0.397251539739085,0.575528003599342,0.513404542641533,0.736138433226883,0.743542181378757,0.639144915509156,0.502842729263305,0.429234831619728,0.585322141765614,0.64467244542811,0.667910514067924,0.933133920898977,0.74265068534176,0.650138963040769,0.368871423026701,0.531629040292483,0.537647254757731,0.481081116047116,0.505026881966599,0.654269489534553,0.71751819612253,0.700221185404324,0.504764890835918,0.634253422502858,0.516610269365436,0.390495586013013,0.447235438283127,0.586900239712499,0.576210424514454,1.06257459477667,0.56376773274837,0.762375135445678,0.922518570027973,0.455766287159554,0.476656323516782,0.389114853829386,N/A,0.519522424105728,0.525631400186041,0.728477821920483,0.532205233505425,0.43443356691551,0.542423185033623,0.502931576302291,0.568152835878225,0.680977647560961,0.433818453756211,0.44703952312893,0.401027277273765,0.446970306974751,0.702826498746509,0.623460847913448,0.688059163923246,0.607350514626616,0.720646219371513
24.0,N/A,N/A,N/A,N/A,N/A,1.0210298919353,0.699903059098136,0.675680596564545,0.579158478889506,0.428181066045652,0.284796328912569,0.76245026,0.414995434333549,0.422709882132268,0.470328986537475,0.545682160075922,0.804093951687051,0.6226669181658,0.639962296635923,0.517626322606828,0.468385010874768,0.483765962302232,0.635224355051845,0.593063548430387,1.12549501884919,0.778106778469901,0.411306102087748,0.381931262792325,0.478979346910287,0.512219226088082,0.49270562480631,0.458268591943484,0.583225391411228,0.637003126283386,0.645385999911555,0.535816284673592,0.584817900469389,0.545517072380354,0.428391872968493,0.384847273130532,0.529560664550046,0.499519067537698,0.930555897157584,0.606234112800303,0.812591025151728,0.91154773662451,0.410396457101584,0.495089501297513,0.429619191552704,N/A,0.619995653895713,0.481939576609205,0.660775125124843,0.481272482737887,0.593742733954986,0.408592517353466,0.537870702474434,0.584263651251616,0.73922279746707,0.466223167261934,0.455244562339374,0.382859849094471,0.404143386040529,0.667021311121438,0.58545410268918,0.661065510190294,0.745351528801238,0.740866121035819
25.0,N/A,N/A,N/A,N/A,N/A,1.05111618541596,0.673989333950353,0.678007168931143,0.588419589756883,0.407697258645101,0.326963816780543,0.78767021,0.363811631119553,0.393431197126179,0.696909838969564,0.707357395218736,0.879560232273541,0.545150269901162,0.788749981803194,0.529423074345742,0.452459540434578,0.532616277584262,0.5318719862306,0.536142572397172,1.17991939530302,0.817363006179836,0.334808713606091,0.388865598799593,0.504677955962917,0.483364002217327,0.449069851792989,0.461765166097612,0.506955586388136,0.622480349919384,0.641158389190759,0.586225697900478,0.602302549896834,0.559841013834967,0.433185625755086,0.359364624032406,0.423557476043423,0.412605461869563,0.842799823214198,0.593920674401952,0.697043142403079,0.963345318286379,0.402222013310878,0.543260231362861,0.363967437901421,N/A,0.814778005331956,0.577729620636063,0.726428783285073,0.450393780508158,0.48697491698515,0.350519598580254,0.523881959555223,0.603434886237064,0.742546639878776,0.81010378725804,0.463448494988016,0.382908824663187,0.32492299738613,0.629999336394499,0.597396610406762,0.630741620809381,0.602904627285872,0.560778705930964
26.0,N/A,N/A,N/A,N/A,N/A,1.08619946667612,0.735139377570737,0.668170129366866,0.59993513441495,0.503226000609767,0.385018868246059,0.82204945,0.347100139296806,0.356237385758097,0.624687868867729,0.652203958627106,0.789140289447083,0.570863668275208,0.667616348379846,0.546696191634664,0.478476163412543,0.455808620768386,0.438559669337655,0.475785104185913,0.862033008844521,0.835928649769671,0.270905223314833,0.388174271331289,0.499937432073154,0.430504625053568,0.407724734305148,0.519921807041295,0.4929932608427,0.633513645839734,0.695697539361538,0.551265420459136,0.62260632191016,0.586466672133597,0.405779403171373,0.364120746273999,0.341379721282988,0.435527857630048,0.888856615667996,0.527362301615852,0.748471398785846,0.957427835942566,0.425452969926297,0.642295724101247,0.325864845320009,N/A,0.72482245297648,0.566205344263015,0.667635373553684,0.408294230033129,0.462378490492911,0.398835865331852,0.642952938244371,0.625024315202568,0.682332160448045,0.449067368908413,0.477031961566274,0.364943136444959,0.328162997175586,0.679223240777934,0.534376577242378,0.590819865180917,0.561132724915056,0.633906588199827
27.0,N/A,N/A,N/A,N/A,N/A,1.08873978312444,0.73935919282672,0.660779490907131,0.616537073415368,0.438998470469293,0.420640043158673,0.84423412,0.356816188500106,0.373401042815811,0.341721072904731,0.564933115351038,0.78882691527739,0.780597053707152,0.770306797037677,0.543966229565006,0.486185447623971,0.392931623384152,0.378785631693238,0.428684260935984,0.598676452273382,0.79953448883149,0.332698103535054,0.374434267963256,0.4693164417603,0.482327903407382,0.384333980324929,0.579952288653475,0.451556102837172,0.659468892829169,0.683747474457316,0.561898850348316,0.585376389421498,0.611131459950169,0.422601561928521,0.395377428376836,0.399195557119154,0.440429246031121,0.653088667375089,0.486702164980825,0.898847176913424,0.995562156427121,0.489779914960311,0.616149658106739,0.415501450251463,N/A,0.503879094101958,0.520165801727795,0.64401487037687,0.358311419937197,0.527270579961089,0.334585456476246,0.632211911169028,0.64574321131371,0.608876638070681,0.395923036725383,0.488244520570453,0.421039544036879,0.504819607387238,0.864366738224587,0.662402152682581,0.549364581594631,0.659413917306089,0.728271502794305
28.0,N/A,N/A,N/A,N/A,N/A,1.03569574581609,0.769240304942343,0.659442867954381,0.631268556259141,0.500330385893684,0.43878114633041,0.86329318,0.281214251512402,0.357989862630872,0.308889677230344,0.58977496121427,0.766201620018036,0.640445386850501,0.83838260050589,0.546884932401735,0.476635167496214,0.37587956851433,0.368037045979247,0.405862090364364,0.595929170703469,0.800156895452635,0.399640265131858,0.361709295597146,0.423232458882449,0.440290346970729,0.341757115886411,0.704909938474327,0.439049182416661,0.677853088810128,0.760705468515751,0.601987229860635,0.644089139425092,0.603479758326176,0.406074396671233,0.389607426351798,0.390863841390694,0.44675808966751,0.442534907935688,0.435654436786748,0.767478168581059,0.957444908511802,0.43517612200522,0.637986377581723,0.376042106528074,N/A,0.477011816869667,0.493910950010705,0.513547048852114,0.41177675996756,0.693357818226506,0.365517959166809,0.583314455842635,0.667430807704039,0.615212622794519,0.413460037367734,0.491698266911226,0.397304126912256,0.359249929068556,0.644827924293649,0.625043600867871,0.51419265149876,0.66441373705283,0.777215500906615
29.0,N/A,N/A,N/A,N/A,N/A,1.00865032006965,0.774418609370849,0.707335309739715,0.664509187422176,0.64812272999455,0.443667029905773,0.84199161,0.276758043425149,0.300687478836084,0.353354516171883,0.670567872780822,0.730680119382503,0.524023086948786,0.873982655935361,0.589133878190163,0.531416376083486,0.380066437430109,0.359710861299626,0.395805090997097,0.60950048197227,0.677665874415655,0.407989791651383,0.319840680258433,0.426057073015196,0.473207191542076,0.301879183135156,0.695231419055893,0.558625844836426,0.757096985033187,0.7794949294023,0.640411349254358,0.652608422256573,0.677704203568521,0.433302201042968,0.431351660419792,0.466541984154733,0.538046886472869,0.384400113082881,0.446875934187484,0.939114227622881,1.04528535189783,0.435058187751241,0.674691010400799,0.347405088913068,N/A,0.376997382455017,0.429080902069193,0.448019067901804,0.386915230170917,0.545297993334521,0.477074007490123,0.616689415875556,0.691544700625645,0.630019285271606,0.367782184917885,0.492179889259781,0.352845444082122,0.278465706161581,0.516490074326438,0.517344515103198,0.477315258361483,0.642421083687211,0.741650805786926
30.0,3.0,1.66,2.0,1.0,1.0,1.03541822781135,0.708924490886871,0.731315568380152,0.703771711551195,0.607254453691839,0.430103959550235,0.79617437,0.266318427381062,0.303912501487002,0.40207459752948,0.767865509280252,0.803120225128549,1.0430829958573,0.961750167354768,0.731905940554901,0.577362566577292,0.385900417013252,0.400970803220596,0.398598312573247,0.506283990858162,0.684066405577415,0.420038502861675,0.25001144012811,0.418952401905399,0.481517764928677,0.351706135734852,0.44605644424452,0.5170903224363,0.680063020425569,0.687003428735716,0.619699699689952,0.688917104641156,0.696195626931539,0.385406847499002,0.468202737301745,0.468765270500298,0.465295319760255,0.410254576927782,0.540457642787115,0.970485247212965,1.05224089764712,0.524032702589318,0.696573003857682,0.321630590275202,N/A,0.356850384844186,0.533400945826091,0.357743235166318,0.408824996385089,0.493054525038415,0.444383480835812,0.644496281552722,0.714309274872308,0.647206525200757,0.371797242442352,0.491956338802069,0.34976889097626,0.332720424677871,0.378094962725024,0.48260082067582,0.442185949923501,0.606163513462777,0.774987066526873
31.0,N/A,N/A,N/A,N/A,N/A,1.16356657892755,0.721507964955238,0.710401249921915,0.787600687427131,0.65878916256563,0.469225488602523,0.71379765,0.290056393717422,0.344941217215899,0.358627123396462,0.740832438155501,0.766779052354088,0.567124454236352,1.03234514051552,0.73045901801672,0.591678064813134,0.391192686430156,0.433445980146057,0.392642246648864,0.492887217264964,0.678338823013518,0.424684696541294,0.206100288818119,0.334764111223762,0.3717369071223,0.525331962674158,0.431500742058495,0.478806377525132,0.836296796454115,0.748567649744038,0.679312210103443,0.729118172244865,0.69501690311948,0.389418612774653,0.457913992013476,0.511077990287893,0.332414145779956,0.345689149514063,0.534367550303104,0.93200880612509,1.05323400693999,0.460682463539802,0.723614966633208,0.455767007905843,N/A,0.380345438127182,0.480588388147996,0.308107378974523,0.360565838684351,0.442366034571094,0.466002075420618,0.721871055911623,0.736027838980136,0.689559971922291,0.415260058120604,0.49126233144344,0.461789750485558,0.321374954428311,0.38223287258332,0.486714018701859,0.416653729014032,0.632173272167321,0.769945215207247
32.0,N/A,N/A,N/A,N/A,N/A,1.16536312637505,0.734552656683399,0.611647934971796,0.898425738941409,0.727284446289122,0.531279073696529,0.63491501,0.378776085375365,0.371554208564779,0.29721255037687,0.658156857157256,0.860904950074347,0.6392870976087,1.13763702367006,0.724452626998639,0.616700614610475,0.384249396978254,0.372426014193637,0.388429163778765,0.438819477970581,0.755830572898383,0.465042120653975,0.164174662698749,0.40349727959076,0.427259509123072,0.415990961054316,0.457695924440664,0.416366410894431,0.758642422440665,0.72564516344696,0.725291403198827,0.640047109919299,0.742001061819817,0.380642655818588,0.460472611227743,0.442187488810237,0.405773297037626,0.386365756473082,0.477891896670773,0.819835206677771,0.937898052471492,0.449999850197947,0.741048482214878,0.446404861660137,N/A,0.516602884933948,0.379519490632153,0.308588880469434,0.373631876479896,0.505652609764682,0.456218221861349,0.619777219668332,0.759271845258443,0.699077834781308,0.387199296905725,0.485611715468248,0.414089125191316,0.301425069215153,0.368823499604448,0.418695126682792,0.402085305364522,0.644233088725794,0.891459254976338
33.0,N/A,N/A,N/A,N/A,N/A,1.0218988964639,0.734364790088225,0.602516832939037,0.922534762501655,1.07388115254705,0.589871079121567,0.55002424,0.305554440245666,0.314773028792609,0.240082160446609,0.592053325133605,0.81022911916319,0.631062214148782,1.09764357192206,0.759804228930507,0.637230835091729,0.382241010921313,0.375067567515521,0.393856034903936,0.395584144384734,0.843505194326884,0.487192040273531,0.122294656024719,0.376185049915826,0.470038139074325,0.357533490218861,0.334378406484204,0.401903982390489,0.766444505203443,0.752243800088629,0.768401582102038,0.596713501167866,0.770061410525993,0.39757052566783,0.419832126271581,0.492252816184335,0.588481151287441,0.910024866123331,0.481953471284804,0.72042331469874,1.05440177676194,0.446719893145004,0.70957126217363,0.308681620001476,N/A,0.437004520155543,0.416252893812693,0.312670969962627,0.307493375373163,0.413855467450824,0.391435589276691,0.580229438567548,0.781211125304853,0.691648925488033,0.36189960970686,0.47937449610402,0.308998680216019,0.31272998738019,0.423742711334221,0.349396687282888,0.392425626589084,0.590041224362555,0.926492763022511
34.0,N/A,N/A,N/A,N/A,N/A,1.0317945148116,0.831246552921057,0.606556642043131,0.878945835044271,1.0450754801136,0.682886734355732,0.49865519,0.346008834788819,0.346442219458594,0.287877871777555,0.644072591735675,1.00010689504518,0.728659243362538,1.19781797611598,0.711752413840071,0.730230418786397,0.447191105509068,0.297342333891043,0.360758433388341,0.439299605487483,0.753305824185179,0.478466496126734,0.096227446792588,0.353173961117134,0.493388312763085,0.376339313092345,0.366575026515209,0.382727517347824,0.831053966873029,0.884120872758157,0.77694993156345,0.622727045416485,0.745347626371058,0.36789110026769,0.419885791560928,0.535778817671253,0.561447667226521,0.416553835286152,0.421723999142584,0.548570184260061,1.11237493956422,0.502355077391413,0.709610257459448,0.32301862413469,N/A,0.390389972979172,0.443488948121275,0.358131127520355,0.315330810708909,0.398065420171984,0.364272497246123,0.679157809916354,0.80003833798414,0.717203657083567,0.447487447490499,0.475268251628432,0.28083284277788,0.27328117126504,0.403837734837499,0.436042548393689,0.381662278638365,0.509877679288042,0.849469453523921
35.0,N/A,N/A,N/A,N/A,N/A,1.17472945691968,1.16960800682445,0.645151646006633,0.863455925489577,1.56199795571311,0.749553915052814,0.46776,0.365747914615848,0.353436272360276,0.299514300422318,0.580488112748473,1.50634027754707,1.00451855030146,1.57140724817409,0.891635031125155,0.880102897467601,0.495637569598402,0.408500468312427,0.327684436937314,0.417599273436209,0.755814925628236,0.538286877991902,0.0754003863047598,0.403541229844713,0.492650559142954,0.347702971690113,0.337988797996138,0.442947411536718,0.82961239950762,0.878017599404032,0.737613530417866,0.643143811957397,0.7570161149896,0.422572116231316,0.494030175465638,0.52202522876179,0.590420767155213,0.424197800807805,0.370525750834618,0.574983421358552,1.15144895030469,0.52474725593358,0.771229810812186,0.558453989227529,N/A,0.526250149818419,0.50020748799409,0.571235682927059,0.329170674543977,0.346632688530098,0.348000514244531,0.826251911469204,0.817499727781604,0.77939667266018,0.503904265187883,0.456557552069295,0.317605428159717,0.296246568883549,0.357459557567292,0.571144917371488,0.37176523457722,0.582991891675843,0.872798006483127
36.0,N/A,N/A,N/A,N/A,N/A,1.2341992193402,1.29312960512492,0.699819214539874,0.851950679163806,1.60552462758316,0.741282905482576,0.46792873,0.391425615846068,0.328312457539213,0.237571329860266,0.491099271799504,1.39338149378791,0.967474299222098,1.16857823916041,1.19906580625149,0.918474589775377,0.503146780737675,0.46597196822784,0.324764565907237,0.435548628819501,0.808963930211894,0.540310821953235,0.0666301087621542,0.394638499416482,0.490767628856596,0.307321612505668,0.331201633833196,0.425896236732544,0.821465638047239,0.808015629935158,0.68237604603405,0.682373567653816,0.777538213790299,0.452999454914992,0.658262776373455,0.537784387399026,0.596769819463178,0.430624623897993,0.389428684298101,0.437202206977982,1.11506956426011,0.476103067926747,0.875308005964418,0.389818883494218,N/A,0.433733756958804,0.38701626601079,0.500219637553316,0.337434351618155,0.286259492717771,0.338642279700722,0.841221059281506,0.834860895558212,0.707958646096696,0.437956779853729,0.438336714232117,0.312273766670403,0.318423951591224,0.358972870656123,0.562107159022692,0.363291215792159,0.75392167275979,0.829023049706354
37.0,N/A,N/A,N/A,N/A,N/A,1.22900544175332,1.33780603717229,0.661519892288776,0.884437748013774,1.72647094890942,0.707257242757309,0.47320913,0.353647748051159,0.307498339591186,0.249637282960102,0.444161304196082,0.875916554682219,1.26967245880031,1.28268378086819,1.23016303369481,1.0493820254905,0.482701038171044,0.534051041436198,0.335609255143778,0.283865142623735,0.957874451224798,0.580350649851801,0.0882923383094383,0.387043936799622,0.458861588290568,0.372298844530602,0.64893153266083,0.437011242047675,0.851412049373908,1.00286649490573,0.715016985637205,0.753450000899056,0.922310544097376,0.468647231215106,0.596114929135495,0.657871678432106,0.629286788924043,0.451962842429476,0.438166255169555,0.435387102943381,1.19826245050599,0.5216516476903,0.93480068000005,0.386602593188167,N/A,0.426849738765416,0.377851112882305,0.450143030145762,0.347735541711632,0.33722488810624,0.343989460597791,0.798505273588186,0.852073454124583,0.761840671907226,0.457083094692718,0.44229091248849,0.328109023759242,0.302536525273635,0.385968936998696,0.402495752065672,0.353930807011547,0.550663858283185,0.770971176071932
38.0,N/A,N/A,N/A,N/A,N/A,1.26537444685948,1.36379006664804,0.652289406206312,1.03240046135065,1.74321297637618,0.775350782281247,0.48593494,0.32107035124048,0.484537608378323,0.256785706946307,0.497149222909295,0.855810942358939,1.13261112018962,1.47754079289692,1.14655905744387,1.20067085229633,0.567978760624611,0.491928386184765,0.351116836269862,0.286299084897221,1.1705219775291,0.662361839805003,0.124481685424131,0.382007697865691,0.484790257068609,0.446977776431006,0.58626770722503,0.395763061147587,0.863480784204834,1.09119444248895,0.876508245826077,0.702010159562888,1.14333635020417,0.583206467961847,0.653227988989509,0.841852146818744,0.623347749260573,0.429173887349657,0.478373209794758,0.407075694331749,1.09562700795943,0.596834033129362,0.889509341926946,0.407717786900435,N/A,0.498192715633531,0.418533164996117,0.485934845322688,0.312633814030817,0.359776297877763,0.486724238310343,0.722568502629947,0.868420012559482,0.78930505864515,0.428425574373896,0.459798966545987,0.3460009830318,0.299425934685819,0.400535430924469,0.471881606976183,0.336433984166077,0.52855286446126,0.893215057244214
39.0,N/A,N/A,N/A,N/A,N/A,1.27607315611286,1.20446156507104,0.627146881827471,1.24512845966133,1.83024375973067,0.906968407331465,0.50301301,0.288185282611999,0.479106140523994,0.231416506951091,0.440146843508739,0.825112049786273,1.07981178222216,1.80259923874832,1.10918661855459,1.24967681234747,0.837991990001169,0.471495210618426,0.331515675548012,0.367114546159952,1.13551056195061,0.662918639570412,0.152079279923751,0.398177390798408,0.558214188785632,0.514192566788007,0.358035580174782,0.375613831170879,0.756301670781701,1.02783601434341,0.856203606145822,0.695400198062955,0.981710837366836,0.642355628707783,0.742744081302608,0.607109081240695,0.653107429099469,0.38812256182791,0.488209798981932,0.385099009003148,1.13286631963028,0.698053493837815,0.931719558694459,0.401263810129917,N/A,0.514684418912135,0.45534304935334,0.427514867790178,0.252048080822309,0.370131683438283,0.55780129897242,0.785352103871043,0.88481178707131,0.839953561713338,0.51266368186806,0.483130168637813,0.338057639409841,0.800185257375193,0.440278211369984,0.633072407054645,0.319043819890337,0.550023793969069,0.888743309376848
40.0,3.0,2.0,2.0,N/A,1.0,1.2835316140927,1.21165808714297,0.646546539739782,1.39079034570636,1.78157707706232,0.875619946539221,0.50703771,0.505310611407631,0.366293595445797,0.301252760941751,0.384912229279464,0.742965395287842,1.03735477318071,1.8257071829942,1.19242398789595,1.46034307215115,1.31781909026184,0.48221301195352,0.332107563075938,0.389341736626543,1.18874202824956,0.570540438418742,0.175037336108385,0.5204183074017,0.563285758748426,0.53645816073629,0.322933128373414,0.374374870652953,0.726687114991522,0.948300140363959,0.927238610160493,0.742088088648656,1.12167456722058,0.668436162230353,0.699968382171191,0.626152128288154,0.654733397455731,0.423795862133038,0.484509937167396,0.363676416845796,1.0442646400312,0.673509010027254,0.923644077438189,0.43084874374772,N/A,0.492147352360094,0.435728399128654,0.476146178292822,0.252848481448104,0.333271908515593,0.393940380128579,0.728745914572268,0.901562424318196,0.826726263019934,0.521317604813629,0.512998725246189,0.348794706006887,0.485415937179819,0.399140699089981,0.668686860760674,0.316280156149516,0.567947706665554,0.821766977548003
41.0,N/A,N/A,N/A,N/A,N/A,1.35326108483536,1.24987774164935,0.699423418980319,1.36137081345085,1.97474668222661,0.782130579898042,0.50188576,0.348487961487064,0.384387942167159,0.462699004778293,0.432237591602629,0.897672464564249,1.77217889352034,1.69862485976266,1.2000970684139,1.49772003655189,1.0642474847326,0.496520355934995,0.34332859801395,0.290715304686337,1.17217208492412,0.560589084478471,0.195936823674932,0.459534242649713,0.554645189070344,0.504724713384085,0.317945522704979,0.432575741986265,0.65786794618789,1.02640054635524,1.0085375727106,0.697522734673521,1.47098435812054,0.737374009904073,0.623664041816309,0.606992665051168,0.614985491445233,0.459221764570921,0.493228863729975,0.351412110982353,1.33285793407653,0.67012498606227,1.0173419830151,0.517610373462829,N/A,0.485260599324784,0.475495339666076,0.499472266941401,0.300769537691802,0.386234631416128,0.413163081557317,0.641456692514582,0.917964573636834,0.923078827792084,0.481899957049473,0.548782308482128,0.3034727004605,0.386494862164797,0.446275931757157,0.650654730671245,0.326512319753116,0.613503966440688,0.644959255138649
42.0,N/A,N/A,N/A,N/A,N/A,1.44705678915945,1.17817394895501,0.684616798140826,1.31311985716917,1.97736011496201,0.771907888864086,0.47768823,0.445771030382616,0.545319266951082,0.421627229635914,0.551486257842224,0.904928132310002,1.30226773367652,1.90281447746964,1.10651930208814,1.44300565477242,1.12802603555577,0.44738179015598,0.335522559742366,0.30436840676413,1.22808972846861,0.600230999982489,0.220110911827513,0.436594588372286,0.556438527857226,0.559468382674328,0.387426807217503,0.398863329489085,0.698304569693953,1.03347230476391,1.12374758755102,0.862726106119618,1.4173653825265,0.866276142432075,0.592694566716803,0.824541761464787,0.666360219905731,0.465594832571573,0.561463336928044,0.343401629790013,1.10404859585508,0.674221540977511,0.99965943118769,0.545032186046366,N/A,0.46051891287193,0.537768508878121,0.485447281662363,0.361426432549206,0.400418011742393,0.355538798436087,0.653146949118874,0.934171924377328,0.921926264260685,0.514994145105771,0.590061452418234,0.268846767226062,0.427429956458536,0.461413033577009,0.752947390694443,0.341990470916739,0.539182498782562,0.671493606517481
43.0,N/A,N/A,N/A,N/A,N/A,1.4762285640003,1.14728635643069,0.612319484255013,1.36592224551831,1.92782553424545,0.736707847610483,0.46508309,0.408695315955717,0.609163232707664,0.41674251580136,0.459239364984193,0.82826730883143,1.21745156385969,2.21412980196375,1.69690153205862,1.5588492090354,1.0578129205385,0.553336011872402,0.300696466200414,0.372360231033833,1.2727703100693,0.646620513383391,0.237876593363762,0.467700482207001,0.552799314715315,0.677586790655047,0.394194737292435,0.385906978482221,0.685787688673574,1.09638058106871,1.26547095952162,0.827664643388208,1.54347911466583,0.828260796134661,0.641033211086795,0.838831628507432,0.75852879485547,0.485191091453665,0.604321733687058,0.376954292976879,1.14834145171698,0.675266567343767,0.829370223470071,0.554061722034938,N/A,0.437682244922082,0.551847393558624,0.517442848615536,0.295391783383323,0.366474941777362,0.326203514967141,0.732503387775856,0.950291541332298,1.01577636286721,0.575895889856243,0.637278799552834,0.466484507253066,0.408289594775788,0.533489147309011,0.658905584136459,0.373642117138154,0.428613892052412,1.26837120576373
44.0,N/A,N/A,N/A,N/A,N/A,1.51320068758242,1.21819927016961,0.310270491652808,1.32025113704449,2.23515387448093,0.696324421807762,0.45903837,0.390763900663383,0.399984130791204,0.425920454127452,0.484201695440586,1.04751360781058,1.32886132021218,2.40743192387357,1.8980197008218,2.03680448211762,0.959244350131576,0.613455066180026,0.270677622480538,0.444182611361125,1.27429905285888,0.625047999255171,0.251701349442892,0.443419374216962,0.552917283375955,0.633638371769692,0.402931213801922,0.32176769505536,0.614544708246282,N/A,1.345052344146,0.838020956787828,1.46193691847318,0.777925808072912,0.619181891025608,0.83662201323563,0.722496003203883,0.489349200645354,0.575883822345544,0.38784832359799,0.916034671255269,0.643962596660351,0.917445998666577,0.513751405762685,N/A,0.468128479344975,0.455614382234384,0.521162589008395,0.280148596494043,0.350066228299771,0.317851272347469,0.733792317405389,0.966187619405372,1.0509571502002,0.592802149505866,0.690090806326963,0.388674838177057,0.411702636333837,0.612300233006228,0.587281241222076,0.424650808879336,0.37355049569368,1.20825414294804
45.0,N/A,N/A,N/A,N/A,N/A,1.48769304856126,1.25562280117609,2.16215040067651,1.02438828071958,1.96470926059131,0.700216159846414,0.47975442,0.426362450991257,0.402053618753133,0.345876200969989,0.545322178825461,0.925626007772357,1.46102455177302,3.00554990970299,2.21179438882703,2.0364006537578,1.00665710456196,0.519027652103558,0.360844967823846,0.381440807088827,1.26775206636217,0.605036805382292,0.288887349188752,0.424726644181444,0.569184049437526,0.49008537778474,0.466115683651883,0.593747649838326,0.505832509134157,N/A,1.31262857153676,0.895797387606046,1.70614217225732,0.816345381230978,0.776013885267139,0.887636764523114,0.70144738228642,0.66802011444802,0.55751893711117,0.367035594943333,0.964922303329534,0.832316757025944,1.02055727252328,0.585104270989362,N/A,0.483267777043384,0.452235317000558,0.713600904053161,0.336264809460632,0.482563278715955,0.390915820543673,0.824124171884643,0.981880561083636,0.984024930813817,0.67026463085289,0.748372961933319,0.320586642072015,0.317837965350928,0.648202430844275,0.55086812228271,0.490035917248768,0.309230319619276,1.25519780275084
46.0,N/A,N/A,N/A,N/A,N/A,1.39750436402887,1.36209450413616,5.7311317996557,0.913575285755756,2.04003767049907,0.739433749506607,0.52678588,0.340000202905518,0.408870947731988,0.318498347856806,0.463293321317989,0.930509884447514,1.62070089438702,3.31849685915807,2.96244003865019,1.98021123645492,1.16468016280865,0.642210290818184,0.651035810236248,0.342671188629955,1.37401964628235,N/A,0.332578853582392,0.407315199954594,0.869598174251728,0.472495198616176,0.574522135251035,0.572712014992335,0.370025119455579,N/A,1.27339047238073,1.02954220319976,3.22766248695529,N/A,0.844802969767233,0.855441341447687,0.783693482657378,0.756023369828867,0.595221252442911,0.366283948784249,1.07677826898082,0.795103874688475,1.13785001240425,0.70117652548722,N/A,0.398571447250569,0.461370895460255,0.880441448292184,0.32927960705389,0.60152753801063,0.613618055993097,0.898510783662008,0.997458596549867,1.15389671901062,0.627398774853221,0.813003001319058,0.272836502137122,0.580567077970913,0.839308185955223,0.661709809998607,0.574125112488433,0.314817332812721,1.1813107292268
47.0,N/A,N/A,N/A,N/A,N/A,1.37603545715747,1.58847788248766,N/A,1.27110178660179,3.24437350073765,0.888453507792428,0.60545545,0.394363108144928,0.443416576046875,0.202805822450254,0.372133034732997,1.03407361021001,1.94587394284534,3.10947533032553,3.77081740263963,2.20091320829841,1.35658199815836,0.949247483788614,1.12990341577966,0.395234006939065,1.36133996738679,N/A,N/A,0.433879786941936,N/A,0.492714999349426,N/A,0.508635410790847,0.375211215296317,N/A,1.28891094669627,1.359497109447,N/A,N/A,N/A,0.91251240066219,0.747303496790729,0.896652401590388,0.60341000349237,0.397424419851595,1.58480563986954,0.704393420040966,1.19468708410093,0.678676791872813,N/A,0.448525553160227,0.424883210249496,0.87227523407887,0.353901813955384,0.486732654660778,0.725470017800039,1.07555497530871,1.0130786269808,1.1604783146869,0.58702669627934,0.884834784958862,0.372771208576936,0.433925774913527,0.961737566542187,N/A,0.679655020920033,0.381254418805116,1.31017534633773
48.0,N/A,N/A,N/A,N/A,N/A,1.6055019917117,1.34078910282965,N/A,1.78527848517257,7.08737702105008,1.22517349795709,0.72564963,0.47693876215961,0.466092766930273,0.259988721695931,0.3958293755986,0.859715145229985,2.40889508263187,3.07360956505882,5.63906393577805,4.65889809814108,1.50161904339382,1.16295138927989,1.79685326540869,0.736952556075749,N/A,N/A,N/A,0.855969726181388,N/A,N/A,N/A,N/A,0.359726183357581,N/A,N/A,N/A,N/A,N/A,N/A,N/A,0.790145100832128,1.61398835904922,0.780888778791736,0.563015001180517,1.79485696005501,0.834769941968244,1.29589795709197,1.31329968185552,N/A,0.645502124412787,0.544075575943544,1.10834694730503,0.640935309496936,0.595821728154032,0.834108854200228,0.747329105260871,1.02855527959876,1.2755588776082,0.594313083666336,0.963746023097095,0.489845227384847,0.569209479005271,0.847986445469579,N/A,0.804528325278142,0.508102811789807,0.970484649655657
49.0,N/A,N/A,N/A,N/A,N/A,2.07310484404489,1.36600396322794,N/A,2.35892502073811,N/A,1.79127827836113,0.88216095,0.570364595782343,0.943016089999048,0.596813509326568,0.402499224234825,0.783169020515069,4.7770297090793,4.96625831416423,N/A,N/A,1.72248042118622,N/A,N/A,N/A,N/A,N/A,N/A,N/A,N/A,N/A,N/A,N/A,1.21460828459003,N/A,N/A,N/A,N/A,N/A,N/A,N/A,0.938184725630199,N/A,1.35299389549259,1.7643834997112,1.32757126471228,1.09350659524672,2.56034339150363,N/A,N/A,0.489886536391998,0.769170526894537,N/A,N/A,0.567721980565917,1.14769765455704,0.829049868573337,N/A,N/A,0.386679230251207,1.04875042994402,3.70041300800602,N/A,1.38954943147274,N/A,0.947327180077818,0.963902561323061,1.80442408471444
50.0,N/A,2.0,2.0,N/A,1.0,2.48118300541031,1.26575367293677,N/A,N/A,N/A,N/A,1.0774621,0.632198655259415,N/A,1.57247672875511,0.423324341098394,0.584735344697491,N/A,N/A,N/A,N/A,N/A,N/A,N/A,N/A,N/A,N/A,N/A,N/A,N/A,N/A,N/A,N/A,N/A,N/A,N/A,N/A,N/A,N/A,N/A,N/A,1.22894444408207,N/A,2.61198844200393,N/A,N/A,N/A,N/A,N/A,N/A,N/A,N/A,N/A,N/A,N/A,N/A,2.7894880455493,N/A,N/A,3.82370829838503,N/A,N/A,N/A,N/A,N/A,N/A,N/A,N/A
51.0,N/A,N/A,N/A,N/A,N/A,N/A,N/A,N/A,N/A,N/A,N/A,N/A,0.881509085880232,N/A,N/A,0.943602727396218,1.45848101998219,N/A,N/A,N/A,N/A,N/A,N/A,N/A,N/A,N/A,N/A,N/A,N/A,N/A,N/A,N/A,N/A,N/A,N/A,N/A,N/A,N/A,N/A,N/A,N/A,N/A,N/A,N/A,N/A,N/A,N/A,N/A,N/A,N/A,N/A,N/A,N/A,N/A,N/A,N/A,N/A,N/A,N/A,N/A,N/A,N/A,N/A,N/A,N/A,N/A,N/A,N/A
