location,date,depth_group,mean_chlorophyll,std_chlorophyll,measurement_count
WP,2014-02-26,Surface,1.3037142857142858,0.6201898985021295,10
WP,2014-02-26,Mid-Depth,3.678857142857143,0.7681581469824493,10
WP,2014-02-26,Lower Photic,3.4392642838033067,0.9421646355885246,10
WP,2014-02-26,Deep,1.0747927192256943,0.8142861833838526,10
WP,2014-03-26,Surface,0.308530186603779,0.0572553575151969,10
WP,2014-03-26,Mid-Depth,0.7717142857142856,0.1920395367456123,10
WP,2014-03-26,Lower Photic,0.8533608673541968,0.1876820932631001,10
WP,2014-03-26,Deep,0.1997481314329311,0.1334196878235545,10
WP,2014-04-22,Surface,0.3588,0.2057424495711945,10
WP,2014-04-22,Mid-Depth,0.625,0.1213122692338522,10
WP,2014-04-22,Lower Photic,0.8089999999999999,0.0510881590977791,10
WP,2014-04-22,Deep,0.3638777743769437,0.3388438799217639,10
WP,2014-06-24,Surface,0.6049999999999999,0.1112804265508239,10
WP,2014-06-24,Mid-Depth,0.836,0.053166405433005,10
WP,2014-06-24,Lower Photic,0.607,0.0678314905564599,10
WP,2014-06-24,Deep,0.2501434220215975,0.1204800274810873,10
WP,2014-07-23,Surface,0.453,0.1277193102949676,10
WP,2014-07-23,Mid-Depth,0.852,0.0684430014277898,10
WP,2014-07-23,Lower Photic,0.78,0.1378404875209022,10
WP,2014-07-23,Deep,0.2207389517641304,0.1123614829988099,10
WP,2014-08-12,Surface,0.6460000000000001,0.1839806753137103,10
WP,2014-08-12,Mid-Depth,0.94,0.0294392028877594,10
WP,2014-08-12,Lower Photic,0.9240000000000002,0.0287518115371304,10
WP,2014-08-12,Deep,0.2923893321492857,0.1979117558033104,10
WP,2014-09-08,Surface,1.201,0.6726968939359769,10
WP,2014-09-08,Mid-Depth,1.866,0.4879708552316987,10
WP,2014-09-08,Lower Photic,0.907,0.3007416757876359,10
WP,2014-09-08,Deep,0.3289346973507107,0.2045770686118293,10
WP,2014-10-07,Surface,2.056,1.543283976492585,10
WP,2014-10-07,Mid-Depth,3.1676,0.7135705524566812,10
WP,2014-10-07,Lower Photic,1.3874,0.4927303071210006,10
WP,2014-10-07,Deep,0.3094877669037016,0.2479714573840995,10
WP,2014-11-11,Surface,1.207,0.6953983670450262,10
WP,2014-11-11,Mid-Depth,1.932,0.2729590933943522,10
WP,2014-11-11,Lower Photic,1.6949999999999998,0.068677992593455,10
WP,2014-11-11,Deep,0.4459806369784426,0.4237966667507711,10
WP,2014-12-08,Surface,1.944,0.6253567870512889,10
WP,2014-12-08,Mid-Depth,3.4255000000000004,0.1969552966764003,10
WP,2014-12-08,Lower Photic,3.316,0.0769126488658111,10
WP,2014-12-08,Deep,0.8716989077260395,1.2866842142776782,10
WP,2015-01-14,Surface,0.844,0.2377300055852343,10
WP,2015-01-14,Mid-Depth,0.0099999999999999,1.8285590982170323e-18,10
WP,2015-01-14,Lower Photic,0.0099999999999999,1.8285590982170323e-18,10
WP,2015-01-14,Deep,0.0317640822746046,0.0688240711710489,10
WP,2015-02-10,Surface,4.714499999999999,2.653760905666606,10
WP,2015-02-10,Mid-Depth,5.97,1.0762899237658967,10
WP,2015-02-10,Lower Photic,2.4205,0.774662829881491,10
WP,2015-02-10,Deep,1.036580801888508,0.3926116420725075,10
WP,2015-03-10,Surface,1.61,1.140253383146824,10
WP,2015-03-10,Mid-Depth,5.769,1.906057303557384,10
WP,2015-03-10,Lower Photic,6.758,0.6346442573074567,10
WP,2015-03-10,Deep,3.188932411245305,1.937971587560325,10
WP,2015-04-14,Surface,0.3370000000000001,0.0705612421155473,10
WP,2015-04-14,Mid-Depth,0.6789999999999999,0.1151279481465923,10
WP,2015-04-14,Lower Photic,0.837,0.0141813649241217,10
WP,2015-04-14,Deep,0.3431303820304413,0.2378947584743664,10
WP,2015-05-05,Surface,0.4630000000000001,0.1093465439173395,10
WP,2015-05-05,Mid-Depth,0.784,0.0975477091251022,10
WP,2015-05-05,Lower Photic,0.868,0.0769992784958981,10
WP,2015-05-05,Deep,0.3207640219261359,0.2823353779350863,10
WP,2015-06-09,Surface,0.586,0.1152967186581358,10
WP,2015-06-09,Mid-Depth,0.724,0.0201108041719978,10
WP,2015-06-09,Lower Photic,0.617,0.0912931785208755,10
WP,2015-06-09,Deep,0.2479333333333333,0.0837463542600622,10
WP,2015-07-14,Surface,0.6090000000000001,0.1955306170967151,10
WP,2015-07-14,Mid-Depth,1.427,0.0449814776695178,10
WP,2015-07-14,Lower Photic,1.379,0.051305187088853,10
WP,2015-07-14,Deep,0.4454403113086,0.3600942793772447,10
WP,2015-08-10,Surface,0.931,0.4112433721181547,10
WP,2015-08-10,Mid-Depth,1.625,0.2606082628518648,10
WP,2015-08-10,Lower Photic,1.141,0.0703088424974649,10
WP,2015-08-10,Deep,0.4944039739963249,0.3598670018683966,10
WP,2015-09-09,Surface,2.5806666666666667,0.4207835137361002,10
WP,2015-09-09,Mid-Depth,2.3063333333333333,0.5750565189613973,10
WP,2015-09-09,Lower Photic,0.962,0.3729402692716951,10
WP,2015-09-09,Deep,0.3591777598781619,0.1571655145512845,10
WP,2015-10-06,Surface,0.959,0.4540301017920874,10
WP,2015-10-06,Mid-Depth,1.198,0.2250333308645632,10
WP,2015-10-06,Lower Photic,0.7630000000000001,0.088950672972284,10
WP,2015-10-06,Deep,0.2902760323944101,0.1284569648954286,10
WP,2015-12-08,Surface,1.1010000000000002,0.388228168878961,10
WP,2015-12-08,Mid-Depth,2.13,0.1491457154746473,10
WP,2015-12-08,Lower Photic,1.9620000000000004,0.122909180562994,10
WP,2015-12-08,Deep,0.5605477107283918,0.5518896034252854,10
WP,2016-01-19,Surface,1.3729999999999998,0.5724615465009175,10
WP,2016-01-19,Mid-Depth,1.798,0.1441295713354249,10
WP,2016-01-19,Lower Photic,1.671,0.1942764353526524,10
WP,2016-01-19,Deep,0.5370977548901193,0.5006477705179496,10
WP,2016-02-16,Surface,3.530500000000001,1.8437980878851372,10
WP,2016-02-16,Mid-Depth,5.529999999999999,0.3183289703016885,10
WP,2016-02-16,Lower Photic,4.209999999999999,0.3275159029217767,10
WP,2016-02-16,Deep,1.688784542238131,1.5305931344591888,10
WP,2016-03-08,Surface,1.914,1.1693807583608906,10
WP,2016-03-08,Mid-Depth,4.2780000000000005,0.1955505049852851,10
WP,2016-03-08,Lower Photic,3.6319999999999992,0.352666036546381,10
WP,2016-03-08,Deep,1.20613523766943,0.6397127270780418,10
WP,2016-04-13,Surface,1.099,0.5992300615512098,10
WP,2016-04-13,Mid-Depth,2.4270000000000005,0.2277449840891732,10
WP,2016-04-13,Lower Photic,1.439,0.4706838995900893,10
WP,2016-04-13,Deep,0.2692417583273004,0.1528871275768173,10
WP,2016-05-17,Surface,0.211,0.0328125992061992,10
WP,2016-05-17,Mid-Depth,0.709,0.1427857758244068,10
WP,2016-05-17,Lower Photic,0.7660000000000001,0.0306231575409489,10
WP,2016-05-17,Deep,0.1841174709549565,0.144873235855646,10
WP,2016-06-14,Surface,0.612,0.4903694752145796,10
WP,2016-06-14,Mid-Depth,1.33,0.1278019300845387,10
WP,2016-06-14,Lower Photic,0.8190000000000002,0.2886539643086703,10
WP,2016-06-14,Deep,0.2067497042010362,0.0917293971426555,10
WP,2016-07-12,Surface,0.344,0.1394592732265907,10
WP,2016-07-12,Mid-Depth,0.8089999999999999,0.1256494241044414,10
WP,2016-07-12,Lower Photic,1.015,0.2916333314283537,10
WP,2016-07-12,Deep,0.2054253310948671,0.1557986365783404,10
WP,2016-08-10,Surface,0.375,0.1532064692570853,10
WP,2016-08-10,Mid-Depth,0.8109999999999999,0.0863391246448818,10
WP,2016-08-10,Lower Photic,1.0429999999999997,0.1602810032411826,10
WP,2016-08-10,Deep,0.2024974787744962,0.1560472733685458,10
WP,2016-09-07,Surface,0.302,0.0837721778263987,10
WP,2016-09-07,Mid-Depth,0.725,0.1111805338677194,10
WP,2016-09-07,Lower Photic,0.691,0.0750481327031007,10
WP,2016-09-07,Deep,0.1677149698643432,0.1062589997403543,10
WP,2016-10-12,Surface,0.424,0.1050079362080155,10
WP,2016-10-12,Mid-Depth,0.6990000000000001,0.0260128173535022,10
WP,2016-10-12,Lower Photic,0.635,0.0476678321535836,10
WP,2016-10-12,Deep,0.1396333333333333,0.11201757467932,10
WP,2016-11-09,Surface,0.387,0.175312419538504,10
WP,2016-11-09,Mid-Depth,1.033,0.1281535537288503,10
WP,2016-11-09,Lower Photic,1.307,0.1498184086003971,10
WP,2016-11-09,Deep,0.2779455851981027,0.3437186635134473,10
WP,2016-12-05,Surface,0.82,0.2641127705272041,10
WP,2016-12-05,Mid-Depth,2.111,0.3875406788683967,10
WP,2016-12-05,Lower Photic,1.874,0.5633076917241194,10
WP,2016-12-05,Deep,0.4086061478981377,0.5116873742452032,10
WP,2017-02-08,Surface,1.642,0.6197454674658335,10
WP,2017-02-08,Mid-Depth,1.854,0.3805317916343448,10
WP,2017-02-08,Lower Photic,1.3330000000000002,0.0275075747143703,10
WP,2017-02-08,Deep,0.8750670109649628,0.230876451044701,10
WP,2017-03-14,Surface,1.82,0.6589722637899447,10
WP,2017-03-14,Mid-Depth,1.912,0.4705268914265746,10
WP,2017-03-14,Lower Photic,1.067,0.0689685918854855,10
WP,2017-03-14,Deep,0.3107522002286215,0.2078325627557657,10
WP,2017-04-19,Surface,0.182,0.058271395689099,10
WP,2017-04-19,Mid-Depth,0.471,0.0978036581910695,10
WP,2017-04-19,Lower Photic,0.626,0.0096609178307929,10
WP,2017-04-19,Deep,0.2899941611117464,0.2202090187750086,10
WP,2017-05-16,Surface,0.369,0.2835665706672773,10
WP,2017-05-16,Mid-Depth,0.79,0.0466666666666666,10
WP,2017-05-16,Lower Photic,0.631,0.0843866761468367,10
WP,2017-05-16,Deep,0.1965040603319512,0.1347688207278226,10
WP,2017-06-13,Surface,0.363,0.0860297106301719,10
WP,2017-06-13,Mid-Depth,0.7819999999999999,0.1323967102646017,10
WP,2017-06-13,Lower Photic,0.489,0.2968145698729914,10
WP,2017-06-13,Deep,0.1179615622162245,0.0614145401330899,10
WP,2017-07-11,Surface,0.634,0.3031391319729825,10
WP,2017-07-11,Mid-Depth,0.542,0.2426611720989669,10
WP,2017-07-11,Lower Photic,0.288,0.0477958622104931,10
WP,2017-07-11,Deep,0.1310275260494796,0.0613797529444214,10
WP,2017-08-08,Surface,0.343,0.1356506952105705,10
WP,2017-08-08,Mid-Depth,0.6789999999999999,0.036040101122068,10
WP,2017-08-08,Lower Photic,0.597,0.0469160005873381,10
WP,2017-08-08,Deep,0.1363078331733433,0.0685561181437288,10
WP,2017-09-12,Surface,0.74,0.4242902570437155,10
WP,2017-09-12,Mid-Depth,0.716,0.2247072169142178,10
WP,2017-09-12,Lower Photic,0.313,0.0429599296502631,10
WP,2017-09-12,Deep,0.1253766302376343,0.0487459407135941,10
WP,2017-10-12,Surface,0.585,0.2590259532256265,10
WP,2017-10-12,Mid-Depth,0.858,0.0248551358430763,10
WP,2017-10-12,Lower Photic,0.619,0.0303498123735734,10
WP,2017-10-12,Deep,0.1354332286381966,0.1094146055488208,10
WP,2017-11-07,Surface,0.576,0.3554402590841079,10
WP,2017-11-07,Mid-Depth,1.789,0.2450147387856946,10
WP,2017-11-07,Lower Photic,1.512,0.261992366301005,10
WP,2017-11-07,Deep,0.3017562981267079,0.3701507226344793,10
WP,2017-12-13,Surface,1.794,0.8333493331797363,10
WP,2017-12-13,Mid-Depth,3.273000000000001,0.1285863307060453,10
WP,2017-12-13,Lower Photic,3.217,0.0817924201867141,10
WP,2017-12-13,Deep,1.2042537090905765,1.2968443338867763,10
WP,2018-01-11,Surface,9.747939279997636,4.912353302333487,10
WP,2018-01-11,Mid-Depth,6.925660838797167,3.473167756654513,10
WP,2018-01-11,Lower Photic,3.429050725916916,1.53225929323011,10
WP,2018-01-11,Deep,1.4328293860165653,1.0525870656844745,10
WP,2018-02-07,Surface,3.5261176488587447,0.7427617132397843,10
WP,2018-02-07,Mid-Depth,2.259806357126431,0.2684390300183642,10
WP,2018-02-07,Lower Photic,1.965688663750497,0.0799077778944906,10
WP,2018-02-07,Deep,1.0031284881116946,0.614230005210413,10
WP,2018-02-28,Surface,7.0545614626653546,7.549364513906776,10
WP,2018-02-28,Mid-Depth,2.311239705397138,0.5828819023124443,10
WP,2018-02-28,Lower Photic,1.0453889214718828,0.3037471082116725,10
WP,2018-02-28,Deep,0.5848241786076426,0.1546134120169079,10
WP,2018-03-13,Surface,6.856091307628395,3.935094120293263,10
WP,2018-03-13,Mid-Depth,3.910483573914436,1.7345113228855218,10
WP,2018-03-13,Lower Photic,1.9369544697944288,0.1852781580248668,10
WP,2018-03-13,Deep,0.6699596015143474,0.3095521690802197,10
WP,2018-04-10,Surface,1.3667805025746833,0.3856563840268722,10
WP,2018-04-10,Mid-Depth,2.0719892935096467,0.0856426325576483,10
WP,2018-04-10,Lower Photic,1.7084241262515198,0.2558252285560149,10
WP,2018-04-10,Deep,0.5391326136062068,0.2579468659623256,10
WP,2018-05-15,Surface,1.782567851410522,0.6007155143385847,10
WP,2018-05-15,Mid-Depth,1.9790647533687769,0.1242867749450564,10
WP,2018-05-15,Lower Photic,1.0250027388965786,0.2274729532657392,10
WP,2018-05-15,Deep,0.5184208088607027,0.1917330861359734,10
WP,2018-06-12,Surface,1.453905339333552,0.925986310894698,10
WP,2018-06-12,Mid-Depth,0.8082216170031318,0.1098862321839037,10
WP,2018-06-12,Lower Photic,0.7099505273047396,0.086772464891401,10
WP,2018-06-12,Deep,0.4218395857159617,0.1558279613441713,10
WP,2018-07-17,Surface,1.409154267735173,0.3523818470859572,10
WP,2018-07-17,Mid-Depth,2.103333675417984,0.1063017864276137,10
WP,2018-07-17,Lower Photic,1.9335888200527769,0.3020766507771031,10
WP,2018-07-17,Deep,0.4741102962457754,0.1473435942479763,10
WP,2018-08-14,Surface,0.6948213485363961,0.2101764517971128,10
WP,2018-08-14,Mid-Depth,1.16065729823079,0.0778630251335671,10
WP,2018-08-14,Lower Photic,1.396964270317097,0.0718192557485887,10
WP,2018-08-14,Deep,0.5772560216958297,0.4053088198579437,10
WP,2018-09-11,Surface,1.168142085939271,0.0980124927492186,10
WP,2018-09-11,Mid-Depth,1.1910098260279542,0.1389612903608106,10
WP,2018-09-11,Lower Photic,1.0918794627886306,0.1082926320037376,10
WP,2018-09-11,Deep,0.555373479979401,0.2957937296036181,10
WP,2018-12-12,Surface,1.9329893411067929,1.3749245557229412e-05,10
WP,2018-12-12,Mid-Depth,1.9492300175056636,0.0925603409052175,10
WP,2018-12-12,Lower Photic,1.740373621132738,0.0931575088794095,10
WP,2018-12-12,Deep,0.6099727524971895,0.3708709246467346,10
WP,2019-02-12,Surface,4.872479912689983,1.5785964571583804,10
WP,2019-02-12,Mid-Depth,8.452862200511056,7.229582065260013,10
WP,2019-02-12,Lower Photic,3.705704562598617,0.3954129799671974,10
WP,2019-02-12,Deep,2.0616934155275453,1.2770266474586192,10
WP,2019-03-12,Surface,2.822212452219236,0.6605609143119432,10
WP,2019-03-12,Mid-Depth,1.928389758430652,0.1065587512128608,10
WP,2019-03-12,Lower Photic,1.3373891948564978,0.2639972108627387,10
WP,2019-03-12,Deep,0.5365583475472915,0.188320857382625,10
WP,2019-04-09,Surface,2.684550008304388,0.7560571661560687,10
WP,2019-04-09,Mid-Depth,2.224239621531188,0.4714834977515679,10
WP,2019-04-09,Lower Photic,1.290751881450182,0.256769433123143,10
WP,2019-04-09,Deep,0.4789227717614744,0.1353238258785198,10
WP,2019-05-14,Surface,1.308230822227661,0.0834045583790552,10
WP,2019-05-14,Mid-Depth,0.9561593204135808,0.2331334112919373,10
WP,2019-05-14,Lower Photic,0.5746033299052584,0.0442082914275381,10
WP,2019-05-14,Deep,0.3793595933777574,0.1054687138962933,10
WP,2019-06-12,Surface,1.1326144053730225,0.2117750230654962,10
WP,2019-06-12,Mid-Depth,1.2629070722314,0.265438468751894,10
WP,2019-06-12,Lower Photic,0.7273599315601038,0.1040631544498049,10
WP,2019-06-12,Deep,0.4138521492402635,0.1196916611928646,10
WP,2019-07-12,Surface,1.4873898287475398,0.182712382943182,10
WP,2019-07-12,Mid-Depth,1.6068794662069188,0.1397937643174431,10
WP,2019-07-12,Lower Photic,1.3910255953894914,0.3248906487447056,10
WP,2019-07-12,Deep,0.4666382383865978,0.1224132655857667,10
WP,2019-08-13,Surface,1.484918685914598,0.2087905803266301,10
WP,2019-08-13,Mid-Depth,1.718565849090652,0.1241259988271633,10
WP,2019-08-13,Lower Photic,1.391929909709315,0.134635383376575,10
WP,2019-08-13,Deep,0.5262938886170383,0.2841770827680467,10
WP,2019-09-10,Surface,1.2026068329436312,0.3738726907993758,10
WP,2019-09-10,Mid-Depth,1.510936607171555,0.1218549768500728,10
WP,2019-09-10,Lower Photic,1.5225292151396892,0.1470872672760447,10
WP,2019-09-10,Deep,0.5071441372741028,0.2270314257197337,10
WP,2020-01-23,Surface,3.589678804314718,0.81101262776357,10
WP,2020-01-23,Mid-Depth,3.937867364068494,0.1853112522627898,10
WP,2020-01-23,Lower Photic,3.569078691033924,0.2341945975318682,10
WP,2020-01-23,Deep,1.5127430727810414,1.1733923434171143,10
WP,2020-02-11,Surface,5.423963872654887,5.573716506013516,10
WP,2020-02-11,Mid-Depth,6.422395061832093,0.485394075494547,10
WP,2020-02-11,Lower Photic,5.710803718941543,1.9678831606319451,10
WP,2020-02-11,Deep,1.2965974312965587,0.905503688989459,10
WP,2020-03-10,Surface,2.396216708738315,0.3687778984387695,10
WP,2020-03-10,Mid-Depth,2.696403493051935,0.0744068102340612,10
WP,2020-03-10,Lower Photic,2.7561352834553885,0.1433124157158829,10
WP,2020-03-10,Deep,1.611611739591357,1.0423871523597712,10
WP,2020-08-11,Surface,2.039353150262021,0.0385574061396278,10
WP,2020-08-11,Mid-Depth,1.951612975555772,0.1452454334164969,10
WP,2020-08-11,Lower Photic,1.3020108491728792,0.2743238708878759,10
WP,2020-08-11,Deep,0.5218807503009109,0.1112605378817945,10
WP,2020-09-08,Surface,1.5778974170389255,0.3414398851382914,10
WP,2020-09-08,Mid-Depth,1.4133226830632448,0.1192061840688493,10
WP,2020-09-08,Lower Photic,1.070743000211442,0.0806356946660757,10
WP,2020-09-08,Deep,0.4981819434509,0.1275564301530438,10
WP,2020-10-13,Surface,1.7243551329227749,0.1043013859613067,10
WP,2020-10-13,Mid-Depth,1.376701133780348,0.1427149935409609,10
WP,2020-10-13,Lower Photic,1.0244731029523044,0.0932568746385746,10
WP,2020-10-13,Deep,0.5267472697845003,0.1187011913344027,10
WP,2020-11-10,Surface,1.512338062260968,0.1683347365909042,10
WP,2020-11-10,Mid-Depth,2.1107538001377426,0.097251748353736,10
WP,2020-11-10,Lower Photic,1.8620135746714064,0.1459906672091718,10
WP,2020-11-10,Deep,0.6206944433447179,0.3764639825112934,10
WP,2020-12-08,Surface,1.6466762392325172,0.2478623064856582,10
WP,2020-12-08,Mid-Depth,2.105741048211954,0.0962682205006128,10
WP,2020-12-08,Lower Photic,2.1851055846825096,0.0644455776559856,10
WP,2020-12-08,Deep,0.8396362793483604,0.6997889470527897,10
WP,2021-01-19,Surface,1.836276953998039,0.4520833436624315,10
WP,2021-01-19,Mid-Depth,3.043465353312919,0.159405559539342,10
WP,2021-01-19,Lower Photic,3.2956178902823403,0.0583693018346085,10
WP,2021-01-19,Deep,1.451494601675092,1.3890525623497398,10
WP,2021-02-16,Surface,6.640878105368837,8.734989412968634,10
WP,2021-02-16,Mid-Depth,5.647601833222177,0.4107386580278812,10
WP,2021-02-16,Lower Photic,5.901112310580879,0.2401936015079788,10
WP,2021-02-16,Deep,1.5458577817162642,1.550558958516192,10
WP,2021-03-16,Surface,2.010027968531913,0.6859588270503744,10
WP,2021-03-16,Mid-Depth,3.115687465666715,0.1249336443674674,10
WP,2021-03-16,Lower Photic,2.001808396720872,0.3932355024680786,10
WP,2021-03-16,Deep,0.8967916034466056,0.3464973373923577,10
WP,2021-04-13,Surface,1.89375369478653,0.3839552198349668,10
WP,2021-04-13,Mid-Depth,3.368358435103103,0.1782548464176143,10
WP,2021-04-13,Lower Photic,3.2781100369915395,0.1314080306764209,10
WP,2021-04-13,Deep,0.8794197174175059,0.5851858084190771,10
WP,2021-05-11,Surface,1.462422269626459,0.4123454679273861,10
WP,2021-05-11,Mid-Depth,1.7654149282468812,0.1359346215085811,10
WP,2021-05-11,Lower Photic,1.0535683694353748,0.1960257290252104,10
WP,2021-05-11,Deep,0.5771395501523483,0.1530093894584497,10
WP,2021-06-08,Surface,1.761916364800135,0.0755187640654368,10
WP,2021-06-08,Mid-Depth,1.321184175992148,0.178260037229494,10
WP,2021-06-08,Lower Photic,0.8174759180655998,0.036440304749093,10
WP,2021-06-08,Deep,0.5027979702994126,0.1165287711247887,10
WP,2021-07-13,Surface,2.011251995240632,0.1161181321071219,10
WP,2021-07-13,Mid-Depth,1.9649179425879608,0.107058659090644,10
WP,2021-07-13,Lower Photic,1.649704760367306,0.3521175802296659,10
WP,2021-07-13,Deep,0.5232148204987859,0.1095655158434593,10
WP,2021-08-10,Surface,1.5828429509512736,0.5346833966638873,10
WP,2021-08-10,Mid-Depth,1.9220888903437905,0.0977069544062164,10
WP,2021-08-10,Lower Photic,1.9370829061979,0.4546376136047019,10
WP,2021-08-10,Deep,0.7306154353645321,0.4155218224120367,10
WP,2021-09-07,Surface,1.324488275523107,0.4140455539797912,10
WP,2021-09-07,Mid-Depth,1.896081336010365,0.2660068279643482,10
WP,2021-09-07,Lower Photic,1.313272895151016,0.1830725115532882,10
WP,2021-09-07,Deep,0.5694897381380937,0.1941463178452269,10
WP,2021-10-12,Surface,1.0341519358928033,0.4607649957808694,10
WP,2021-10-12,Mid-Depth,2.8081362755726738,0.5243001697421568,10
WP,2021-10-12,Lower Photic,2.701126940795666,0.7527088460752265,10
WP,2021-10-12,Deep,0.6348907318419283,0.3463997065170619,10
WP,2021-11-09,Surface,1.6020413463186205,0.5008894111602258,10
WP,2021-11-09,Mid-Depth,2.996261251619585,0.1949193023784438,10
WP,2021-11-09,Lower Photic,2.9757296355366503,0.1639082405711155,10
WP,2021-11-09,Deep,0.7074357168162422,0.5001864520142405,10
WP,2021-12-07,Surface,2.1932267316187493,0.7402299355123936,10
WP,2021-12-07,Mid-Depth,5.708410397101271,1.658283263882242,10
WP,2021-12-07,Lower Photic,5.72246318146607,0.2576615620425803,10
WP,2021-12-07,Deep,1.792471474485604,2.464707770540781,10
WP,2022-01-18,Surface,2.082052213099025,0.6198357483109923,10
WP,2022-01-18,Mid-Depth,2.567837607694997,0.2831281555834013,10
WP,2022-01-18,Lower Photic,1.859019672947292,0.1672466369120268,10
WP,2022-01-18,Deep,0.9039457605603094,0.4584250671869677,10
WP,2022-02-08,Surface,1.6650291460083602,0.2748235001248944,10
WP,2022-02-08,Mid-Depth,2.434412858716656,0.1230901323012337,10
WP,2022-02-08,Lower Photic,1.956891216452648,0.0780584904638936,10
WP,2022-02-08,Deep,1.160097258353349,0.5743332907737937,10
WP,2022-03-08,Surface,1.8294727866028453,0.7116839613706818,10
WP,2022-03-08,Mid-Depth,2.428012072325829,0.6328523278136452,10
WP,2022-03-08,Lower Photic,1.284467909912193,0.141890775919987,10
WP,2022-03-08,Deep,0.6203905872995905,0.2734776469609668,10
WP,2022-04-05,Surface,1.003347754858981,0.2324921274267204,10
WP,2022-04-05,Mid-Depth,1.9274961457240216,0.1013996045618601,10
WP,2022-04-05,Lower Photic,2.035176371945138,0.187746392277965,10
WP,2022-04-05,Deep,0.667430298957337,0.2811264825065212,10
WP,2022-05-10,Surface,1.169748594503169,0.5578658808990711,10
WP,2022-05-10,Mid-Depth,1.1950470333294494,0.2196670067234111,10
WP,2022-05-10,Lower Photic,0.9769549184165218,0.1562892832648786,10
WP,2022-05-10,Deep,0.5334132030237326,0.1808438159318382,10
WP,2022-06-14,Surface,1.582729826770524,0.2204657973443856,10
WP,2022-06-14,Mid-Depth,1.648629516863495,0.0569638800214104,10
WP,2022-06-14,Lower Photic,1.124283987625239,0.2073975853440047,10
WP,2022-06-14,Deep,0.5268946591960109,0.1267828108277963,10
WP,2022-07-12,Surface,1.1599093581926236,0.3689540368743787,10
WP,2022-07-12,Mid-Depth,1.491346745169371,0.0502088781976968,10
WP,2022-07-12,Lower Photic,1.379209040777169,0.0586420413715062,10
WP,2022-07-12,Deep,0.5465892553596794,0.1778887151412631,10
WP,2022-08-09,Surface,1.3401750187043144,0.3945225268936392,10
WP,2022-08-09,Mid-Depth,1.9835104502221832,0.1117965036502784,10
WP,2022-08-09,Lower Photic,1.760939882004947,0.1679357441135642,10
WP,2022-08-09,Deep,0.6293948486934136,0.3447865171114064,10
WP,2022-09-06,Surface,1.421275934535192,0.4105482291851255,10
WP,2022-09-06,Mid-Depth,1.4829955838458049,0.2518873076638436,10
WP,2022-09-06,Lower Photic,1.0329163610582204,0.0340693109476896,10
WP,2022-09-06,Deep,0.5784193237079396,0.235506314372291,10
WP,2022-10-18,Surface,1.771651447509493,0.6629704075692128,10
WP,2022-10-18,Mid-Depth,2.541655575239557,0.0706886006265082,10
WP,2022-10-18,Lower Photic,1.685908195740011,0.3873980182958798,10
WP,2022-10-18,Deep,0.5978487516046911,0.2454116306631571,10
WP,2022-11-08,Surface,1.8347629566797896,0.5103814994454352,10
WP,2022-11-08,Mid-Depth,1.785782288415494,0.1868358280424959,10
WP,2022-11-08,Lower Photic,1.655732453962587,0.1167380987974984,10
WP,2022-11-08,Deep,0.7461986597821035,0.3590998374232461,10
WP,2022-12-06,Surface,1.4611526856385866,0.46893300492441,10
WP,2022-12-06,Mid-Depth,2.422397939498481,0.1272242537351836,10
WP,2022-12-06,Lower Photic,2.594603458113105,0.1078999762207068,10
WP,2022-12-06,Deep,0.9032730516448632,0.7731376173679981,10
WP,2023-01-17,Surface,1.7203248757695615,0.5701109680631001,10
WP,2023-01-17,Mid-Depth,3.3108771132284955,0.2333662432385727,10
WP,2023-01-17,Lower Photic,3.0328456193414786,0.3207600048340172,10
WP,2023-01-17,Deep,1.2683578805249902,0.7560355828444655,10
WP,2023-02-14,Surface,2.020706731684752,0.6785280497037111,10
WP,2023-02-14,Mid-Depth,2.633516994979591,0.1333923837035835,10
WP,2023-02-14,Lower Photic,2.532941570930357,0.1335508137748575,10
WP,2023-02-14,Deep,1.7093654955240036,0.5537763824986484,10
WP,2023-03-14,Surface,1.5791574271697617,0.4637592643272465,10
WP,2023-03-14,Mid-Depth,2.072951752760076,0.1799101456625402,10
WP,2023-03-14,Lower Photic,2.1478705518948287,0.0728928446339422,10
WP,2023-03-14,Deep,1.2576537234185523,0.4872822624470458,10
WP,2023-04-11,Surface,0.5775688472529223,0.0847948906754474,10
WP,2023-04-11,Mid-Depth,1.0165391878579464,0.1417640364288916,10
WP,2023-04-11,Lower Photic,1.452573295639716,0.3330110265875195,10
WP,2023-04-11,Deep,0.7679435325230862,0.5604607050924456,10
WP,2023-05-09,Surface,1.2642645122211849,0.3556322917356584,10
WP,2023-05-09,Mid-Depth,1.5624950103608772,0.0945715512448241,10
WP,2023-05-09,Lower Photic,1.4540872640286842,0.1447735644273025,10
WP,2023-05-09,Deep,0.6821618412885242,0.363046377949862,10
WP,2023-06-13,Surface,1.0324592615115786,0.3357192610114698,10
WP,2023-06-13,Mid-Depth,2.2130088725785777,0.2392854999656907,10
WP,2023-06-13,Lower Photic,1.563338404998214,0.2005876747483417,10
WP,2023-06-13,Deep,0.6115906036331411,0.2244742516347465,10
WP,2023-07-18,Surface,2.038186107100147,0.8337254421703425,10
WP,2023-07-18,Mid-Depth,3.139111408025427,0.4294750820400047,10
WP,2023-07-18,Lower Photic,1.2394312655893736,0.3556183995866952,10
WP,2023-07-18,Deep,0.5774989591664222,0.2344653711120815,10
WP,2023-08-16,Surface,2.4478875503445585,0.2095885989479761,10
WP,2023-08-16,Mid-Depth,2.022268686727033,0.2047586474578041,10
WP,2023-08-16,Lower Photic,1.515436489121465,0.0983914327097151,10
WP,2023-08-16,Deep,0.536947317047576,0.1640515057646876,10
WP,2023-09-05,Surface,2.0618292829342493,0.7890496895792927,10
WP,2023-09-05,Mid-Depth,6.669905004573371,6.175082695756173,10
WP,2023-09-05,Lower Photic,1.650977698846854,0.240179884133384,10
WP,2023-09-05,Deep,0.4983889259514207,0.151637299917465,10
WP,2023-10-18,Surface,17.47551147678559,7.1308102247439695,10
WP,2023-10-18,Mid-Depth,25.97096576521396,0.6305036438878707,10
WP,2023-10-18,Lower Photic,19.263179426372453,5.370965873106346,10
WP,2023-10-18,Deep,5.360407823749087,3.169027541758212,10
WP,2023-11-14,Surface,2.2355193273023835,0.8274567711555123,10
WP,2023-11-14,Mid-Depth,3.5261527415481604,0.0998168205251925,10
WP,2023-11-14,Lower Photic,3.4542827150898474,0.2060566285874817,10
WP,2023-11-14,Deep,0.7647046016702663,0.672172839134342,10
WP,2023-12-05,Surface,1.7470918416430046,0.6165351712808432,10
WP,2023-12-05,Mid-Depth,2.993940459353297,0.073884904478115,10
WP,2023-12-05,Lower Photic,2.775316350751484,0.0648797116591209,10
WP,2023-12-05,Deep,0.7823274775873512,0.6935531511644973,10
SA,2014-02-18,Surface,3.2544075661787337,1.286137985602841,10
SA,2014-02-18,Mid-Depth,4.886576399017273,0.9736879162903672,10
SA,2014-02-18,Lower Photic,3.5074901101017213,0.2980056125130552,10
SA,2014-02-18,Deep,3.2509723037273077,0.3983065495283778,4
SA,2014-03-26,Surface,0.5750857142857143,0.3017829647662858,10
SA,2014-03-26,Mid-Depth,3.129142857142857,1.024210862643266,10
SA,2014-03-26,Lower Photic,2.6554043834081824,1.369699490969858,10
SA,2014-03-26,Deep,0.8236395390208413,0.1850096835576083,4
SA,2014-04-22,Surface,1.34,0.2117650689902478,10
SA,2014-04-22,Mid-Depth,1.855,0.2731808517773121,10
SA,2014-04-22,Lower Photic,2.182,0.4652550077347069,10
SA,2014-04-22,Deep,0.5732045553109376,0.3163090082680642,4
SA,2014-05-19,Surface,1.0155,0.4288644567019073,10
SA,2014-05-19,Mid-Depth,1.433,0.2146858169511903,10
SA,2014-05-19,Lower Photic,1.073,0.2543859709618874,10
SA,2014-05-19,Deep,0.4443333333333333,0.1782220836796358,4
SA,2014-06-24,Surface,1.371,0.5854238730280061,10
SA,2014-06-24,Mid-Depth,1.363,0.3364207022299444,10
SA,2014-06-24,Lower Photic,1.326,0.3183359511236168,10
SA,2014-06-24,Deep,0.3936666666666666,0.2399198940387302,4
SA,2014-07-22,Surface,0.6140000000000001,0.127558265553868,10
SA,2014-07-22,Mid-Depth,1.215,0.2094039159137192,10
SA,2014-07-22,Lower Photic,1.209,0.3149056296028312,10
SA,2014-07-22,Deep,0.4370833333333334,0.2187165212476338,4
SA,2014-08-12,Surface,1.048,0.2284634665664415,10
SA,2014-08-12,Mid-Depth,1.393,0.031640339933558,10
SA,2014-08-12,Lower Photic,1.438,0.0103279555898864,10
SA,2014-08-12,Deep,0.5216530818522317,0.3052754184829394,4
SA,2014-09-08,Surface,1.311,0.586883482662634,10
SA,2014-09-08,Mid-Depth,1.6329999999999998,0.355373043434642,10
SA,2014-09-08,Lower Photic,1.012,0.2892442259099085,10
SA,2014-09-08,Deep,0.45,0.2198014255337454,4
SA,2014-10-07,Surface,2.416,0.8456465128476307,10
SA,2014-10-07,Mid-Depth,3.455,0.1967090349842743,10
SA,2014-10-07,Lower Photic,1.847,0.8633050188407083,10
SA,2014-10-07,Deep,0.4683193594532664,0.1786186426095834,4
SA,2014-11-11,Surface,3.05,1.1565252341751782,10
SA,2014-11-11,Mid-Depth,3.532,0.4320442364182423,10
SA,2014-11-11,Lower Photic,2.274,0.3777607839315023,10
SA,2014-11-11,Deep,1.435653946227551,0.7310422154029951,4
SA,2014-12-08,Surface,2.8155,0.9843453831523432,10
SA,2014-12-08,Mid-Depth,3.351,0.1239578781504247,10
SA,2014-12-08,Lower Photic,3.567,0.1498925541105286,10
SA,2014-12-08,Deep,4.048583333333333,0.2393612448905538,4
SA,2015-01-13,Surface,3.1979999999999995,1.0224132671717874,10
SA,2015-01-13,Mid-Depth,4.276000000000001,0.1237560324006695,10
SA,2015-01-13,Lower Photic,4.405,0.2507433393377026,10
SA,2015-01-13,Deep,4.465416666666666,0.1062263045473096,4
SA,2015-02-10,Surface,3.136,1.1632827114105435,10
SA,2015-02-10,Mid-Depth,2.059,0.7280483805657729,10
SA,2015-02-10,Lower Photic,1.593,0.0699285349481883,10
SA,2015-02-10,Deep,1.8113333333333328,0.1379232207237592,4
SA,2015-03-10,Surface,2.96,1.4864424345096956,10
SA,2015-03-10,Mid-Depth,4.984,0.0757481206220839,10
SA,2015-03-10,Lower Photic,4.583,0.1094481104856949,10
SA,2015-03-10,Deep,4.98575,0.1324949684579254,4
SA,2015-04-14,Surface,0.776,0.2179296522580929,10
SA,2015-04-14,Mid-Depth,1.168,0.0301109061083632,10
SA,2015-04-14,Lower Photic,1.0720000000000005,0.0500666222813829,10
SA,2015-04-14,Deep,0.5055000000000001,0.2272256995115616,4
SA,2015-06-09,Surface,0.711,0.1240474819485578,10
SA,2015-06-09,Mid-Depth,0.929,0.0172884033065198,10
SA,2015-06-09,Lower Photic,0.937,0.0429599296502631,10
SA,2015-06-09,Deep,0.6236666666666667,0.2671470672785976,4
SA,2015-07-14,Surface,1.2520000000000002,0.4534999693740036,10
SA,2015-07-14,Mid-Depth,1.988,0.2116496056116229,10
SA,2015-07-14,Lower Photic,1.437,0.0727323861838727,10
SA,2015-07-14,Deep,0.6694166666666665,0.3864268772762597,4
SA,2015-08-10,Surface,1.357,0.4795611419713745,10
SA,2015-08-10,Mid-Depth,1.645,0.1125709652717885,10
SA,2015-08-10,Lower Photic,1.19,0.0915302014516398,10
SA,2015-08-10,Deep,0.6496666666666666,0.2845095845550791,4
SA,2015-09-09,Surface,1.594,0.6136267414135222,10
SA,2015-09-09,Mid-Depth,2.521,0.2384882946114267,10
SA,2015-09-09,Lower Photic,2.26,0.6739930761266518,10
SA,2015-09-09,Deep,0.5803333333333334,0.221230732578087,4
SA,2015-10-06,Surface,1.836,0.743059740382816,10
SA,2015-10-06,Mid-Depth,2.045,0.4770336582581057,10
SA,2015-10-06,Lower Photic,1.287,0.4131733561378592,10
SA,2015-10-06,Deep,0.4386666666666666,0.1711293641058111,4
SA,2016-01-19,Surface,1.8560000000000003,0.3619760581401299,10
SA,2016-01-19,Mid-Depth,2.124,0.1380177122288617,10
SA,2016-01-19,Lower Photic,2.3470000000000004,0.1170991982134046,10
SA,2016-01-19,Deep,1.3169166666666667,0.6662722374858826,4
SA,2016-02-16,Surface,3.0808768625073317,0.7321760350851353,10
SA,2016-02-16,Mid-Depth,2.7880000000000003,0.3398954087493517,10
SA,2016-02-16,Lower Photic,2.4855,0.1032498169071404,10
SA,2016-02-16,Deep,2.332,0.0669233945697673,4
SA,2016-03-01,Surface,3.553,0.9625088744179628,10
SA,2016-03-01,Mid-Depth,3.173,0.7173845672189711,10
SA,2016-03-01,Lower Photic,1.972,0.0484882574559151,10
SA,2016-03-01,Deep,1.4179999999999997,0.2820221950813775,4
SA,2016-04-12,Surface,1.759,0.583884501516448,10
SA,2016-04-12,Mid-Depth,2.3070000000000004,0.2593603242166731,10
SA,2016-04-12,Lower Photic,1.235,0.7550312723471936,10
SA,2016-04-12,Deep,0.3195833333333333,0.0611375952712858,4
SA,2016-05-17,Surface,0.7969999999999999,0.1957918395757199,10
SA,2016-05-17,Mid-Depth,1.243,0.0743938468184328,10
SA,2016-05-17,Lower Photic,0.759,0.3416772356088906,10
SA,2016-05-17,Deep,0.2134166666666666,0.1100607155669592,4
SA,2016-06-14,Surface,0.479,0.1096914865530694,10
SA,2016-06-14,Mid-Depth,1.038,0.1057039892025524,10
SA,2016-06-14,Lower Photic,0.996,0.1382590161817867,10
SA,2016-06-14,Deep,0.3174166666666667,0.096803495115965,4
SA,2016-07-12,Surface,0.8859999999999999,0.1155854662143991,10
SA,2016-07-12,Mid-Depth,1.249,0.0532186266472766,10
SA,2016-07-12,Lower Photic,0.963,0.3213184643862776,10
SA,2016-07-12,Deep,0.29375,0.1508163894718784,4
SA,2016-08-09,Surface,0.792,0.2338945631404601,10
SA,2016-08-09,Mid-Depth,1.28,0.2909753712372692,10
SA,2016-08-09,Lower Photic,1.539,0.0314289321768618,10
SA,2016-08-09,Deep,0.5334166666666667,0.3584531970068679,4
SA,2016-09-06,Surface,0.497,0.0670074622710038,10
SA,2016-09-06,Mid-Depth,0.8400000000000001,0.0494413232473044,10
SA,2016-09-06,Lower Photic,0.844,0.0362705880232945,10
SA,2016-09-06,Deep,0.3235833333333333,0.2140774133085713,4
SA,2016-10-11,Surface,0.639,0.2753361581775993,10
SA,2016-10-11,Mid-Depth,1.5379999999999998,0.2823236912954112,10
SA,2016-10-11,Lower Photic,1.835,0.0217306746840088,10
SA,2016-10-11,Deep,0.5517422280857924,0.5914929367182109,4
SA,2016-11-08,Surface,1.47,0.4349968071402619,10
SA,2016-11-08,Mid-Depth,1.8040000000000005,0.1746234043114878,10
SA,2016-11-08,Lower Photic,2.2,0.1957322434120426,10
SA,2016-11-08,Deep,1.02825,1.1591173326030204,4
SA,2016-12-05,Surface,1.3119999999999998,0.262119565593007,10
SA,2016-12-05,Mid-Depth,1.611,0.0499888876540465,10
SA,2016-12-05,Lower Photic,1.0710000000000002,0.311214466958791,10
SA,2016-12-05,Deep,0.6437499999999999,0.1864052484954934,4
SA,2017-02-07,Surface,1.383,0.2846459789516326,10
SA,2017-02-07,Mid-Depth,1.5060000000000002,0.2691220293225114,10
SA,2017-02-07,Lower Photic,1.5100000000000002,0.4150501977672902,10
SA,2017-02-07,Deep,1.23475,0.0885527149969629,4
SA,2017-03-13,Surface,1.843,0.1248154192753799,10
SA,2017-03-13,Mid-Depth,1.626,0.234293263525295,10
SA,2017-03-13,Lower Photic,1.225,0.26030964467555,10
SA,2017-03-13,Deep,0.5895833333333333,0.1984104191932581,4
SA,2017-04-18,Surface,0.859,0.2861409908885244,10
SA,2017-04-18,Mid-Depth,1.117,0.051434964329292,10
SA,2017-04-18,Lower Photic,0.961,0.0417532433869913,10
SA,2017-04-18,Deep,0.5217499999999999,0.200227162659482,4
SA,2017-05-16,Surface,0.729,0.3046838069576758,10
SA,2017-05-16,Mid-Depth,0.902,0.0979569066250846,10
SA,2017-05-16,Lower Photic,0.639,0.0314289321768617,10
SA,2017-05-16,Deep,0.2794166666666667,0.137849454921745,4
SA,2017-06-13,Surface,1.3770000000000002,0.4267721223843521,10
SA,2017-06-13,Mid-Depth,1.495,0.1943221837853596,10
SA,2017-06-13,Lower Photic,0.8219999999999998,0.0705218642219087,10
SA,2017-06-13,Deep,0.5366666666666666,0.526653375359712,4
SA,2017-07-11,Surface,0.777,0.2870559372511064,10
SA,2017-07-11,Mid-Depth,1.039,0.0574359546703011,10
SA,2017-07-11,Lower Photic,1.06,0.185472369909914,10
SA,2017-07-11,Deep,0.2568333333333333,0.1352737964278374,4
SA,2017-08-08,Surface,1.068,0.2526218078032413,10
SA,2017-08-08,Mid-Depth,1.171,0.0862103370960943,10
SA,2017-08-08,Lower Photic,0.842,0.1296833751017368,10
SA,2017-08-08,Deep,0.2533333333333333,0.1612713379508102,4
SA,2017-09-12,Surface,1.312,0.3422085134339394,10
SA,2017-09-12,Mid-Depth,1.121,0.4116754385030356,10
SA,2017-09-12,Lower Photic,0.85,0.3890444133457715,10
SA,2017-09-12,Deep,0.19775,0.0791512265645117,4
SA,2017-10-12,Surface,0.596,0.1902746552866262,10
SA,2017-10-12,Mid-Depth,1.18,0.2637338725980331,10
SA,2017-10-12,Lower Photic,1.504,0.0660302960768767,10
SA,2017-10-12,Deep,0.36675,0.382122471641401,4
SA,2017-11-07,Surface,1.135,0.4233530179150466,10
SA,2017-11-07,Mid-Depth,1.99,0.1468937635768713,10
SA,2017-11-07,Lower Photic,1.956,0.2024406634602401,10
SA,2017-11-07,Deep,0.6734166666666668,0.6556659252664847,4
SA,2017-12-13,Surface,1.9070000000000005,0.3161592425766906,10
SA,2017-12-13,Mid-Depth,2.338,0.1919374898241612,10
SA,2017-12-13,Lower Photic,2.466,0.3052940294936087,10
SA,2017-12-13,Deep,2.24175,0.300081516702823,4
SA,2018-01-11,Surface,8.752287026428798,8.382828193939687,10
SA,2018-01-11,Mid-Depth,6.28692750696432,0.8633807629609818,10
SA,2018-01-11,Lower Photic,5.654546299790479,0.2888736350926188,10
SA,2018-01-11,Deep,5.374274511934879,1.2939955692120362,4
SA,2018-02-07,Surface,7.878703237897696,7.471339515928267,10
SA,2018-02-07,Mid-Depth,4.271905410142258,0.749528605325381,10
SA,2018-02-07,Lower Photic,3.624603581135217,0.2721581423659083,10
SA,2018-02-07,Deep,2.8916797162260246,0.1768052266108817,4
SA,2018-03-13,Surface,7.261936698745066,0.3213939932818729,10
SA,2018-03-13,Mid-Depth,8.920386000528863,0.5223764424089394,10
SA,2018-03-13,Lower Photic,9.448971286538251,1.6949284325573968,10
SA,2018-03-13,Deep,6.938645394706896,4.010363656671822,4
SA,2018-04-10,Surface,2.877489439674273,0.1503080764905132,10
SA,2018-04-10,Mid-Depth,2.419978705185602,0.2281246198132302,10
SA,2018-04-10,Lower Photic,1.9795940739743507,0.5984312175718832,10
SA,2018-04-10,Deep,0.8202041567092954,0.2081267087654825,4
SA,2018-05-15,Surface,1.9890922544297167,0.3144515560177885,10
SA,2018-05-15,Mid-Depth,2.5738895369815613,0.3226841377954535,10
SA,2018-05-15,Lower Photic,1.2544293160524185,0.3089029963309779,10
SA,2018-05-15,Deep,0.6975886621730619,0.2650403300184265,4
SA,2018-06-12,Surface,2.328827108896434,0.0906351439562674,10
SA,2018-06-12,Mid-Depth,1.9928486213723555,0.3567307882069939,10
SA,2018-06-12,Lower Photic,1.1723648633948294,0.1396968624800879,10
SA,2018-06-12,Deep,0.5813325274690196,0.1684958299478322,4
SA,2018-07-17,Surface,2.513865501,0.2377672788046868,10
SA,2018-07-17,Mid-Depth,2.947426491,0.1259454198008671,10
SA,2018-07-17,Lower Photic,5.012698192999999,3.152529465378545,10
SA,2018-07-17,Deep,1.656856678523302,1.085525096060398,4
SA,2018-08-14,Surface,1.5292082565553833,0.3883334797424119,10
SA,2018-08-14,Mid-Depth,2.125499455049102,0.1349844859960808,10
SA,2018-08-14,Lower Photic,1.90585239885023,0.0787930667483729,10
SA,2018-08-14,Deep,0.7891600247898928,0.3438786599141001,4
SA,2018-09-11,Surface,2.15439224240905,0.0962897754843244,10
SA,2018-09-11,Mid-Depth,2.68106496836621,0.3527267442321944,10
SA,2018-09-11,Lower Photic,1.9045275989657129,0.2445920894302772,10
SA,2018-09-11,Deep,0.8999398002825915,0.3406999662365834,4
SA,2018-09-24,Surface,1.949981528948277,0.3763107555293079,10
SA,2018-09-24,Mid-Depth,1.364167616595907,0.1135735584072809,10
SA,2018-09-24,Lower Photic,0.9607974684821118,0.1523204722514858,10
SA,2018-09-24,Deep,0.5610461912969176,0.0778571004861179,4
SA,2018-11-14,Surface,2.714807095129829,0.7853654930320395,10
SA,2018-11-14,Mid-Depth,3.2430496042905235,0.2054994602245445,10
SA,2018-11-14,Lower Photic,2.6108436754580127,0.1381997330483937,10
SA,2018-11-14,Deep,1.0982510265235317,0.6039823959965144,4
SA,2018-12-12,Surface,1.810013346883298,0.4573400785379994,10
SA,2018-12-12,Mid-Depth,2.122052677596734,0.0968569838877317,10
SA,2018-12-12,Lower Photic,2.115221570587407,0.0871513264070989,10
SA,2018-12-12,Deep,1.2917096500893064,0.582698996052902,4
SA,2019-02-12,Surface,5.687332725419779,6.920353091104379,10
SA,2019-02-12,Mid-Depth,3.41828417426224,0.3015171865683627,10
SA,2019-02-12,Lower Photic,3.250231343030658,0.1780554198907178,10
SA,2019-02-12,Deep,4.331282682267429,2.12899775934243,4
SA,2019-03-12,Surface,7.814047928189458,5.290306043316015,10
SA,2019-03-12,Mid-Depth,3.103211173818074,0.5742382201165499,10
SA,2019-03-12,Lower Photic,3.396465523702181,0.685280831154922,10
SA,2019-03-12,Deep,1.6133896744791332,0.8205582342632322,4
SA,2019-04-09,Surface,3.3418016170557943,0.897516603625337,10
SA,2019-04-09,Mid-Depth,2.568784146999403,0.3673893709374797,10
SA,2019-04-09,Lower Photic,2.192880137513177,0.1874821863385626,10
SA,2019-04-09,Deep,1.2970284741415323,0.3287738505848414,4
SA,2019-05-14,Surface,1.760399615041472,0.1886366471627663,10
SA,2019-05-14,Mid-Depth,1.527548072213902,0.2081417076951501,10
SA,2019-05-14,Lower Photic,0.7987877327958229,0.1364594528980046,10
SA,2019-05-14,Deep,0.5650427998291693,0.031423971163809,4
SA,2019-06-12,Surface,1.336600741557334,0.2309988013585629,10
SA,2019-06-12,Mid-Depth,1.5918136835032333,0.0885542067862877,10
SA,2019-06-12,Lower Photic,0.901733854831698,0.1571471079592463,10
SA,2019-06-12,Deep,0.5802093533448988,0.0737003938673294,4
SA,2019-07-12,Surface,2.348391235403748,0.0482741495660515,10
SA,2019-07-12,Mid-Depth,2.044121051714108,0.193996614132865,10
SA,2019-07-12,Lower Photic,1.351413540580777,0.2069549576158171,10
SA,2019-07-12,Deep,0.5894910321293361,0.1770195185455343,4
SA,2019-08-13,Surface,1.3008741274172562,0.0169797247731565,10
SA,2019-08-13,Mid-Depth,1.7216089930632752,0.2052472058757319,10
SA,2019-08-13,Lower Photic,1.559891191256447,0.3286662402670089,10
SA,2019-08-13,Deep,0.6194567126859846,0.1622645715512904,4
SA,2019-09-10,Surface,1.7070135208590158,0.5943944185720492,10
SA,2019-09-10,Mid-Depth,7.41476237350075,9.608683821773129,10
SA,2019-09-10,Lower Photic,3.4927395543334647,1.6527938907850692,10
SA,2019-09-10,Deep,1.473630430294422,1.1235134900395043,4
SA,2020-02-11,Surface,6.817775079328735,8.783577165414783,10
SA,2020-02-11,Mid-Depth,7.55487497263901,1.2933925279342091,10
SA,2020-02-11,Lower Photic,8.09222813634279,0.7668540005163211,10
SA,2020-02-11,Deep,4.1507179166328445,1.126436609567254,4
SA,2020-05-12,Surface,2.074522138005202,0.3567305472192936,10
SA,2020-05-12,Mid-Depth,3.101882836301979,0.1635986435541197,10
SA,2020-05-12,Lower Photic,1.601384045821887,0.6469580071413384,10
SA,2020-05-12,Deep,0.7800797051212617,0.1262191179363636,4
SA,2020-06-09,Surface,2.768513302142617,1.1677722379968842,10
SA,2020-06-09,Mid-Depth,4.199933338571873,0.2695646529577972,10
SA,2020-06-09,Lower Photic,2.6050905649092817,1.414640280618943,10
SA,2020-06-09,Deep,1.1107528315552535,0.6110276957300022,4
SA,2020-07-14,Surface,3.360208299000825,0.4750771848015566,10
SA,2020-07-14,Mid-Depth,3.603102310693687,0.1838311962162475,10
SA,2020-07-14,Lower Photic,1.847180620793872,0.6793662820214261,10
SA,2020-07-14,Deep,0.8944913510540827,0.2829543222695246,4
SA,2020-08-11,Surface,1.674829307558095,0.0260933937798517,10
SA,2020-08-11,Mid-Depth,1.808171173661892,0.1601078337717892,10
SA,2020-08-11,Lower Photic,1.545355992271591,0.6150629043831072,10
SA,2020-08-11,Deep,0.6484146139544033,0.1922587118086906,4
SA,2020-09-08,Surface,1.482193203806359,0.1083305908080898,10
SA,2020-09-08,Mid-Depth,1.5365379643078168,0.1141904141673303,10
SA,2020-09-08,Lower Photic,0.9193694084167124,0.1743783386075866,10
SA,2020-09-08,Deep,0.5611593479213086,0.0362517852745553,4
SA,2020-10-13,Surface,1.362731184728692,0.2496663335394289,10
SA,2020-10-13,Mid-Depth,2.607952943381316,0.4328798954900905,10
SA,2020-10-13,Lower Photic,1.7623666314882371,0.4934262931280949,10
SA,2020-10-13,Deep,0.6021735371463558,0.1496818282136152,4
SA,2020-11-10,Surface,9.514661014562336,0.6495820583690224,10
SA,2020-11-10,Mid-Depth,5.791107587921809,0.8285267901146528,10
SA,2020-11-10,Lower Photic,4.302832840833316,0.9501765627605836,10
SA,2020-11-10,Deep,3.138668703573363,3.2160237302175605,4
SA,2020-12-08,Surface,2.346159692855997,0.0933976597928532,10
SA,2020-12-08,Mid-Depth,2.399402710430792,0.1560720254594968,10
SA,2020-12-08,Lower Photic,2.510686707117799,0.1125326379743664,10
SA,2020-12-08,Deep,1.518933120627335,0.7987553487996698,4
SA,2021-01-19,Surface,2.6840776073798533,0.886241684424324,10
SA,2021-01-19,Mid-Depth,3.777258195061256,0.3010059528854471,10
SA,2021-01-19,Lower Photic,3.81723443849071,0.2414435414893134,10
SA,2021-01-19,Deep,3.7309133522120415,0.2442189161991722,4
SA,2021-02-16,Surface,3.379432068765972,0.910629983277561,10
SA,2021-02-16,Mid-Depth,3.86528773116857,0.30157434108403,10
SA,2021-02-16,Lower Photic,2.582290988017096,0.3367368405227349,10
SA,2021-02-16,Deep,1.8641431644183055,0.5087070739571556,4
SA,2021-03-16,Surface,3.135489515498881,0.19190385933312,10
SA,2021-03-16,Mid-Depth,2.244651224234037,0.3173030179424891,10
SA,2021-03-16,Lower Photic,1.611949442733979,0.1419410010076751,10
SA,2021-03-16,Deep,1.2410642371156777,0.0825264629303513,4
SA,2021-04-13,Surface,3.14644322644776,0.8098358939987778,10
SA,2021-04-13,Mid-Depth,3.1682203028508065,0.5475062707466022,10
SA,2021-04-13,Lower Photic,2.009615692161278,0.1803367629576386,10
SA,2021-04-13,Deep,1.570613221343759,0.0468338566880229,4
SA,2021-05-11,Surface,1.4306587364361367,0.4100602031460576,10
SA,2021-05-11,Mid-Depth,2.838991367649506,0.5332376966473609,10
SA,2021-05-11,Lower Photic,1.242262779172972,0.1835629013515412,10
SA,2021-05-11,Deep,0.7503464132571384,0.2869744374716961,4
SA,2021-06-08,Surface,1.4064873979136563,0.3382745352837247,10
SA,2021-06-08,Mid-Depth,1.646038253879825,0.1899817824044185,10
SA,2021-06-08,Lower Photic,1.0445253021918233,0.2201941050871737,10
SA,2021-06-08,Deep,0.6388788854140082,0.0905777219524663,4
SA,2021-07-13,Surface,1.979374414218464,0.064825354420112,10
SA,2021-07-13,Mid-Depth,2.15144023178227,0.1923714939405731,10
SA,2021-07-13,Lower Photic,1.811226891253419,0.5365112235858154,10
SA,2021-07-13,Deep,0.7491673654472031,0.2304866381566019,4
SA,2021-08-10,Surface,1.1373086230110685,0.4060616858888617,10
SA,2021-08-10,Mid-Depth,1.8477183907898271,0.1295049134363281,10
SA,2021-08-10,Lower Photic,1.5364102130384332,0.3554091116381483,10
SA,2021-08-10,Deep,0.7103977678891774,0.2421620495510909,4
SA,2021-09-07,Surface,1.6937075799950114,0.7761581382547474,10
SA,2021-09-07,Mid-Depth,2.9706514245300566,0.3235487983921971,10
SA,2021-09-07,Lower Photic,1.9642999607810665,0.2879664979914386,10
SA,2021-09-07,Deep,0.8039315922527281,0.1784461718001298,4
SA,2021-10-12,Surface,2.2831870613484093,0.7540953909383398,10
SA,2021-10-12,Mid-Depth,3.435739649174888,0.162737093166551,10
SA,2021-10-12,Lower Photic,3.033711633551812,0.4265558322826676,10
SA,2021-10-12,Deep,1.2283995634765814,0.4921719759421588,4
SA,2021-11-09,Surface,6.724386148914741,7.163337556890997,10
SA,2021-11-09,Mid-Depth,6.922864117636583,0.3395839663516315,10
SA,2021-11-09,Lower Photic,7.576431292041479,0.7087798977672332,10
SA,2021-11-09,Deep,2.219088591981948,1.6975650471017096,4
SA,2021-12-07,Surface,2.641214477956673,0.9167031824393408,10
SA,2021-12-07,Mid-Depth,9.911594147264548,6.675983783523737,10
SA,2021-12-07,Lower Photic,10.512919168230578,0.6681130586502383,10
SA,2021-12-07,Deep,9.369790281614714,3.802027834117786,4
SA,2022-01-18,Surface,2.2163984570731463,0.8482297919438432,10
SA,2022-01-18,Mid-Depth,3.138322615816378,0.2876594618487733,10
SA,2022-01-18,Lower Photic,1.7963386969273931,0.271701054111613,10
SA,2022-01-18,Deep,1.057948013095522,0.2685525217481256,4
SA,2022-02-08,Surface,2.453386320778011,0.8811766865393902,10
SA,2022-02-08,Mid-Depth,3.314302604154453,0.1814439758748473,10
SA,2022-02-08,Lower Photic,3.239614030849335,0.1916971659065041,10
SA,2022-02-08,Deep,5.323678528994886,2.7480578680952323,4
SA,2022-03-08,Surface,2.6162426965416765,0.9838624894134556,10
SA,2022-03-08,Mid-Depth,1.5452258786716278,0.3173877109409357,10
SA,2022-03-08,Lower Photic,0.9617299746672392,0.1170713478705984,10
SA,2022-03-08,Deep,0.7243383557003952,0.0688002238366385,4
SA,2022-04-05,Surface,2.121317361000498,0.5560941249578449,10
SA,2022-04-05,Mid-Depth,3.374976476268614,0.6550806545897724,10
SA,2022-04-05,Lower Photic,3.016243492385115,0.8050390718411669,10
SA,2022-04-05,Deep,1.3784103076375076,0.353465116780392,4
SA,2022-05-10,Surface,1.6944912085333192,0.4026419361997285,10
SA,2022-05-10,Mid-Depth,1.9768739645495144,0.1662689927923087,10
SA,2022-05-10,Lower Photic,1.23525769201575,0.1628207824970222,10
SA,2022-05-10,Deep,0.7234858685035395,0.2383022803439566,4
SA,2022-06-14,Surface,1.905614482951934,0.1208754013025455,10
SA,2022-06-14,Mid-Depth,2.278477970304554,0.35749488218731,10
SA,2022-06-14,Lower Photic,1.6857007868516607,0.5611905957970206,10
SA,2022-06-14,Deep,0.6693651800585554,0.1959592707871784,4
SA,2022-07-12,Surface,1.6120014293767828,0.3123677324925441,10
SA,2022-07-12,Mid-Depth,1.7210961575625077,0.0860349660378614,10
SA,2022-07-12,Lower Photic,1.3238522372597992,0.1347813206128006,10
SA,2022-07-12,Deep,0.6862499019999763,0.2326783602882003,4
SA,2022-08-09,Surface,1.895803955199936,0.3167338712071623,10
SA,2022-08-09,Mid-Depth,2.341983318756034,0.1532536931415422,10
SA,2022-08-09,Lower Photic,1.9444940429471007,0.3039874956121073,10
SA,2022-08-09,Deep,0.7585238962925281,0.3260648786975297,4
SA,2022-09-06,Surface,1.7484837194527705,0.4926070770500102,10
SA,2022-09-06,Mid-Depth,2.39621966478001,0.1547759720900903,10
SA,2022-09-06,Lower Photic,1.68256562558602,0.1784654537427872,10
SA,2022-09-06,Deep,0.804081905411087,0.3643885403478937,4
SA,2022-10-18,Surface,2.969971890203756,1.132396118579127,10
SA,2022-10-18,Mid-Depth,3.222131053960535,0.5671235388438858,10
SA,2022-10-18,Lower Photic,2.4105471362593667,0.2123266816640784,10
SA,2022-10-18,Deep,1.0476474327554337,0.3981146874270552,4
SA,2022-11-08,Surface,2.414392746325345,0.7168480752013242,10
SA,2022-11-08,Mid-Depth,2.4535756107629467,0.4004056922572682,10
SA,2022-11-08,Lower Photic,1.246891412580723,0.2276639798489907,10
SA,2022-11-08,Deep,0.7695064940812716,0.25019058774521,4
SA,2022-12-06,Surface,1.9539234963213872,0.6213398157119481,10
SA,2022-12-06,Mid-Depth,2.529173662209488,0.1000732317031525,10
SA,2022-12-06,Lower Photic,2.484127328541512,0.1698515971053608,10
SA,2022-12-06,Deep,1.9136389549635653,0.605977334048799,4
SA,2023-01-17,Surface,2.404316625794236,0.4546891232316619,10
SA,2023-01-17,Mid-Depth,2.718232118092353,0.080577908834027,10
SA,2023-01-17,Lower Photic,2.31220518896788,0.1710516359164207,10
SA,2023-01-17,Deep,1.815748848079603,0.391994894677233,4
SA,2023-02-14,Surface,2.3199062616006096,0.8515004363891087,10
SA,2023-02-14,Mid-Depth,6.854829328716238,6.534604964384501,10
SA,2023-02-14,Lower Photic,3.7852874642242407,0.9433415175736892,10
SA,2023-02-14,Deep,3.621790715390214,0.0987550753096502,4
SA,2023-03-14,Surface,4.790844511402035,5.8206331778175855,10
SA,2023-03-14,Mid-Depth,4.406903492829568,3.646817224342881,10
SA,2023-03-14,Lower Photic,5.662119385307709,7.598218800201688,10
SA,2023-03-14,Deep,2.221753663041897,0.8592868583903088,4
SA,2023-04-11,Surface,1.948239141152633,0.645504680704302,10
SA,2023-04-11,Mid-Depth,2.445948941068547,0.1311067867020381,10
SA,2023-04-11,Lower Photic,2.1924950489307,0.2214806146043945,10
SA,2023-04-11,Deep,0.9147873176234068,0.3218906860371501,4
SA,2023-05-09,Surface,1.287146305094742,0.5068557290672944,10
SA,2023-05-09,Mid-Depth,2.183762396904632,0.1494781356318153,10
SA,2023-05-09,Lower Photic,2.0104486452127426,0.427164589474507,10
SA,2023-05-09,Deep,0.8225609924023811,0.3020578595932203,4
SA,2023-06-13,Surface,1.6197320589932969,0.5086940753276197,10
SA,2023-06-13,Mid-Depth,2.4272643983642053,0.288459592558311,10
SA,2023-06-13,Lower Photic,1.5064226635845548,0.2560760004043664,10
SA,2023-06-13,Deep,0.6478006336111012,0.2041881612790768,4
SA,2023-07-18,Surface,2.203525876881731,0.876324159299236,10
SA,2023-07-18,Mid-Depth,3.797017463644731,0.2219385380563198,10
SA,2023-07-18,Lower Photic,7.086284393002543,7.84415888767178,10
SA,2023-07-18,Deep,1.4091060167443898,1.4733132493696572,4
SA,2023-08-16,Surface,2.361199288178912,1.112163314512947,10
SA,2023-08-16,Mid-Depth,3.9462525344959736,0.2938723379107376,10
SA,2023-08-16,Lower Photic,2.275367890812708,0.6071734502202637,10
SA,2023-08-16,Deep,0.9601066393212794,0.2626474401211649,4
SA,2023-09-05,Surface,2.0972118037039693,0.5999397064225679,10
SA,2023-09-05,Mid-Depth,2.98808729728618,0.2766678848539289,10
SA,2023-09-05,Lower Photic,1.453374013148505,0.4521343191571762,10
SA,2023-09-05,Deep,0.5862520511211652,0.1719280690106908,4
SA,2023-10-18,Surface,19.306422639294446,5.664830650504348,10
SA,2023-10-18,Mid-Depth,34.15525833877947,3.161781037029201,10
SA,2023-10-18,Lower Photic,26.273881279252613,6.763418791420358,10
SA,2023-10-18,Deep,5.809064741616869,2.50841841561527,4
SA,2023-11-14,Surface,2.4456328520319497,0.4629872927257624,10
SA,2023-11-14,Mid-Depth,6.76303936580126,5.808625098531243,10
SA,2023-11-14,Lower Photic,5.351732373047787,3.946038665183465,10
SA,2023-11-14,Deep,2.0867062631691704,1.5151781421782924,4
SA,2023-12-05,Surface,2.845376781807866,0.7629808299269701,10
SA,2023-12-05,Mid-Depth,4.36372266057906,1.9116213061131264,10
SA,2023-12-05,Lower Photic,4.407944066129266,1.7899100786515212,10
SA,2023-12-05,Deep,3.0533903590587688,2.054437080666008,4
WG,2014-02-19,Surface,4.042377,0.2465992492058499,10
WG,2014-02-19,Mid-Depth,4.6726295504782245,0.5052036848231332,10
WG,2014-02-19,Lower Photic,3.5055901225763515,0.3464475481309935,10
WG,2014-02-19,Deep,0.7404514376245722,0.8096762149008797,23
WG,2014-03-26,Surface,2.8564000000000003,1.6629201367083024,10
WG,2014-03-26,Mid-Depth,0.9003333333333334,0.2837917598574049,10
WG,2014-03-26,Lower Photic,1.811525933810591,0.2476052415752955,10
WG,2014-03-26,Deep,0.6346431480269273,0.3904374286987154,23
WG,2014-04-23,Surface,0.550778,0.1498927303700142,10
WG,2014-04-23,Mid-Depth,0.7449999999999999,0.0383695481107378,10
WG,2014-04-23,Lower Photic,0.8109999999999999,0.0242441287279575,10
WG,2014-04-23,Deep,0.1878542586554804,0.2410040862760677,23
WG,2014-04-27,Surface,0.7299364654939083,0.0911075853204157,10
WG,2014-04-27,Mid-Depth,0.947,0.3543711174586451,10
WG,2014-04-27,Lower Photic,1.074,0.0414192655120241,10
WG,2014-04-27,Deep,0.2171680332619483,0.2588259698436941,23
WG,2014-06-25,Surface,0.359,0.0536345659688476,10
WG,2014-06-25,Mid-Depth,0.5690000000000001,0.0595259047250298,10
WG,2014-06-25,Lower Photic,0.7990000000000002,0.0720262297901103,10
WG,2014-06-25,Deep,0.1408850940970082,0.0963226252902036,23
WG,2014-07-23,Surface,0.5650000000000001,0.0609644705272396,10
WG,2014-07-23,Mid-Depth,0.712,0.0147572957474524,10
WG,2014-07-23,Lower Photic,0.7150000000000001,0.0201384099559909,10
WG,2014-07-23,Deep,0.1629571620144972,0.172453905477583,23
WG,2014-08-13,Surface,0.474,0.0953589709116731,10
WG,2014-08-13,Mid-Depth,1.048,0.2791176573896152,10
WG,2014-08-13,Lower Photic,1.269,0.0568526360182377,10
WG,2014-08-13,Deep,0.1991805435016875,0.2410315051398919,23
WG,2014-09-09,Surface,1.1949999999999998,0.5567215541802643,10
WG,2014-09-09,Mid-Depth,2.1220000000000003,0.0234757558155453,10
WG,2014-09-09,Lower Photic,2.216,0.4645475696249464,10
WG,2014-09-09,Deep,0.3248964756116633,0.2003107434212644,23
WG,2014-09-25,Surface,1.585,0.803122378940816,10
WG,2014-09-25,Mid-Depth,2.908333333333333,0.2618134761548692,10
WG,2014-09-25,Lower Photic,2.6536666666666666,0.7126276363909473,10
WG,2014-09-25,Deep,0.269649416194594,0.1891814052959542,23
WG,2014-10-08,Surface,2.211,0.3800131576669419,10
WG,2014-10-08,Mid-Depth,3.1979999999999995,0.4180058479123095,10
WG,2014-10-08,Lower Photic,3.321125,0.6767375912132494,10
WG,2014-10-08,Deep,0.2542047615690755,0.145820022931699,23
WG,2014-11-12,Surface,1.8090000000000004,0.3382454729926182,10
WG,2014-11-12,Mid-Depth,2.3025,0.3031363829477858,10
WG,2014-11-12,Lower Photic,2.907,0.0541705126839726,10
WG,2014-11-12,Deep,0.3192603298387106,0.3164082149404398,23
WG,2014-12-09,Surface,2.5695,0.4617626254064119,10
WG,2014-12-09,Mid-Depth,3.0355000000000003,0.2188410128127013,10
WG,2014-12-09,Lower Photic,3.382,0.1204436244334529,10
WG,2014-12-09,Deep,0.72032606833957,1.0803516481262287,23
WG,2015-01-14,Surface,1.963,0.1929334945864335,10
WG,2015-01-14,Mid-Depth,2.337,0.0573585215987999,10
WG,2015-01-14,Lower Photic,2.437,0.221412134566589,10
WG,2015-01-14,Deep,1.1856330458848128,1.099088546151047,23
WG,2015-02-11,Surface,5.936,0.3111341261328375,10
WG,2015-02-11,Mid-Depth,6.584999999999999,0.2368426575692066,10
WG,2015-02-11,Lower Photic,4.25,1.1998611030726292,10
WG,2015-02-11,Deep,0.7900000672360525,0.2465920388862937,23
WG,2015-03-11,Surface,1.928,0.6273542327372418,10
WG,2015-03-11,Mid-Depth,3.211,0.3846629115934568,10
WG,2015-03-11,Lower Photic,5.943999999999999,0.965185071487444,10
WG,2015-03-11,Deep,1.4554478496971346,1.0967529491519152,23
WG,2015-04-14,Surface,0.29,0.0630696264280816,10
WG,2015-04-14,Mid-Depth,0.642,0.1303670033235233,10
WG,2015-04-14,Lower Photic,0.8020000000000002,0.0139841179756019,10
WG,2015-04-14,Deep,0.2303717266165705,0.2177330023072325,23
WG,2015-05-05,Surface,0.535,0.1140419026303733,10
WG,2015-05-05,Mid-Depth,0.729,0.0369534241384416,10
WG,2015-05-05,Lower Photic,0.953,0.1987209098207835,10
WG,2015-05-05,Deep,0.2296661486562166,0.2770059126121686,23
WG,2015-06-09,Surface,0.298,0.0376533899905144,10
WG,2015-06-09,Mid-Depth,0.501,0.0615449248742557,10
WG,2015-06-09,Lower Photic,0.679,0.0568526360182377,10
WG,2015-06-09,Deep,0.1893113381465127,0.1782439051402865,23
WG,2015-07-15,Surface,0.445,0.0724568837309472,10
WG,2015-07-15,Mid-Depth,0.631,0.0510881590977791,10
WG,2015-07-15,Lower Photic,0.8959999999999999,0.0875848794662133,10
WG,2015-07-15,Deep,0.2775894436499238,0.3329359540830449,23
WG,2015-08-11,Surface,1.003,0.4187826272529567,10
WG,2015-08-11,Mid-Depth,1.8060000000000005,0.046475800154489,10
WG,2015-08-11,Lower Photic,1.41,0.3060864075533066,10
WG,2015-08-11,Deep,0.3503615108116419,0.2905390894380988,23
WG,2015-09-09,Surface,2.314,0.4228001892147164,10
WG,2015-09-09,Mid-Depth,2.8245,0.2953383182423543,10
WG,2015-09-09,Lower Photic,2.22,0.8594069157934326,10
WG,2015-09-09,Deep,0.3401712825960463,0.24264445144584,23
WG,2015-10-07,Surface,1.213,0.2639886361190572,10
WG,2015-10-07,Mid-Depth,1.65,0.0216024689946928,10
WG,2015-10-07,Lower Photic,1.412,0.3688661304893988,10
WG,2015-10-07,Deep,0.2860640140952543,0.1456165590909379,23
WG,2015-12-08,Surface,2.06,0.3287349489583768,10
WG,2015-12-08,Mid-Depth,2.203,0.1169092715646529,10
WG,2015-12-08,Lower Photic,2.2059999999999995,0.1484138358330066,10
WG,2015-12-08,Deep,0.3843047439459569,0.434076052318891,23
WG,2016-01-20,Surface,1.983,0.2098173809133393,10
WG,2016-01-20,Mid-Depth,2.3775000000000004,0.4225928563312709,10
WG,2016-01-20,Lower Photic,2.313,0.479259846012578,10
WG,2016-01-20,Deep,0.4446811594202897,0.516221239845167,23
WG,2016-02-17,Surface,4.132,0.2181640565160897,10
WG,2016-02-17,Mid-Depth,4.01,0.323041105055619,10
WG,2016-02-17,Lower Photic,2.9563333333333337,0.2533084512363612,10
WG,2016-02-17,Deep,0.518231884057971,0.6742071170752915,23
WG,2016-03-01,Surface,3.272,0.5343166860464441,10
WG,2016-03-01,Mid-Depth,3.859,0.0338132124077754,10
WG,2016-03-01,Lower Photic,4.151999999999999,0.1796787256311789,10
WG,2016-03-01,Deep,0.8041408837721299,1.055631877732469,23
WG,2016-03-09,Surface,3.144,0.1509378091209164,10
WG,2016-03-09,Mid-Depth,3.881,0.3000907270217533,10
WG,2016-03-09,Lower Photic,2.882,1.3066479590497544,10
WG,2016-03-09,Deep,0.4360289855072463,0.4274617699610304,23
WG,2016-04-13,Surface,2.1990000000000003,0.5105215198424277,10
WG,2016-04-13,Mid-Depth,2.568,0.1831696238766436,10
WG,2016-04-13,Lower Photic,1.7860000000000005,0.5663960137963936,10
WG,2016-04-13,Deep,0.2385939967673329,0.1607004003302147,23
WG,2016-05-18,Surface,0.4519999999999999,0.065455667779379,10
WG,2016-05-18,Mid-Depth,0.74,0.1740370330960881,10
WG,2016-05-18,Lower Photic,1.094,0.1232161605562444,10
WG,2016-05-18,Deep,0.1220869565217391,0.1175043183127087,23
WG,2016-06-15,Surface,0.558,0.1573248585288132,10
WG,2016-06-15,Mid-Depth,0.8619999999999999,0.080938934457473,10
WG,2016-06-15,Lower Photic,1.362,0.3488966736569566,10
WG,2016-06-15,Deep,0.2299999999999999,0.2572448230575282,23
WG,2016-07-13,Surface,0.398,0.1035803499168104,10
WG,2016-07-13,Mid-Depth,0.666,0.0241292814278051,10
WG,2016-07-13,Lower Photic,0.8350000000000002,0.1040566085252531,10
WG,2016-07-13,Deep,0.1427246376811593,0.2089084583288877,23
WG,2016-08-10,Surface,0.374,0.1356629811129198,10
WG,2016-08-10,Mid-Depth,0.8029999999999999,0.0938142372516619,10
WG,2016-08-10,Lower Photic,1.066,0.0638052592746954,10
WG,2016-08-10,Deep,0.1479565217391304,0.2193645161666042,23
WG,2016-09-07,Surface,0.4269999999999999,0.1273708496216199,10
WG,2016-09-07,Mid-Depth,0.777,0.0323350515007407,10
WG,2016-09-07,Lower Photic,0.903,0.1022035007010795,10
WG,2016-09-07,Deep,0.1435507246376811,0.1471457948305684,23
WG,2016-10-12,Surface,0.626,0.0295145914949049,10
WG,2016-10-12,Mid-Depth,0.771,0.1873469745923026,10
WG,2016-10-12,Lower Photic,0.7610000000000001,0.0172884033065199,10
WG,2016-10-12,Deep,0.109086956521739,0.128257876966495,23
WG,2016-11-09,Surface,0.728,0.114968594745599,10
WG,2016-11-09,Mid-Depth,1.005,0.0190029237516523,10
WG,2016-11-09,Lower Photic,1.03,0.0244948974278318,10
WG,2016-11-09,Deep,0.1475797101449275,0.2426025601593514,23
WG,2016-12-05,Surface,1.411,0.1252952069669421,10
WG,2016-12-05,Mid-Depth,1.573,0.141503827981201,10
WG,2016-12-05,Lower Photic,2.066,0.4409635913416082,10
WG,2016-12-05,Deep,0.3197275106385751,0.4548452978353212,23
WG,2017-02-08,Surface,1.04,0.0408248290463863,10
WG,2017-02-08,Mid-Depth,1.086,0.0462361090250658,10
WG,2017-02-08,Lower Photic,1.122,0.0154919333848295,10
WG,2017-02-08,Deep,0.6122113689696758,0.2868737115285145,23
WG,2017-03-14,Surface,1.392,0.0923519836759822,10
WG,2017-03-14,Mid-Depth,1.7719999999999998,0.1964575159049802,10
WG,2017-03-14,Lower Photic,1.47,0.3552463933666322,10
WG,2017-03-14,Deep,0.3037581577940436,0.2188658814735924,23
WG,2017-04-19,Surface,0.324,0.0347051068928543,10
WG,2017-04-19,Mid-Depth,0.3970000000000001,0.0141813649241217,10
WG,2017-04-19,Lower Photic,0.483,0.0447337804249887,10
WG,2017-04-19,Deep,0.1296688523609199,0.1667920865013474,23
WG,2017-05-17,Surface,0.409,0.0324722103412201,10
WG,2017-05-17,Mid-Depth,0.437,0.0048304589153964,10
WG,2017-05-17,Lower Photic,0.4639999999999999,0.0591044273581373,10
WG,2017-05-17,Deep,0.121463768115942,0.155339047206992,23
WG,2017-06-21,Surface,0.614,0.1083410253679453,10
WG,2017-06-21,Mid-Depth,0.993,0.1059402347237976,10
WG,2017-06-21,Lower Photic,1.086,0.0660302960768766,10
WG,2017-06-21,Deep,0.1158460211811605,0.1163593761127221,23
WG,2017-07-12,Surface,0.5269999999999999,0.0469160005873381,10
WG,2017-07-12,Mid-Depth,0.5810000000000001,0.0544569146716517,10
WG,2017-07-12,Lower Photic,0.349,0.0783794190673376,10
WG,2017-07-12,Deep,0.0748649391365978,0.0296459956803794,23
WG,2017-08-09,Surface,0.674,0.0516827931821714,10
WG,2017-08-09,Mid-Depth,0.826,0.0320416395751944,10
WG,2017-08-09,Lower Photic,0.724,0.1163519564845292,10
WG,2017-08-09,Deep,0.0863017395169477,0.0910065992902542,23
WG,2017-09-13,Surface,0.974,0.0968618718703196,10
WG,2017-09-13,Mid-Depth,0.907,0.2220635544663334,10
WG,2017-09-13,Lower Photic,0.321,0.0422821212544708,10
WG,2017-09-13,Deep,0.0862700733975327,0.046287606049653,23
WG,2017-10-13,Surface,0.6060000000000001,0.0784856674813943,10
WG,2017-10-13,Mid-Depth,0.795,0.1049073665457081,10
WG,2017-10-13,Lower Photic,0.997,0.0444847039878753,10
WG,2017-10-13,Deep,0.08656986433196,0.0984173402547745,23
WG,2017-11-08,Surface,1.108,0.2577164678047908,10
WG,2017-11-08,Mid-Depth,1.5240000000000002,0.1791461228531986,10
WG,2017-11-08,Lower Photic,1.939,0.2546217237829918,10
WG,2017-11-08,Deep,0.2481567097712399,0.432585445392917,23
WG,2017-12-14,Surface,2.5860000000000003,0.3451634073562518,10
WG,2017-12-14,Mid-Depth,3.075,0.3609093453425051,10
WG,2017-12-14,Lower Photic,3.183,0.1019858377967799,10
WG,2017-12-14,Deep,0.5190917844022144,0.8213598263754018,23
WG,2018-01-11,Surface,5.3105531504883645,0.052077107486186,10
WG,2018-01-11,Mid-Depth,5.688240281690459,0.0889719422279322,10
WG,2018-01-11,Lower Photic,5.618756277828416,0.1179057107967018,10
WG,2018-01-11,Deep,1.451256217297061,1.9644133971408209,23
WG,2018-02-07,Surface,4.505032748524064,0.971829937862399,10
WG,2018-02-07,Mid-Depth,6.801609533710748,0.411413678530165,10
WG,2018-02-07,Lower Photic,6.774494817250951,0.4175125792543172,10
WG,2018-02-07,Deep,1.3702024984621497,0.7915224757945066,23
WG,2018-02-28,Surface,3.3433090918648345,0.2122549541024889,10
WG,2018-02-28,Mid-Depth,3.827637874618717,0.2022676787877196,10
WG,2018-02-28,Lower Photic,2.512756729751,0.4530622296009902,10
WG,2018-02-28,Deep,0.6863076893451474,0.2351376606740838,23
WG,2018-03-15,Surface,5.679800016141051,0.2426108923077167,10
WG,2018-03-15,Mid-Depth,6.897336470864007,0.8401331742846389,10
WG,2018-03-15,Lower Photic,7.047080096739107,0.8932153003812272,10
WG,2018-03-15,Deep,0.7149892462200858,0.5798369150057875,23
WG,2018-04-12,Surface,1.382873583998196,0.0565829838815156,10
WG,2018-04-12,Mid-Depth,1.7372469058779771,0.149494623874767,10
WG,2018-04-12,Lower Photic,1.8347205860627027,0.1066947179424829,10
WG,2018-04-12,Deep,0.477818113420881,0.1916542693909768,23
WG,2018-05-16,Surface,1.370073318972941,0.1848137346044628,10
WG,2018-05-16,Mid-Depth,1.771278344468671,0.0616883384457223,10
WG,2018-05-16,Lower Photic,1.763338188712868,0.0642399749678417,10
WG,2018-05-16,Deep,0.4631589435992998,0.2662219139584027,23
WG,2018-06-13,Surface,0.8626307366458121,0.0997886062633782,10
WG,2018-06-13,Mid-Depth,1.177996982823793,0.0858983256153763,10
WG,2018-06-13,Lower Photic,1.3811038640156752,0.0564731341612303,10
WG,2018-06-13,Deep,0.4598095478046474,0.2311726992594317,23
WG,2018-07-18,Surface,1.103682995263243,0.0266363945643213,10
WG,2018-07-18,Mid-Depth,1.158706919439914,0.0220153495654678,10
WG,2018-07-18,Lower Photic,1.6992423959024023,0.3875980877155783,10
WG,2018-07-18,Deep,0.4715987358606273,0.3541285782949195,23
WG,2018-08-16,Surface,0.7164284585515958,0.1559280759893762,10
WG,2018-08-16,Mid-Depth,0.9576136825193212,0.0603973926873865,10
WG,2018-08-16,Lower Photic,1.7155247094586472,0.3756877817719252,10
WG,2018-08-16,Deep,0.5321117018457425,0.4156056949018237,23
WG,2018-09-12,Surface,0.9828219941238664,0.0776239742783512,10
WG,2018-09-12,Mid-Depth,1.244304555678802,0.072643292385814,10
WG,2018-09-12,Lower Photic,1.6255408002951213,0.1836449423816303,10
WG,2018-09-12,Deep,0.5020988974123658,0.30521274592632,23
WG,2018-09-24,Surface,2.100122293977437,0.1589944280341158,10
WG,2018-09-24,Mid-Depth,1.8359173344129889,0.4050262685394445,10
WG,2018-09-24,Lower Photic,0.9773544866432397,0.0628944455917661,10
WG,2018-09-24,Deep,0.4340736946397214,0.1046311100119044,23
WG,2018-10-10,Surface,8.29949773003855,3.0881913569634785,10
WG,2018-10-10,Mid-Depth,5.5764417691017885,0.7697581487864551,10
WG,2018-10-10,Lower Photic,4.6209177885035375,0.7487349422383202,10
WG,2018-10-10,Deep,0.5447084010997542,0.3778253085678217,23
WG,2018-11-14,Surface,2.588485818361907,0.75568772476167,10
WG,2018-11-14,Mid-Depth,3.4383459253459128,0.1855354856681264,10
WG,2018-11-14,Lower Photic,3.149022442961131,0.6462437425238966,10
WG,2018-11-14,Deep,0.5024035175953746,0.3198473008938106,23
WG,2018-12-12,Surface,2.051809134005416,0.3458178169444437,10
WG,2018-12-12,Mid-Depth,2.2850109864382544,0.0351997029842944,10
WG,2018-12-12,Lower Photic,2.3162256381711237,0.0309587521514624,10
WG,2018-12-12,Deep,0.5843751307418009,0.4905613523674199,23
WG,2019-02-12,Surface,2.9635680663467947,0.2532061948551522,10
WG,2019-02-12,Mid-Depth,1.903353927841752,0.224031537839292,10
WG,2019-02-12,Lower Photic,1.8618251416354876,0.1321961691427809,10
WG,2019-02-12,Deep,0.8126483764662054,0.6653428018035417,23
WG,2019-03-12,Surface,3.096689599282983,0.4268874982642156,10
WG,2019-03-12,Mid-Depth,3.146622887345037,0.4392621422631547,10
WG,2019-03-12,Lower Photic,1.528408365890563,0.2344918756727231,10
WG,2019-03-12,Deep,0.4641480972157009,0.1967568702660393,23
WG,2019-04-09,Surface,2.7508672427344933,0.813093046171332,10
WG,2019-04-09,Mid-Depth,3.5923097190398527,0.5166724512303024,10
WG,2019-04-09,Lower Photic,1.618225434679383,0.4230777793059873,10
WG,2019-04-09,Deep,0.4445862802272874,0.1238424153845626,23
WG,2019-05-14,Surface,1.1688695104480158,0.0154139912958805,10
WG,2019-05-14,Mid-Depth,1.15164208882869,0.0333921329871328,10
WG,2019-05-14,Lower Photic,1.107324742584661,0.0389442107778118,10
WG,2019-05-14,Deep,0.4085385621471873,0.0908264754404898,23
WG,2019-06-12,Surface,0.8419867776592213,0.0899244767668172,10
WG,2019-06-12,Mid-Depth,1.1155937356856305,0.1116001447646767,10
WG,2019-06-12,Lower Photic,1.4955793408602591,0.1046584933933655,10
WG,2019-06-12,Deep,0.4381965688855138,0.1332030383865733,23
WG,2019-07-12,Surface,1.370242450252132,0.0133431834469832,10
WG,2019-07-12,Mid-Depth,1.44004687596207,0.0192682653300528,10
WG,2019-07-12,Lower Photic,2.369443608648647,0.6083798848217932,10
WG,2019-07-12,Deep,0.5058346617468178,0.3736804108569556,23
WG,2019-08-13,Surface,1.18029483199129,0.067979901496607,10
WG,2019-08-13,Mid-Depth,1.3665641128835009,0.1240504422338249,10
WG,2019-08-13,Lower Photic,2.18752485817782,0.2638964045307668,10
WG,2019-08-13,Deep,0.4870803261990266,0.2864809878290285,23
WG,2019-09-10,Surface,0.9874034629211356,0.2480240255053866,10
WG,2019-09-10,Mid-Depth,1.1965765860352398,0.0576172195611376,10
WG,2019-09-10,Lower Photic,1.99741400247146,0.5202549577831053,10
WG,2019-09-10,Deep,0.49333378023891,0.2627978616938773,23
WG,2020-01-23,Surface,3.191409045091518,0.1100061168544681,10
WG,2020-01-23,Mid-Depth,3.338787096733809,0.021179025065906,10
WG,2020-01-23,Lower Photic,3.282318988407293,0.0567264110269842,10
WG,2020-01-23,Deep,0.9067747550661472,0.9481956712308812,23
WG,2020-02-11,Surface,2.992767965359481,0.396657571168472,10
WG,2020-02-11,Mid-Depth,5.106323633695529,2.7489804007230467,10
WG,2020-02-11,Lower Photic,8.969778294595027,2.908496624195903,10
WG,2020-02-11,Deep,0.9016887645331564,0.9285434074253096,23
WG,2020-03-10,Surface,2.870703458557061,0.1052209687189139,10
WG,2020-03-10,Mid-Depth,3.0867657910833386,0.0698322161728927,10
WG,2020-03-10,Lower Photic,3.256861381243695,0.0937772295348589,10
WG,2020-03-10,Deep,0.9925413235688432,1.0290789657361363,23
WG,2020-04-14,Surface,1.329314454010969,0.098418656813748,10
WG,2020-04-14,Mid-Depth,2.225919888544295,0.4992343100227033,10
WG,2020-04-14,Lower Photic,3.2986998533922858,0.1608065965624303,10
WG,2020-04-14,Deep,0.6238371279267002,0.4130506308417632,23
WG,2020-05-12,Surface,1.8011647997416698,0.014945776622838,10
WG,2020-05-12,Mid-Depth,2.419504394808402,0.5179787815838263,10
WG,2020-05-12,Lower Photic,3.279659905098889,0.4294453773738767,10
WG,2020-05-12,Deep,0.5738669293467207,0.2890223090479992,23
WG,2020-06-09,Surface,2.434165961975853,0.5743572039933358,10
WG,2020-06-09,Mid-Depth,3.581824859440704,0.1471057687546478,10
WG,2020-06-09,Lower Photic,7.216399410815077,3.413883337292212,10
WG,2020-06-09,Deep,0.556345662581077,0.201567135518999,23
WG,2020-07-14,Surface,1.532446148854546,0.2145556056471224,10
WG,2020-07-14,Mid-Depth,2.893350122236858,1.3971206521111477,10
WG,2020-07-14,Lower Photic,9.964533935400992,3.78946767306022,10
WG,2020-07-14,Deep,0.588235941892189,0.4645723946091065,23
WG,2020-08-11,Surface,1.3407922333189115,0.0139726324454885,10
WG,2020-08-11,Mid-Depth,1.419560045093654,0.1285582237863698,10
WG,2020-08-11,Lower Photic,2.1237072810819524,0.1007156761585987,10
WG,2020-08-11,Deep,0.5600637752494505,0.3526885972150823,23
WG,2020-09-08,Surface,1.107175260552559,0.0881515261399401,10
WG,2020-09-08,Mid-Depth,1.262473051732485,0.0320282418539245,10
WG,2020-09-08,Lower Photic,1.529113593077826,0.0749776974947269,10
WG,2020-09-08,Deep,0.5238629089197702,0.2367814131009683,23
WG,2020-10-13,Surface,1.193885241526715,0.1145696425644846,10
WG,2020-10-13,Mid-Depth,1.394928229986339,0.0390312810968714,10
WG,2020-10-13,Lower Photic,1.733820563226364,0.0953602053208575,10
WG,2020-10-13,Deep,0.5692676246576023,0.2433641845131038,23
WG,2020-11-10,Surface,1.744856796586302,0.1052231789767055,10
WG,2020-11-10,Mid-Depth,2.043717856134096,0.0927653223687965,10
WG,2020-11-10,Lower Photic,2.47274113102166,0.0840779084390769,10
WG,2020-11-10,Deep,0.5412222239490656,0.3335091151876246,23
WG,2020-12-08,Surface,1.915986544346682,0.1975369388992218,10
WG,2020-12-08,Mid-Depth,2.132734530100735,0.0344013311684653,10
WG,2020-12-08,Lower Photic,2.237668904335064,0.024843054838323,10
WG,2020-12-08,Deep,0.5972423996700326,0.4649109753720349,23
WG,2021-01-19,Surface,3.141404573431441,0.2041549141688076,10
WG,2021-01-19,Mid-Depth,3.5055730187305443,0.0342020357925182,10
WG,2021-01-19,Lower Photic,3.636962560776772,0.1153785608063808,10
WG,2021-01-19,Deep,0.8380639628134103,0.9507108567822792,23
WG,2021-02-16,Surface,4.105443692207311,1.5221300086891325,10
WG,2021-02-16,Mid-Depth,10.213898400652496,1.524590434044777,10
WG,2021-02-16,Lower Photic,6.137256071147533,3.0762709580655234,10
WG,2021-02-16,Deep,0.7292838888194489,0.4852415905501465,23
WG,2021-03-16,Surface,2.714787350830661,0.1939787997302774,10
WG,2021-03-16,Mid-Depth,3.226830171308703,0.1710287860644959,10
WG,2021-03-16,Lower Photic,2.364247632083844,0.4465574462541662,10
WG,2021-03-16,Deep,0.6751228691972194,0.4243634822942942,23
WG,2021-04-13,Surface,2.056947261430284,0.3332299968308531,10
WG,2021-04-13,Mid-Depth,2.844927073113071,0.239450199156214,10
WG,2021-04-13,Lower Photic,1.9380980356056845,0.1647377112848355,10
WG,2021-04-13,Deep,0.6154912877609869,0.3261160965954154,23
WG,2021-05-11,Surface,1.36910113160047,0.1728384038680819,10
WG,2021-05-11,Mid-Depth,1.856528462473636,0.1257274445141857,10
WG,2021-05-11,Lower Photic,1.493457440786589,0.2228743923483477,10
WG,2021-05-11,Deep,0.5502820125392753,0.156116983830892,23
WG,2021-06-08,Surface,1.0622882582525857,0.0325802379787407,10
WG,2021-06-08,Mid-Depth,1.414101303089838,0.2074279180376489,10
WG,2021-06-08,Lower Photic,1.409164652971374,0.2129342671990759,10
WG,2021-06-08,Deep,0.516570516520014,0.1095575722728906,23
WG,2021-07-13,Surface,1.2377056941484492,0.1241187697815571,10
WG,2021-07-13,Mid-Depth,1.62746014289012,0.3506517503613733,10
WG,2021-07-13,Lower Photic,2.1684928595063733,0.359539393677229,10
WG,2021-07-13,Deep,0.51276420140416,0.1623643584232375,23
WG,2021-08-10,Surface,1.2346926366588715,0.0660149741671102,10
WG,2021-08-10,Mid-Depth,1.511992892980106,0.2152950210828594,10
WG,2021-08-10,Lower Photic,2.7557867494449053,0.2246370133990979,10
WG,2021-08-10,Deep,0.6187542219031599,0.4931231589186695,23
WG,2021-09-07,Surface,1.2720290422260974,0.3061219794471299,10
WG,2021-09-07,Mid-Depth,1.7033864687798652,0.138942865252369,10
WG,2021-09-07,Lower Photic,2.442569232851778,0.2964096417671234,10
WG,2021-09-07,Deep,0.6115706367127975,0.4678605252647336,23
WG,2021-10-12,Surface,1.3618227411161137,0.3250282975679296,10
WG,2021-10-12,Mid-Depth,1.787301836701469,0.0771511581645007,10
WG,2021-10-12,Lower Photic,2.887287296839165,0.495062483801396,10
WG,2021-10-12,Deep,0.6225905487203947,0.463754737270363,23
WG,2021-11-09,Surface,1.962657082038485,0.4612178746043066,10
WG,2021-11-09,Mid-Depth,2.7445183084196154,0.0165123594951133,10
WG,2021-11-09,Lower Photic,3.221827188930098,0.3035364395095069,10
WG,2021-11-09,Deep,0.6091165092705232,0.4858710538073058,23
WG,2021-12-07,Surface,3.64035951362123,0.2602617876636899,10
WG,2021-12-07,Mid-Depth,8.990225148949685,2.744819178185757,10
WG,2021-12-07,Lower Photic,5.392293769300987,0.5928096812471199,10
WG,2021-12-07,Deep,1.0005326817815,1.592461501123414,23
WG,2022-01-18,Surface,3.036594150876367,0.2061143963800693,10
WG,2022-01-18,Mid-Depth,3.5731431443111865,0.0534152804004466,10
WG,2022-01-18,Lower Photic,3.596855674845436,0.0636677506017888,10
WG,2022-01-18,Deep,0.8213518804508976,0.7819016173299493,23
WG,2022-02-08,Surface,2.116805783760562,0.0176233339367433,10
WG,2022-02-08,Mid-Depth,2.218382765546313,0.0506516448649781,10
WG,2022-02-08,Lower Photic,2.288687826441606,0.0240935520899335,10
WG,2022-02-08,Deep,0.8126467352724032,0.5885911456238191,23
WG,2022-03-08,Surface,1.367520211295961,0.2768259400285333,10
WG,2022-03-08,Mid-Depth,2.1039112630389005,0.0993445389915472,10
WG,2022-03-08,Lower Photic,1.8510318951564773,0.2224768774768588,10
WG,2022-03-08,Deep,0.534742101979993,0.2245724993675573,23
WG,2022-04-05,Surface,1.176711256935341,0.0799921962960124,10
WG,2022-04-05,Mid-Depth,1.7583789843991575,0.3343850954331161,10
WG,2022-04-05,Lower Photic,2.587302182984638,0.1434763859400166,10
WG,2022-04-05,Deep,0.6322301718153667,0.3272890350385587,23
WG,2022-05-10,Surface,1.1285976181844195,0.1320971563168508,10
WG,2022-05-10,Mid-Depth,1.4013171786209289,0.0294351905341865,10
WG,2022-05-10,Lower Photic,1.7556415034944235,0.2789587727610838,10
WG,2022-05-10,Deep,0.5788644129019653,0.2876741936542318,23
WG,2022-06-14,Surface,1.2848724655295922,0.1289089798343511,10
WG,2022-06-14,Mid-Depth,1.409085242957466,0.0162191083385609,10
WG,2022-06-14,Lower Photic,1.755748310602074,0.1638296410866045,10
WG,2022-06-14,Deep,0.5432806140628472,0.1743530755030002,23
WG,2022-07-12,Surface,1.0286542901633529,0.0429803130983537,10
WG,2022-07-12,Mid-Depth,1.1059970316050858,0.0752563034844051,10
WG,2022-07-12,Lower Photic,1.6025486021585995,0.1406955925243488,10
WG,2022-07-12,Deep,0.5461556789353128,0.2319523188811127,23
WG,2022-08-09,Surface,1.175999997792578,0.1666000936925794,10
WG,2022-08-09,Mid-Depth,1.4651293443114382,0.067466984413302,10
WG,2022-08-09,Lower Photic,1.782392178982412,0.3081114314414399,10
WG,2022-08-09,Deep,0.5735388644979446,0.3211160221099316,23
WG,2022-09-06,Surface,1.0990373925569596,0.3938041590660139,10
WG,2022-09-06,Mid-Depth,1.842780116966011,0.2030766604380469,10
WG,2022-09-06,Lower Photic,1.692651315905413,0.1665210973705398,10
WG,2022-09-06,Deep,0.5748770023812864,0.2898167339350427,23
WG,2022-10-18,Surface,1.595089441749359,0.3936409017482213,10
WG,2022-10-18,Mid-Depth,2.156720385708536,0.0859376778442499,10
WG,2022-10-18,Lower Photic,2.284406661775302,0.2332700316440012,10
WG,2022-10-18,Deep,0.5398759527640051,0.2052076047688492,23
WG,2022-11-08,Surface,1.1725371739377874,0.3167147707159672,10
WG,2022-11-08,Mid-Depth,1.7046762917636642,0.0175727271827924,10
WG,2022-11-08,Lower Photic,2.058169708449019,0.3684809093746181,10
WG,2022-11-08,Deep,0.6591011569370742,0.4859340014295612,23
WG,2022-12-06,Surface,2.0365280283238967,0.4601985123436105,10
WG,2022-12-06,Mid-Depth,2.68425505770279,0.1542875106673893,10
WG,2022-12-06,Lower Photic,2.838048352321886,0.036965251367215,10
WG,2022-12-06,Deep,0.6791634942097919,0.6141444747232664,23
WG,2023-01-17,Surface,2.1385444788129826,0.1611283349041052,10
WG,2023-01-17,Mid-Depth,2.3965301391441534,0.0540921632368316,10
WG,2023-01-17,Lower Photic,2.670524825842341,0.1917870512769293,10
WG,2023-01-17,Deep,0.83999930547839,0.7007667293352287,23
WG,2023-02-14,Surface,2.29999993903262,0.2055287176075636,10
WG,2023-02-14,Mid-Depth,2.512541934381396,0.0334939435349933,10
WG,2023-02-14,Lower Photic,2.0364453842187915,0.3335097969427787,10
WG,2023-02-14,Deep,0.8855178840814354,0.5095145770077304,23
WG,2023-03-14,Surface,1.6139585708,0.2766210548934347,10
WG,2023-03-14,Mid-Depth,2.0364731048,0.0750135370072864,10
WG,2023-03-14,Lower Photic,2.2627230253,0.1351672005308625,10
WG,2023-03-14,Deep,0.7058082205072465,0.2502414244634409,23
WG,2023-04-11,Surface,0.790589051145494,0.0509499864339977,10
WG,2023-04-11,Mid-Depth,0.9286551265441032,0.0301193089029484,10
WG,2023-04-11,Lower Photic,1.29080202800141,0.119235734472742,10
WG,2023-04-11,Deep,0.695927183190523,0.4724057490638426,23
WG,2023-05-09,Surface,0.998190724731371,0.1474371012548466,10
WG,2023-05-09,Mid-Depth,1.285135606921022,0.1315934237836821,10
WG,2023-05-09,Lower Photic,1.925623088445669,0.3256852946895709,10
WG,2023-05-09,Deep,0.618028376285468,0.3547123336609125,23
WG,2023-06-13,Surface,1.079593028775957,0.1118245587295482,10
WG,2023-06-13,Mid-Depth,1.501084654906814,0.2657541925199297,10
WG,2023-06-13,Lower Photic,2.3704925414209788,0.1042886426906509,10
WG,2023-06-13,Deep,0.5884117902509705,0.3320147436116166,23
WG,2023-07-18,Surface,1.818063634942472,0.4479514679319111,10
WG,2023-07-18,Mid-Depth,2.613734651428427,0.1616232448122895,10
WG,2023-07-18,Lower Photic,2.615616450167434,0.4186050062987987,10
WG,2023-07-18,Deep,0.5407288054104701,0.1773865361535624,23
WG,2023-08-16,Surface,1.221596671302438,0.1613312382797547,10
WG,2023-08-16,Mid-Depth,1.706647423021273,0.1971025753705454,10
WG,2023-08-16,Lower Photic,2.7079779523348404,0.2901640105632763,10
WG,2023-08-16,Deep,0.5720530527144271,0.3902026134017217,23
WG,2023-09-05,Surface,1.466005025400562,0.2488575608409006,10
WG,2023-09-05,Mid-Depth,2.1750009780627417,0.4178426849243092,10
WG,2023-09-05,Lower Photic,2.9655513473559894,0.5064037919923512,10
WG,2023-09-05,Deep,0.5344852308780085,0.2232085159280846,23
WG,2023-10-18,Surface,20.00315196510855,3.0129327559816668,10
WG,2023-10-18,Mid-Depth,28.889942178109266,1.4856341625114975,10
WG,2023-10-18,Lower Photic,25.01278903053555,5.411145476862577,10
WG,2023-10-18,Deep,4.669703831318404,2.990643219384744,23
WG,2023-11-14,Surface,2.9388476835058466,0.1924457098036978,10
WG,2023-11-14,Mid-Depth,3.16365187476599,0.0935242132400834,10
WG,2023-11-14,Lower Photic,3.0587557597360937,0.095615284394736,10
WG,2023-11-14,Deep,0.5635789808955208,0.3525133018988901,23
WG,2023-12-05,Surface,2.604013981137349,0.1547127580278882,10
WG,2023-12-05,Mid-Depth,3.018033493678863,0.0441360659228951,10
WG,2023-12-05,Lower Photic,3.137735825412859,0.0525951660582238,10
WG,2023-12-05,Deep,0.6010894540693432,0.5015901909415483,23
