date,depth_group,total_measurements,missing_values,missing_proportion,mean_chlorophyll,std_chlorophyll
2014-02-18,Surface,15,14,0.9333333333333333,3.256,
2014-02-18,Mid-Depth,11,10,0.9090909090909091,6.512,
2014-02-18,Lower Photic,12,12,1.0,,
2014-02-18,Deep,266,266,1.0,,
2014-02-19,Surface,15,13,0.8666666666666667,4.00379,0.5067410036695277
2014-02-19,Mid-Depth,11,10,0.9090909090909091,5.46462,
2014-02-19,Lower Photic,12,12,1.0,,
2014-02-19,Deep,266,266,1.0,,
2014-02-26,Surface,15,13,0.8666666666666667,1.0905,0.9694433970067566
2014-02-26,Mid-Depth,11,11,1.0,,
2014-02-26,Lower Photic,12,11,0.9166666666666666,5.328,
2014-02-26,Deep,266,266,1.0,,
2014-03-26,Surface,15,11,0.7333333333333333,0.3922,0.13962292075443772
2014-03-26,Mid-Depth,11,11,1.0,,
2014-03-26,Lower Photic,12,9,0.75,2.861333333333333,2.18184997956627
2014-03-26,Deep,266,266,1.0,,
2014-04-22,Surface,15,5,0.3333333333333333,1.34,0.21176506899024786
2014-04-22,Mid-Depth,11,1,0.09090909090909091,1.855,0.27318085177731216
2014-04-22,Lower Photic,12,2,0.16666666666666666,2.182,0.46525500773470696
2014-04-22,Deep,266,243,0.9135338345864662,0.5947826086956521,0.3485668002395653
2014-04-23,Surface,15,5,0.3333333333333333,0.550778,0.1498927303700142
2014-04-23,Mid-Depth,11,1,0.09090909090909091,0.7449999999999999,0.038369548110737804
2014-04-23,Lower Photic,12,2,0.16666666666666666,0.8110000000000002,0.02424412872795755
2014-04-23,Deep,266,243,0.9135338345864662,0.7508695652173912,0.2549494253497466
2014-04-27,Surface,15,6,0.4,0.7566666666666667,0.036055512754639925
2014-04-27,Mid-Depth,11,1,0.09090909090909091,0.9470000000000001,0.35437111745864514
2014-04-27,Lower Photic,12,2,0.16666666666666666,1.0740000000000003,0.04141926551202414
2014-04-27,Deep,266,151,0.5676691729323309,0.2983478260869566,0.2863439547325902
2014-05-19,Surface,15,4,0.26666666666666666,0.9854545454545456,0.41888813868057034
2014-05-19,Mid-Depth,11,1,0.09090909090909091,1.433,0.21468581695119032
2014-05-19,Lower Photic,12,2,0.16666666666666666,1.073,0.2543859709618874
2014-05-19,Deep,266,237,0.8909774436090225,0.44758620689655176,0.15502661459093756
2014-06-24,Surface,15,5,0.3333333333333333,1.371,0.5854238730280061
2014-06-24,Mid-Depth,11,1,0.09090909090909091,1.363,0.3364207022299444
2014-06-24,Lower Photic,12,2,0.16666666666666666,1.326,0.31833595112361684
2014-06-24,Deep,266,197,0.7406015037593985,0.27797101449275363,0.17801668552120523
2014-06-25,Surface,15,5,0.3333333333333333,0.359,0.05363456596884762
2014-06-25,Mid-Depth,11,1,0.09090909090909091,0.5690000000000001,0.05952590472502987
2014-06-25,Lower Photic,12,2,0.16666666666666666,0.7990000000000002,0.07202622979011032
2014-06-25,Deep,266,117,0.4398496240601504,0.16228187919463088,0.09770419231765208
2014-07-22,Surface,15,5,0.3333333333333333,0.614,0.127558265553868
2014-07-22,Mid-Depth,11,1,0.09090909090909091,1.215,0.20940391591371924
2014-07-22,Lower Photic,12,2,0.16666666666666666,1.2089999999999999,0.31490562960283125
2014-07-22,Deep,266,237,0.8909774436090225,0.43586206896551727,0.18829151489454005
2014-07-23,Surface,15,5,0.3333333333333333,0.5650000000000001,0.06096447052723961
2014-07-23,Mid-Depth,11,1,0.09090909090909091,0.712,0.014757295747452423
2014-07-23,Lower Photic,12,2,0.16666666666666666,0.7150000000000001,0.020138409955990973
2014-07-23,Deep,266,142,0.5338345864661654,0.21661290322580645,0.18435952458090651
2014-08-12,Surface,15,5,0.3333333333333333,1.048,0.22846346656644156
2014-08-12,Mid-Depth,11,1,0.09090909090909091,1.393,0.031640339933558054
2014-08-12,Lower Photic,12,2,0.16666666666666666,1.438,0.010327955589886454
2014-08-12,Deep,266,195,0.7330827067669173,0.3242253521126761,0.23846330638265012
2014-08-13,Surface,15,5,0.3333333333333333,0.47400000000000003,0.09535897091167318
2014-08-13,Mid-Depth,11,1,0.09090909090909091,1.048,0.27911765738961525
2014-08-13,Lower Photic,12,2,0.16666666666666666,1.2690000000000001,0.05685263601823778
2014-08-13,Deep,266,98,0.3684210526315789,0.21577380952380953,0.2269466608145218
2014-09-08,Surface,15,5,0.3333333333333333,1.311,0.586883482662634
2014-09-08,Mid-Depth,11,1,0.09090909090909091,1.6329999999999998,0.355373043434642
2014-09-08,Lower Photic,12,2,0.16666666666666666,1.012,0.28924422590990856
2014-09-08,Deep,266,194,0.7293233082706767,0.2931944444444445,0.19127317231534152
2014-09-09,Surface,15,5,0.3333333333333333,1.1949999999999998,0.5567215541802643
2014-09-09,Mid-Depth,11,1,0.09090909090909091,2.1220000000000003,0.02347575581554538
2014-09-09,Lower Photic,12,2,0.16666666666666666,2.216,0.4645475696249464
2014-09-09,Deep,266,136,0.5112781954887218,0.22976923076923086,0.19690420046863957
2014-09-25,Surface,15,5,0.3333333333333333,1.585,0.803122378940816
2014-09-25,Mid-Depth,11,4,0.36363636363636365,2.827142857142857,0.2694261980403468
2014-09-25,Lower Photic,12,3,0.25,2.5922222222222215,0.7272169170505074
2014-09-25,Deep,266,99,0.37218045112781956,0.19934131736526944,0.15177717388167142
2014-10-07,Surface,15,6,0.4,2.328888888888889,0.8454945955540527
2014-10-07,Mid-Depth,11,1,0.09090909090909091,3.4549999999999996,0.1967090349842743
2014-10-07,Lower Photic,12,2,0.16666666666666666,1.625,0.8615006287480779
2014-10-07,Deep,266,187,0.7030075187969925,0.259620253164557,0.14470520907440895
2014-10-08,Surface,15,5,0.3333333333333333,2.211,0.3800131576669419
2014-10-08,Mid-Depth,11,2,0.18181818181818182,3.26,0.39156736329781106
2014-10-08,Lower Photic,12,3,0.25,3.5044444444444443,0.3703414340548162
2014-10-08,Deep,266,100,0.37593984962406013,0.1859036144578313,0.0898555897936211
2014-11-11,Surface,15,5,0.3333333333333333,2.546,1.2440007145407024
2014-11-11,Mid-Depth,11,1,0.09090909090909091,3.531999999999999,0.43204423641824236
2014-11-11,Lower Photic,12,2,0.16666666666666666,2.098,0.37484218901648025
2014-11-11,Deep,266,188,0.706766917293233,0.49961538461538463,0.6239140015408223
2014-11-12,Surface,15,5,0.3333333333333333,1.8090000000000004,0.3382454729926182
2014-11-12,Mid-Depth,11,4,0.36363636363636365,2.207142857142857,0.3195681609982595
2014-11-12,Lower Photic,12,2,0.16666666666666666,2.907,0.05417051268397268
2014-11-12,Deep,266,98,0.3684210526315789,0.24261904761904768,0.29890065658888576
2014-12-08,Surface,15,5,0.3333333333333333,2.6900000000000004,1.0157536884282308
2014-12-08,Mid-Depth,11,1,0.09090909090909091,3.351,0.1239578781504247
2014-12-08,Lower Photic,12,2,0.16666666666666666,3.567,0.14989255411052865
2014-12-08,Deep,266,189,0.7105263157894737,1.58974025974026,1.817488126382684
2014-12-09,Surface,15,6,0.4,2.5277777777777772,0.46935534986238786
2014-12-09,Mid-Depth,11,2,0.18181818181818182,3.0377777777777784,0.2319901817845843
2014-12-09,Lower Photic,12,2,0.16666666666666666,3.382,0.12044362443345293
2014-12-09,Deep,266,142,0.5338345864661654,0.8798387096774193,1.32048708915904
2015-01-13,Surface,15,7,0.4666666666666667,3.0512499999999996,1.1005250370358945
2015-01-13,Mid-Depth,11,1,0.09090909090909091,4.276000000000001,0.12375603240066956
2015-01-13,Lower Photic,12,2,0.16666666666666666,4.405,0.25074333933770265
2015-01-13,Deep,266,237,0.8909774436090225,4.465172413793104,0.12405703439648723
2015-01-14,Surface,15,5,0.3333333333333333,1.9629999999999999,0.1929334945864335
2015-01-14,Mid-Depth,11,1,0.09090909090909091,2.337,0.0573585215987999
2015-01-14,Lower Photic,12,2,0.16666666666666666,2.4370000000000003,0.22141213456658904
2015-01-14,Deep,266,102,0.38345864661654133,1.4163414634146338,1.1606741347616027
2015-02-10,Surface,15,5,0.3333333333333333,3.136,1.1632827114105437
2015-02-10,Mid-Depth,11,1,0.09090909090909091,2.473,1.5226734529912986
2015-02-10,Lower Photic,12,2,0.16666666666666666,1.593,0.06992853494818832
2015-02-10,Deep,266,188,0.706766917293233,1.2846153846153847,0.4998277425551448
2015-02-11,Surface,15,5,0.3333333333333333,5.936000000000001,0.31113412613283753
2015-02-11,Mid-Depth,11,1,0.09090909090909091,6.585000000000001,0.2368426575692066
2015-02-11,Lower Photic,12,2,0.16666666666666666,4.25,1.1998611030726292
2015-02-11,Deep,266,98,0.3684210526315789,0.8400595238095238,0.21692874467906573
2015-03-10,Surface,15,5,0.3333333333333333,2.8589999999999995,1.4830033340788173
2015-03-10,Mid-Depth,11,1,0.09090909090909091,4.984,0.07574812062208397
2015-03-10,Lower Photic,12,2,0.16666666666666666,4.583,0.10944811048569494
2015-03-10,Deep,266,195,0.7330827067669173,3.881830985915493,1.3587960110324087
2015-03-11,Surface,15,5,0.3333333333333333,1.9279999999999997,0.6273542327372418
2015-03-11,Mid-Depth,11,2,0.18181818181818182,3.246666666666667,0.3900640972968417
2015-03-11,Lower Photic,12,2,0.16666666666666666,5.944,0.965185071487444
2015-03-11,Deep,266,99,0.37218045112781956,1.6611976047904193,0.9827247603948038
2015-04-14,Surface,15,5,0.3333333333333333,0.776,0.21792965225809297
2015-04-14,Mid-Depth,11,1,0.09090909090909091,1.168,0.030110906108363263
2015-04-14,Lower Photic,12,2,0.16666666666666666,1.072,0.05006662228138294
2015-04-14,Deep,266,97,0.36466165413533835,0.2374556213017751,0.1477047795024106
2015-05-05,Surface,15,5,0.3333333333333333,0.535,0.11404190263037335
2015-05-05,Mid-Depth,11,1,0.09090909090909091,0.729,0.0369534241384416
2015-05-05,Lower Photic,12,2,0.16666666666666666,0.9530000000000001,0.19872090982078358
2015-05-05,Deep,266,104,0.39097744360902253,0.2685185185185186,0.27367801324629115
2015-06-09,Surface,15,5,0.3333333333333333,0.7110000000000001,0.12404748194855784
2015-06-09,Mid-Depth,11,1,0.09090909090909091,0.929,0.01728840330651989
2015-06-09,Lower Photic,12,2,0.16666666666666666,0.9369999999999999,0.0429599296502631
2015-06-09,Deep,266,97,0.36466165413533835,0.21538461538461542,0.2032210853327225
2015-07-14,Surface,15,5,0.3333333333333333,1.2520000000000002,0.4534999693740036
2015-07-14,Mid-Depth,11,1,0.09090909090909091,1.988,0.21164960561162294
2015-07-14,Lower Photic,12,2,0.16666666666666666,1.437,0.07273238618387279
2015-07-14,Deep,266,188,0.706766917293233,0.3917948717948718,0.2858559422394777
2015-07-15,Surface,15,5,0.3333333333333333,0.445,0.0724568837309472
2015-07-15,Mid-Depth,11,1,0.09090909090909091,0.631,0.051088159097779196
2015-07-15,Lower Photic,12,2,0.16666666666666666,0.8960000000000001,0.0875848794662133
2015-07-15,Deep,266,97,0.36466165413533835,0.32680473372781066,0.33820142769028083
2015-08-10,Surface,15,5,0.3333333333333333,1.357,0.47956114197137456
2015-08-10,Mid-Depth,11,1,0.09090909090909091,1.645,0.11257096527178855
2015-08-10,Lower Photic,12,2,0.16666666666666666,1.19,0.09153020145163988
2015-08-10,Deep,266,186,0.6992481203007519,0.4282500000000001,0.24280937462351676
2015-08-11,Surface,15,5,0.3333333333333333,1.0030000000000001,0.41878262725295673
2015-08-11,Mid-Depth,11,1,0.09090909090909091,1.8060000000000003,0.046475800154489
2015-08-11,Lower Photic,12,2,0.16666666666666666,1.4099999999999997,0.3060864075533066
2015-08-11,Deep,266,98,0.3684210526315789,0.30880952380952387,0.29549878572312926
2015-09-09,Surface,15,5,0.3333333333333333,1.594,0.6136267414135222
2015-09-09,Mid-Depth,11,1,0.09090909090909091,2.521,0.23848829461142673
2015-09-09,Lower Photic,12,2,0.16666666666666666,2.2600000000000002,0.6739930761266518
2015-09-09,Deep,266,100,0.37593984962406013,0.25518072289156624,0.1707974980001481
2015-10-06,Surface,15,5,0.3333333333333333,1.8359999999999999,0.743059740382816
2015-10-06,Mid-Depth,11,1,0.09090909090909091,2.045,0.4770336582581057
2015-10-06,Lower Photic,12,2,0.16666666666666666,1.287,0.4131733561378592
2015-10-06,Deep,266,191,0.7180451127819549,0.3066666666666667,0.1380788389499483
2015-10-07,Surface,15,5,0.3333333333333333,1.2129999999999999,0.26398863611905726
2015-10-07,Mid-Depth,11,1,0.09090909090909091,1.65,0.021602468994692852
2015-10-07,Lower Photic,12,2,0.16666666666666666,1.4119999999999997,0.3688661304893988
2015-10-07,Deep,266,98,0.3684210526315789,0.234702380952381,0.12391288032510912
2015-12-08,Surface,15,5,0.3333333333333333,2.0599999999999996,0.32873494895837685
2015-12-08,Mid-Depth,11,1,0.09090909090909091,2.203,0.11690927156465297
2015-12-08,Lower Photic,12,2,0.16666666666666666,2.206,0.14841383583300666
2015-12-08,Deep,266,97,0.36466165413533835,0.32958579881656813,0.4430929643260217
2016-01-19,Surface,15,5,0.3333333333333333,1.8559999999999999,0.36197605814012995
2016-01-19,Mid-Depth,11,1,0.09090909090909091,2.1239999999999997,0.13801771222886178
2016-01-19,Lower Photic,12,2,0.16666666666666666,2.3470000000000004,0.11709919821340467
2016-01-19,Deep,266,194,0.7293233082706767,0.6927777777777779,0.6884115666757936
2016-01-20,Surface,15,5,0.3333333333333333,1.983,0.20981738091333935
2016-01-20,Mid-Depth,11,2,0.18181818181818182,2.33,0.4189570383702845
2016-01-20,Lower Photic,12,3,0.25,2.3188888888888886,0.5079479413395738
2016-01-20,Deep,266,96,0.3609022556390977,0.36700000000000005,0.52074463071087
2016-02-16,Surface,15,5,0.3333333333333333,2.876,1.1238544785197455
2016-02-16,Mid-Depth,11,1,0.09090909090909091,3.3880000000000003,1.2831281221210051
2016-02-16,Lower Photic,12,2,0.16666666666666666,2.985,0.8251498180465304
2016-02-16,Deep,266,185,0.6954887218045113,1.4004938271604939,0.8799302546715958
2016-02-17,Surface,15,5,0.3333333333333333,4.132,0.2181640565160897
2016-02-17,Mid-Depth,11,1,0.09090909090909091,4.01,0.32304110505561906
2016-02-17,Lower Photic,12,4,0.3333333333333333,3.0525,0.16490256863632274
2016-02-17,Deep,266,96,0.3609022556390977,0.5993529411764706,0.6880640400545224
2016-03-01,Surface,15,5,0.3333333333333333,3.4840000000000004,0.9987458802585037
2016-03-01,Mid-Depth,11,1,0.09090909090909091,3.4550000000000005,0.6477353712057966
2016-03-01,Lower Photic,12,2,0.16666666666666666,1.972,0.04848825745591514
2016-03-01,Deep,266,97,0.36466165413533835,0.6422485207100591,0.6898789816325717
2016-03-08,Surface,15,7,0.4666666666666667,1.465,0.7647221717722065
2016-03-08,Mid-Depth,11,1,0.09090909090909091,4.2780000000000005,0.19555050498528512
2016-03-08,Lower Photic,12,2,0.16666666666666666,3.6319999999999992,0.352666036546381
2016-03-08,Deep,266,194,0.7293233082706767,1.3268055555555556,0.4942139195516049
2016-03-09,Surface,15,5,0.3333333333333333,3.1440000000000006,0.15093780912091642
2016-03-09,Mid-Depth,11,1,0.09090909090909091,3.8810000000000002,0.3000907270217533
2016-03-09,Lower Photic,12,3,0.25,2.9366666666666665,1.3737266831506183
2016-03-09,Deep,266,96,0.3609022556390977,0.5073529411764705,0.43139452435350384
2016-04-12,Surface,15,5,0.3333333333333333,1.759,0.583884501516448
2016-04-12,Mid-Depth,11,2,0.18181818181818182,2.2822222222222224,0.26223928852184686
2016-04-12,Lower Photic,12,3,0.25,1.2077777777777776,0.795609479860845
2016-04-12,Deep,266,237,0.8909774436090225,0.3255172413793103,0.07476564369971352
2016-04-13,Surface,15,5,0.3333333333333333,2.199,0.5105215198424277
2016-04-13,Mid-Depth,11,1,0.09090909090909091,2.5680000000000005,0.18316962387664362
2016-04-13,Lower Photic,12,2,0.16666666666666666,1.7860000000000003,0.5663960137963936
2016-04-13,Deep,266,97,0.36466165413533835,0.1684615384615384,0.10068810872240698
2016-05-17,Surface,15,5,0.3333333333333333,0.7970000000000002,0.19579183957571994
2016-05-17,Mid-Depth,11,1,0.09090909090909091,1.2429999999999999,0.07439384681843288
2016-05-17,Lower Photic,12,2,0.16666666666666666,0.759,0.34167723560889063
2016-05-17,Deep,266,188,0.706766917293233,0.1458974358974359,0.0743881693120602
2016-05-18,Surface,15,5,0.3333333333333333,0.45200000000000007,0.06545566777937908
2016-05-18,Mid-Depth,11,1,0.09090909090909091,0.74,0.17403703309608817
2016-05-18,Lower Photic,12,2,0.16666666666666666,1.094,0.12321616055624447
2016-05-18,Deep,266,96,0.3609022556390977,0.12382352941176475,0.10837734609794075
2016-06-14,Surface,15,5,0.3333333333333333,0.479,0.10969148655306948
2016-06-14,Mid-Depth,11,1,0.09090909090909091,1.0379999999999998,0.10570398920255249
2016-06-14,Lower Photic,12,2,0.16666666666666666,0.9960000000000001,0.13825901618178674
2016-06-14,Deep,266,195,0.7330827067669173,0.21070422535211267,0.09927341672172689
2016-06-15,Surface,15,5,0.3333333333333333,0.558,0.15732485852881326
2016-06-15,Mid-Depth,11,1,0.09090909090909091,0.8619999999999999,0.080938934457473
2016-06-15,Lower Photic,12,2,0.16666666666666666,1.3619999999999999,0.34889667365695665
2016-06-15,Deep,266,97,0.36466165413533835,0.2360355029585799,0.2486301013623767
2016-07-12,Surface,15,5,0.3333333333333333,0.8859999999999999,0.11558546621439915
2016-07-12,Mid-Depth,11,1,0.09090909090909091,1.249,0.053218626647276675
2016-07-12,Lower Photic,12,2,0.16666666666666666,0.9629999999999999,0.3213184643862776
2016-07-12,Deep,266,190,0.7142857142857143,0.18315789473684213,0.11548403094587908
2016-07-13,Surface,15,5,0.3333333333333333,0.398,0.10358034991681044
2016-07-13,Mid-Depth,11,1,0.09090909090909091,0.666,0.024129281427805127
2016-07-13,Lower Photic,12,2,0.16666666666666666,0.8350000000000002,0.1040566085252531
2016-07-13,Deep,266,96,0.3609022556390977,0.15135294117647058,0.20268594098203208
2016-08-09,Surface,15,5,0.3333333333333333,0.792,0.2338945631404601
2016-08-09,Mid-Depth,11,1,0.09090909090909091,1.28,0.29097537123726924
2016-08-09,Lower Photic,12,2,0.16666666666666666,1.5390000000000001,0.03142893217686181
2016-08-09,Deep,266,238,0.8947368421052632,0.5432142857142856,0.34874434625900247
2016-08-10,Surface,15,5,0.3333333333333333,0.374,0.13566298111291983
2016-08-10,Mid-Depth,11,1,0.09090909090909091,0.8029999999999999,0.09381423725166192
2016-08-10,Lower Photic,12,2,0.16666666666666666,1.066,0.06380525927469545
2016-08-10,Deep,266,95,0.35714285714285715,0.15982456140350876,0.21416726196847016
2016-09-06,Surface,15,5,0.3333333333333333,0.4969999999999999,0.0670074622710038
2016-09-06,Mid-Depth,11,1,0.09090909090909091,0.8400000000000001,0.04944132324730443
2016-09-06,Lower Photic,12,2,0.16666666666666666,0.8440000000000001,0.0362705880232945
2016-09-06,Deep,266,238,0.8947368421052632,0.3189285714285714,0.18657416925962886
2016-09-07,Surface,15,5,0.3333333333333333,0.42699999999999994,0.12737084962161996
2016-09-07,Mid-Depth,11,1,0.09090909090909091,0.777,0.032335051500740765
2016-09-07,Lower Photic,12,2,0.16666666666666666,0.9030000000000001,0.1022035007010795
2016-09-07,Deep,266,96,0.3609022556390977,0.15652941176470586,0.15195476500958902
2016-10-11,Surface,15,5,0.3333333333333333,0.639,0.2753361581775993
2016-10-11,Mid-Depth,11,1,0.09090909090909091,1.5379999999999998,0.28232369129541124
2016-10-11,Lower Photic,12,2,0.16666666666666666,1.8350000000000002,0.021730674684008848
2016-10-11,Deep,266,241,0.9060150375939849,0.5336,0.5757016009473428
2016-10-12,Surface,15,5,0.3333333333333333,0.6260000000000001,0.0295145914949049
2016-10-12,Mid-Depth,11,1,0.09090909090909091,0.7710000000000001,0.18734697459230265
2016-10-12,Lower Photic,12,2,0.16666666666666666,0.7609999999999999,0.017288403306519935
2016-10-12,Deep,266,96,0.3609022556390977,0.11258823529411767,0.1194380623936384
2016-11-08,Surface,15,5,0.3333333333333333,1.47,0.43499680714026195
2016-11-08,Mid-Depth,11,1,0.09090909090909091,1.8040000000000003,0.17462340431148782
2016-11-08,Lower Photic,12,2,0.16666666666666666,2.2,0.19573224341204265
2016-11-08,Deep,266,237,0.8909774436090225,0.9982758620689655,1.0179007423036226
2016-11-09,Surface,15,5,0.3333333333333333,0.728,0.114968594745599
2016-11-09,Mid-Depth,11,1,0.09090909090909091,1.005,0.019002923751652315
2016-11-09,Lower Photic,12,2,0.16666666666666666,1.03,0.024494897427831803
2016-11-09,Deep,266,95,0.35714285714285715,0.15608187134502918,0.24138661756610968
2016-12-05,Surface,15,5,0.3333333333333333,1.3119999999999998,0.262119565593007
2016-12-05,Mid-Depth,11,1,0.09090909090909091,1.611,0.049988887654046514
2016-12-05,Lower Photic,12,2,0.16666666666666666,1.0710000000000002,0.311214466958791
2016-12-05,Deep,266,100,0.37593984962406013,0.18156626506024093,0.24010847007240624
2017-02-07,Surface,15,5,0.3333333333333333,1.3829999999999998,0.2846459789516326
2017-02-07,Mid-Depth,11,1,0.09090909090909091,1.5060000000000002,0.2691220293225114
2017-02-07,Lower Photic,12,2,0.16666666666666666,1.5100000000000002,0.4150501977672902
2017-02-07,Deep,266,238,0.8947368421052632,1.259642857142857,0.2583348694270767
2017-02-08,Surface,15,5,0.3333333333333333,1.04,0.04082482904638634
2017-02-08,Mid-Depth,11,1,0.09090909090909091,1.0859999999999999,0.04623610902506582
2017-02-08,Lower Photic,12,2,0.16666666666666666,1.122,0.015491933384829583
2017-02-08,Deep,266,98,0.3684210526315789,0.6795238095238095,0.28197721384947194
2017-03-13,Surface,15,5,0.3333333333333333,1.843,0.12481541927537992
2017-03-13,Mid-Depth,11,1,0.09090909090909091,1.6260000000000001,0.23429326352529503
2017-03-13,Lower Photic,12,2,0.16666666666666666,1.225,0.26030964467555007
2017-03-13,Deep,266,238,0.8947368421052632,0.6110714285714286,0.16769326684763391
2017-03-14,Surface,15,5,0.3333333333333333,1.392,0.09235198367598221
2017-03-14,Mid-Depth,11,1,0.09090909090909091,1.7719999999999998,0.19645751590498026
2017-03-14,Lower Photic,12,2,0.16666666666666666,1.47,0.3552463933666322
2017-03-14,Deep,266,98,0.3684210526315789,0.25577380952380957,0.20858088229665775
2017-04-18,Surface,15,5,0.3333333333333333,0.859,0.28614099088852446
2017-04-18,Mid-Depth,11,1,0.09090909090909091,1.117,0.05143496432929209
2017-04-18,Lower Photic,12,2,0.16666666666666666,0.961,0.0417532433869913
2017-04-18,Deep,266,238,0.8947368421052632,0.5275,0.16356276403196962
2017-04-19,Surface,15,5,0.3333333333333333,0.324,0.03470510689285432
2017-04-19,Mid-Depth,11,1,0.09090909090909091,0.3970000000000001,0.014181364924121757
2017-04-19,Lower Photic,12,2,0.16666666666666666,0.483,0.044733780424988795
2017-04-19,Deep,266,97,0.36466165413533835,0.14142011834319523,0.16873935895193404
2017-05-16,Surface,15,5,0.3333333333333333,0.7289999999999999,0.3046838069576758
2017-05-16,Mid-Depth,11,1,0.09090909090909091,0.9020000000000001,0.09795690662508466
2017-05-16,Lower Photic,12,2,0.16666666666666666,0.639,0.03142893217686178
2017-05-16,Deep,266,192,0.7218045112781954,0.17824324324324325,0.11232728730931224
2017-05-17,Surface,15,5,0.3333333333333333,0.409,0.032472210341220144
2017-05-17,Mid-Depth,11,1,0.09090909090909091,0.437,0.004830458915396484
2017-05-17,Lower Photic,12,2,0.16666666666666666,0.46399999999999997,0.05910442735813734
2017-05-17,Deep,266,96,0.3609022556390977,0.13082352941176473,0.15414748769863512
2017-06-13,Surface,15,5,0.3333333333333333,1.377,0.42677212238435214
2017-06-13,Mid-Depth,11,1,0.09090909090909091,1.495,0.19432218378535968
2017-06-13,Lower Photic,12,2,0.16666666666666666,0.8220000000000001,0.07052186422190874
2017-06-13,Deep,266,181,0.6804511278195489,0.15894117647058825,0.27025571457511144
2017-06-21,Surface,15,5,0.3333333333333333,0.614,0.10834102536794536
2017-06-21,Mid-Depth,11,1,0.09090909090909091,0.993,0.10594023472379763
2017-06-21,Lower Photic,12,2,0.16666666666666666,1.0859999999999999,0.06603029607687669
2017-06-21,Deep,266,100,0.37593984962406013,0.12445783132530122,0.12017918956693502
2017-07-11,Surface,15,5,0.3333333333333333,0.7770000000000001,0.2870559372511064
2017-07-11,Mid-Depth,11,1,0.09090909090909091,1.0390000000000001,0.05743595467030112
2017-07-11,Lower Photic,12,2,0.16666666666666666,1.06,0.18547236990991403
2017-07-11,Deep,266,195,0.7330827067669173,0.15309859154929578,0.11282846081293724
2017-07-12,Surface,15,5,0.3333333333333333,0.5269999999999999,0.04691600058733813
2017-07-12,Mid-Depth,11,1,0.09090909090909091,0.5810000000000001,0.05445691467165172
2017-07-12,Lower Photic,12,2,0.16666666666666666,0.3489999999999999,0.07837941906733764
2017-07-12,Deep,266,99,0.37218045112781956,0.07664670658682637,0.028190632863714878
2017-08-08,Surface,15,5,0.3333333333333333,1.068,0.2526218078032413
2017-08-08,Mid-Depth,11,1,0.09090909090909091,1.171,0.08621033709609435
2017-08-08,Lower Photic,12,2,0.16666666666666666,0.842,0.1296833751017368
2017-08-08,Deep,266,192,0.7218045112781954,0.1563513513513514,0.14580503330775269
2017-08-09,Surface,15,5,0.3333333333333333,0.674,0.05168279318217148
2017-08-09,Mid-Depth,11,1,0.09090909090909091,0.826,0.03204163957519442
2017-08-09,Lower Photic,12,2,0.16666666666666666,0.724,0.1163519564845292
2017-08-09,Deep,266,98,0.3684210526315789,0.08553571428571431,0.08612592735964386
2017-09-12,Surface,15,5,0.3333333333333333,1.312,0.34220851343393943
2017-09-12,Mid-Depth,11,1,0.09090909090909091,1.121,0.4116754385030356
2017-09-12,Lower Photic,12,2,0.16666666666666666,0.85,0.38904441334577156
2017-09-12,Deep,266,193,0.7255639097744361,0.1312328767123288,0.06765815228615288
2017-09-13,Surface,15,5,0.3333333333333333,0.974,0.09686187187031965
2017-09-13,Mid-Depth,11,1,0.09090909090909091,0.907,0.2220635544663334
2017-09-13,Lower Photic,12,2,0.16666666666666666,0.321,0.04228212125447086
2017-09-13,Deep,266,99,0.37218045112781956,0.09269461077844314,0.046678045273344126
2017-10-12,Surface,15,5,0.3333333333333333,0.596,0.19027465528662627
2017-10-12,Mid-Depth,11,1,0.09090909090909091,1.18,0.2637338725980331
2017-10-12,Lower Photic,12,2,0.16666666666666666,1.504,0.06603029607687677
2017-10-12,Deep,266,190,0.7142857142857143,0.17342105263157898,0.25387426090660914
2017-10-13,Surface,15,5,0.3333333333333333,0.6060000000000001,0.07848566748139435
2017-10-13,Mid-Depth,11,1,0.09090909090909091,0.7950000000000002,0.10490736654570812
2017-10-13,Lower Photic,12,2,0.16666666666666666,0.9969999999999999,0.04448470398787531
2017-10-13,Deep,266,97,0.36466165413533835,0.0843786982248521,0.10508952428744718
2017-11-07,Surface,15,5,0.3333333333333333,1.135,0.42335301791504665
2017-11-07,Mid-Depth,11,1,0.09090909090909091,1.9899999999999998,0.14689376357687134
2017-11-07,Lower Photic,12,2,0.16666666666666666,1.9560000000000002,0.20244066346024017
2017-11-07,Deep,266,193,0.7255639097744361,0.28849315068493153,0.4529215998899589
2017-11-08,Surface,15,5,0.3333333333333333,1.1079999999999999,0.2577164678047908
2017-11-08,Mid-Depth,11,1,0.09090909090909091,1.5240000000000002,0.17914612285319864
2017-11-08,Lower Photic,12,2,0.16666666666666666,1.939,0.25462172378299186
2017-11-08,Deep,266,98,0.3684210526315789,0.15803571428571428,0.39773047614054363
2017-12-13,Surface,15,5,0.3333333333333333,1.9070000000000005,0.3161592425766906
2017-12-13,Mid-Depth,11,1,0.09090909090909091,2.338,0.19193748982416128
2017-12-13,Lower Photic,12,2,0.16666666666666666,2.466,0.30529402949360873
2017-12-13,Deep,266,194,0.7293233082706767,1.1193055555555556,1.0202393069025435
2017-12-14,Surface,15,5,0.3333333333333333,2.586,0.3451634073562518
2017-12-14,Mid-Depth,11,4,0.36363636363636365,3.154285714285714,0.413193140587512
2017-12-14,Lower Photic,12,2,0.16666666666666666,3.183,0.10198583779677993
2017-12-14,Deep,266,102,0.38345864661654133,0.45664634146341465,0.8328871195503731
2018-01-11,Surface,15,5,0.3333333333333333,8.752287026428798,8.382828193939687
2018-01-11,Mid-Depth,11,1,0.09090909090909091,6.28692750696432,0.8633807629609818
2018-01-11,Lower Photic,12,2,0.16666666666666666,5.654546299790479,0.2888736350926188
2018-01-11,Deep,266,32,0.12030075187969924,1.303948523735193,1.7250601046330245
2018-02-07,Surface,15,5,0.3333333333333333,7.878703237897696,7.471339515928267
2018-02-07,Mid-Depth,11,1,0.09090909090909091,4.271905410142258,0.749528605325381
2018-02-07,Lower Photic,12,2,0.16666666666666666,3.6246035811352173,0.27215814236590835
2018-02-07,Deep,266,0,0.0,1.3101238998010232,0.48616841970755986
2018-02-28,Surface,15,5,0.3333333333333333,3.3433090918648345,0.21225495410248893
2018-02-28,Mid-Depth,11,1,0.09090909090909091,3.827637874618717,0.2022676787877196
2018-02-28,Lower Photic,12,2,0.16666666666666666,2.512756729751,0.4530622296009902
2018-02-28,Deep,266,1,0.0037593984962406013,0.6713952984420339,0.18494519132383108
2018-03-13,Surface,15,5,0.3333333333333333,7.261936698745066,0.3213939932818729
2018-03-13,Mid-Depth,11,1,0.09090909090909091,8.920386000528863,0.5223764424089394
2018-03-13,Lower Photic,12,2,0.16666666666666666,9.448971286538251,1.6949284325573968
2018-03-13,Deep,266,192,0.7218045112781954,2.265180259478404,3.4682029826078873
2018-03-15,Surface,15,5,0.3333333333333333,5.679800016141051,0.24261089230771674
2018-03-15,Mid-Depth,11,1,0.09090909090909091,6.897336470864007,0.8401331742846389
2018-03-15,Lower Photic,12,2,0.16666666666666666,7.047080096739106,0.8932153003812272
2018-03-15,Deep,266,1,0.0037593984962406013,0.6556854176857975,0.47427997268968186
2018-04-10,Surface,15,5,0.3333333333333333,2.8774894396742736,0.15030807649051328
2018-04-10,Mid-Depth,11,1,0.09090909090909091,2.419978705185602,0.22812461981323023
2018-04-10,Lower Photic,12,2,0.16666666666666666,1.9795940739743512,0.5984312175718832
2018-04-10,Deep,266,192,0.7218045112781954,0.5192150280029268,0.139805875343761
2018-04-12,Surface,15,5,0.3333333333333333,1.382873583998196,0.05658298388151567
2018-04-12,Mid-Depth,11,1,0.09090909090909091,1.7372469058779771,0.14949462387476703
2018-04-12,Lower Photic,12,2,0.16666666666666666,1.8347205860627027,0.10669471794248293
2018-04-12,Deep,266,1,0.0037593984962406013,0.4611762656890133,0.15195747298862555
2018-05-15,Surface,15,5,0.3333333333333333,1.9890922544297172,0.31445155601778857
2018-05-15,Mid-Depth,11,1,0.09090909090909091,2.5738895369815613,0.3226841377954535
2018-05-15,Lower Photic,12,2,0.16666666666666666,1.2544293160524183,0.30890299633097795
2018-05-15,Deep,266,192,0.7218045112781954,0.5220703324433947,0.19893162718343205
2018-05-16,Surface,15,5,0.3333333333333333,1.370073318972941,0.1848137346044628
2018-05-16,Mid-Depth,11,1,0.09090909090909091,1.771278344468671,0.061688338445722336
2018-05-16,Lower Photic,12,2,0.16666666666666666,1.763338188712868,0.06423997496784178
2018-05-16,Deep,266,2,0.007518796992481203,0.43938378612346,0.2134930461337659
2018-06-12,Surface,15,5,0.3333333333333333,2.328827108896434,0.09063514395626744
2018-06-12,Mid-Depth,11,1,0.09090909090909091,1.9928486213723555,0.3567307882069939
2018-06-12,Lower Photic,12,2,0.16666666666666666,1.1723648633948296,0.13969686248008792
2018-06-12,Deep,266,193,0.7255639097744361,0.4803436659531836,0.11585904219707294
2018-06-13,Surface,15,5,0.3333333333333333,0.8626307366458121,0.09978860626337828
2018-06-13,Mid-Depth,11,1,0.09090909090909091,1.177996982823793,0.08589832561537639
2018-06-13,Lower Photic,12,2,0.16666666666666666,1.381103864015675,0.056473134161230336
2018-06-13,Deep,266,2,0.007518796992481203,0.43600620732949263,0.18691061515599156
2018-07-17,Surface,15,5,0.3333333333333333,2.513865501,0.23776727880468687
2018-07-17,Mid-Depth,11,1,0.09090909090909091,2.947426491,0.12594541980086715
2018-07-17,Lower Photic,12,2,0.16666666666666666,5.012698192999999,3.152529465378545
2018-07-17,Deep,266,194,0.7293233082706767,0.6494751227768792,0.6691446552674375
2018-07-18,Surface,15,5,0.3333333333333333,1.103682995263243,0.02663639456432135
2018-07-18,Mid-Depth,11,1,0.09090909090909091,1.158706919439914,0.022015349565467874
2018-07-18,Lower Photic,12,2,0.16666666666666666,1.699242395902402,0.3875980877155783
2018-07-18,Deep,266,1,0.0037593984962406013,0.4346510790273665,0.27264402345330785
2018-08-14,Surface,15,5,0.3333333333333333,1.5292082565553833,0.38833347974241195
2018-08-14,Mid-Depth,11,1,0.09090909090909091,2.125499455049102,0.13498448599608084
2018-08-14,Lower Photic,12,2,0.16666666666666666,1.90585239885023,0.07879306674837294
2018-08-14,Deep,266,198,0.7443609022556391,0.5713113414633753,0.2676851676190159
2018-08-16,Surface,15,5,0.3333333333333333,0.7164284585515958,0.1559280759893762
2018-08-16,Mid-Depth,11,1,0.09090909090909091,0.9576136825193213,0.060397392687386565
2018-08-16,Lower Photic,12,2,0.16666666666666666,1.7155247094586472,0.37568778177192524
2018-08-16,Deep,266,0,0.0,0.48795094116849974,0.33706903588551396
2018-09-11,Surface,15,5,0.3333333333333333,2.15439224240905,0.09628977548432449
2018-09-11,Mid-Depth,11,1,0.09090909090909091,2.68106496836621,0.3527267442321944
2018-09-11,Lower Photic,12,2,0.16666666666666666,1.9045275989657129,0.2445920894302772
2018-09-11,Deep,266,191,0.7180451127819549,0.5989854238136612,0.2897041460484896
2018-09-12,Surface,15,5,0.3333333333333333,0.9828219941238665,0.07762397427835122
2018-09-12,Mid-Depth,11,1,0.09090909090909091,1.244304555678802,0.07264329238581407
2018-09-12,Lower Photic,12,2,0.16666666666666666,1.6255408002951213,0.18364494238163032
2018-09-12,Deep,266,2,0.007518796992481203,0.46910626099119157,0.24920721109509636
2018-09-24,Surface,15,5,0.3333333333333333,1.949981528948277,0.3763107555293079
2018-09-24,Mid-Depth,11,1,0.09090909090909091,1.3641676165959071,0.1135735584072809
2018-09-24,Lower Photic,12,2,0.16666666666666666,0.9607974684821118,0.1523204722514858
2018-09-24,Deep,266,0,0.0,0.41304694794601476,0.06953286572013925
2018-10-10,Surface,15,5,0.3333333333333333,8.29949773003855,3.0881913569634785
2018-10-10,Mid-Depth,11,1,0.09090909090909091,5.576441769101789,0.7697581487864551
2018-10-10,Lower Photic,12,2,0.16666666666666666,4.620917788503537,0.7487349422383202
2018-10-10,Deep,266,0,0.0,0.4982975749124669,0.30159548817291454
2018-11-14,Surface,15,5,0.3333333333333333,2.714807095129829,0.7853654930320395
2018-11-14,Mid-Depth,11,1,0.09090909090909091,3.2430496042905235,0.20549946022454457
2018-11-14,Lower Photic,12,2,0.16666666666666666,2.610843675458013,0.13819973304839378
2018-11-14,Deep,266,0,0.0,0.46221754722074093,0.23249783973673804
2018-12-12,Surface,15,5,0.3333333333333333,1.810013346883298,0.4573400785379994
2018-12-12,Mid-Depth,11,1,0.09090909090909091,2.122052677596734,0.09685698388773172
2018-12-12,Lower Photic,12,2,0.16666666666666666,2.115221570587407,0.08715132640709898
2018-12-12,Deep,266,0,0.0,0.517529398085172,0.3270466960410431
2019-02-12,Surface,15,5,0.3333333333333333,5.687332725419779,6.920353091104379
2019-02-12,Mid-Depth,11,1,0.09090909090909091,3.41828417426224,0.30151718656836274
2019-02-12,Lower Photic,12,2,0.16666666666666666,3.250231343030658,0.17805541989071788
2019-02-12,Deep,266,3,0.011278195488721804,0.9082462985545188,1.232813598846392
2019-03-12,Surface,15,5,0.3333333333333333,7.814047928189458,5.290306043316015
2019-03-12,Mid-Depth,11,1,0.09090909090909091,3.1032111738180745,0.5742382201165499
2019-03-12,Lower Photic,12,2,0.16666666666666666,3.396465523702181,0.685280831154922
2019-03-12,Deep,266,3,0.011278195488721804,0.46435361901479555,0.22732291952286598
2019-04-09,Surface,15,5,0.3333333333333333,3.3418016170557943,0.897516603625337
2019-04-09,Mid-Depth,11,1,0.09090909090909091,2.568784146999403,0.36738937093747975
2019-04-09,Lower Photic,12,2,0.16666666666666666,2.192880137513177,0.1874821863385626
2019-04-09,Deep,266,3,0.011278195488721804,0.46695310553254066,0.2185666892704389
2019-05-14,Surface,15,5,0.3333333333333333,1.760399615041472,0.18863664716276635
2019-05-14,Mid-Depth,11,1,0.09090909090909091,1.527548072213902,0.2081417076951501
2019-05-14,Lower Photic,12,2,0.16666666666666666,0.7987877327958229,0.1364594528980046
2019-05-14,Deep,266,3,0.011278195488721804,0.39867933538711664,0.04800687795156734
2019-06-12,Surface,15,5,0.3333333333333333,1.3366007415573342,0.23099880135856296
2019-06-12,Mid-Depth,11,1,0.09090909090909091,1.5918136835032333,0.0885542067862877
2019-06-12,Lower Photic,12,2,0.16666666666666666,0.9017338548316982,0.1571471079592463
2019-06-12,Deep,266,2,0.007518796992481203,0.41557301267546354,0.053770916265336546
2019-07-12,Surface,15,5,0.3333333333333333,2.348391235403748,0.048274149566051555
2019-07-12,Mid-Depth,11,1,0.09090909090909091,2.044121051714108,0.19399661413286506
2019-07-12,Lower Photic,12,2,0.16666666666666666,1.351413540580777,0.20695495761581714
2019-07-12,Deep,266,3,0.011278195488721804,0.42964280926511933,0.06945226063310514
2019-08-13,Surface,15,5,0.3333333333333333,1.3008741274172562,0.016979724773156537
2019-08-13,Mid-Depth,11,1,0.09090909090909091,1.7216089930632752,0.20524720587573195
2019-08-13,Lower Photic,12,2,0.16666666666666666,1.559891191256447,0.32866624026700897
2019-08-13,Deep,266,2,0.007518796992481203,0.42950248130073104,0.07563773033274057
2019-09-10,Surface,15,5,0.3333333333333333,1.7070135208590163,0.5943944185720492
2019-09-10,Mid-Depth,11,1,0.09090909090909091,7.41476237350075,9.608683821773127
2019-09-10,Lower Photic,12,2,0.16666666666666666,3.4927395543334647,1.6527938907850692
2019-09-10,Deep,266,14,0.05263157894736842,0.4562427529600256,0.15231570963225183
2020-01-23,Surface,15,5,0.3333333333333333,3.1914090450915173,0.11000611685446815
2020-01-23,Mid-Depth,11,1,0.09090909090909091,3.338787096733809,0.021179025065906024
2020-01-23,Lower Photic,12,2,0.16666666666666666,3.282318988407293,0.056726411026984266
2020-01-23,Deep,266,96,0.3609022556390977,0.9965958389035254,0.9926467327479124
2020-02-11,Surface,15,5,0.3333333333333333,6.817775079328735,8.783577165414783
2020-02-11,Mid-Depth,11,1,0.09090909090909091,7.55487497263901,1.2933925279342093
2020-02-11,Lower Photic,12,2,0.16666666666666666,8.09222813634279,0.7668540005163211
2020-02-11,Deep,266,3,0.011278195488721804,0.8670851467069055,1.0931188641232383
2020-03-10,Surface,15,5,0.3333333333333333,2.870703458557061,0.10522096871891394
2020-03-10,Mid-Depth,11,1,0.09090909090909091,3.0867657910833386,0.0698322161728927
2020-03-10,Lower Photic,12,2,0.16666666666666666,3.256861381243695,0.09377722953485894
2020-03-10,Deep,266,3,0.011278195488721804,0.8820797910298925,0.9233879225981542
2020-04-14,Surface,15,5,0.3333333333333333,1.329314454010969,0.09841865681374803
2020-04-14,Mid-Depth,11,1,0.09090909090909091,2.225919888544295,0.4992343100227033
2020-04-14,Lower Photic,12,2,0.16666666666666666,3.2986998533922858,0.1608065965624303
2020-04-14,Deep,266,3,0.011278195488721804,0.5751186664440336,0.3278909773886013
2020-05-12,Surface,15,5,0.3333333333333333,2.074522138005202,0.3567305472192936
2020-05-12,Mid-Depth,11,1,0.09090909090909091,3.101882836301979,0.1635986435541197
2020-05-12,Lower Photic,12,2,0.16666666666666666,1.6013840458218873,0.6469580071413384
2020-05-12,Deep,266,3,0.011278195488721804,0.5118043723521231,0.1364213450541621
2020-06-09,Surface,15,5,0.3333333333333333,2.768513302142617,1.1677722379968842
2020-06-09,Mid-Depth,11,1,0.09090909090909091,4.199933338571873,0.26956465295779725
2020-06-09,Lower Photic,12,2,0.16666666666666666,2.6050905649092817,1.414640280618943
2020-06-09,Deep,266,4,0.015037593984962405,0.5131226268849273,0.11630329592851008
2020-07-14,Surface,15,5,0.3333333333333333,3.360208299000825,0.47507718480155664
2020-07-14,Mid-Depth,11,1,0.09090909090909091,3.6031023106936866,0.18383119621624752
2020-07-14,Lower Photic,12,2,0.16666666666666666,1.8471806207938717,0.6793662820214261
2020-07-14,Deep,266,3,0.011278195488721804,0.4818653901171015,0.08666511242154122
2020-08-11,Surface,15,5,0.3333333333333333,1.674829307558095,0.026093393779851762
2020-08-11,Mid-Depth,11,1,0.09090909090909091,1.8081711736618917,0.16010783377178928
2020-08-11,Lower Photic,12,2,0.16666666666666666,1.5453559922715907,0.6150629043831072
2020-08-11,Deep,266,4,0.015037593984962405,0.4854810053485282,0.07605859644076318
2020-09-08,Surface,15,5,0.3333333333333333,1.482193203806359,0.1083305908080898
2020-09-08,Mid-Depth,11,1,0.09090909090909091,1.5365379643078172,0.11419041416733032
2020-09-08,Lower Photic,12,2,0.16666666666666666,0.9193694084167123,0.17437833860758664
2020-09-08,Deep,266,4,0.015037593984962405,0.4643583075744734,0.034704492980251904
2020-10-13,Surface,15,5,0.3333333333333333,1.362731184728692,0.24966633353942896
2020-10-13,Mid-Depth,11,1,0.09090909090909091,2.6079529433813162,0.4328798954900905
2020-10-13,Lower Photic,12,2,0.16666666666666666,1.7623666314882371,0.4934262931280949
2020-10-13,Deep,266,3,0.011278195488721804,0.5122375530936166,0.059500020468877375
2020-11-10,Surface,15,5,0.3333333333333333,9.514661014562336,0.6495820583690224
2020-11-10,Mid-Depth,11,1,0.09090909090909091,5.791107587921808,0.8285267901146528
2020-11-10,Lower Photic,12,2,0.16666666666666666,4.302832840833316,0.9501765627605837
2020-11-10,Deep,266,4,0.015037593984962405,0.6320637922853047,1.56531458909723
2020-12-08,Surface,15,5,0.3333333333333333,2.3461596928559976,0.0933976597928532
2020-12-08,Mid-Depth,11,1,0.09090909090909091,2.399402710430792,0.15607202545949686
2020-12-08,Lower Photic,12,2,0.16666666666666666,2.5106867071177987,0.11253263797436647
2020-12-08,Deep,266,3,0.011278195488721804,0.5559815063283925,0.41027468338140355
2021-01-19,Surface,15,5,0.3333333333333333,2.6840776073798533,0.886241684424324
2021-01-19,Mid-Depth,11,1,0.09090909090909091,3.7772581950612563,0.3010059528854471
2021-01-19,Lower Photic,12,2,0.16666666666666666,3.81723443849071,0.24144354148931343
2021-01-19,Deep,266,3,0.011278195488721804,0.7508425269395012,0.8411978644915811
2021-02-16,Surface,15,5,0.3333333333333333,3.379432068765972,0.910629983277561
2021-02-16,Mid-Depth,11,1,0.09090909090909091,3.86528773116857,0.30157434108403003
2021-02-16,Lower Photic,12,2,0.16666666666666666,2.5822909880170957,0.33673684052273495
2021-02-16,Deep,266,3,0.011278195488721804,0.6686282735602033,0.42293887071818864
2021-03-16,Surface,15,5,0.3333333333333333,3.135489515498881,0.19190385933312
2021-03-16,Mid-Depth,11,1,0.09090909090909091,2.244651224234037,0.31730301794248916
2021-03-16,Lower Photic,12,2,0.16666666666666666,1.611949442733979,0.14194100100767518
2021-03-16,Deep,266,4,0.015037593984962405,0.5944626643001493,0.26743537753863655
2021-04-13,Surface,15,5,0.3333333333333333,3.14644322644776,0.8098358939987778
2021-04-13,Mid-Depth,11,1,0.09090909090909091,3.1682203028508065,0.5475062707466022
2021-04-13,Lower Photic,12,2,0.16666666666666666,2.009615692161278,0.18033676295763862
2021-04-13,Deep,266,4,0.015037593984962405,0.5837722758045459,0.2866471295636561
2021-05-11,Surface,15,5,0.3333333333333333,1.4306587364361367,0.4100602031460576
2021-05-11,Mid-Depth,11,1,0.09090909090909091,2.8389913676495064,0.5332376966473609
2021-05-11,Lower Photic,12,2,0.16666666666666666,1.242262779172972,0.18356290135154124
2021-05-11,Deep,266,4,0.015037593984962405,0.5328168779326011,0.11871412793960896
2021-06-08,Surface,15,5,0.3333333333333333,1.4064873979136565,0.33827453528372475
2021-06-08,Mid-Depth,11,1,0.09090909090909091,1.646038253879825,0.1899817824044185
2021-06-08,Lower Photic,12,2,0.16666666666666666,1.0445253021918233,0.2201941050871737
2021-06-08,Deep,266,3,0.011278195488721804,0.4987577246687305,0.0640710756145482
2021-07-13,Surface,15,5,0.3333333333333333,1.979374414218464,0.064825354420112
2021-07-13,Mid-Depth,11,1,0.09090909090909091,2.15144023178227,0.19237149394057312
2021-07-13,Lower Photic,12,2,0.16666666666666666,1.811226891253419,0.5365112235858154
2021-07-13,Deep,266,3,0.011278195488721804,0.5013471236878038,0.10246571980615542
2021-08-10,Surface,15,5,0.3333333333333333,1.1373086230110685,0.4060616858888617
2021-08-10,Mid-Depth,11,1,0.09090909090909091,1.8477183907898271,0.12950491343632814
2021-08-10,Lower Photic,12,2,0.16666666666666666,1.5364102130384332,0.35540911163814837
2021-08-10,Deep,266,3,0.011278195488721804,0.5099132032203757,0.09914977686539203
2021-09-07,Surface,15,5,0.3333333333333333,1.6937075799950114,0.7761581382547474
2021-09-07,Mid-Depth,11,1,0.09090909090909091,2.9706514245300575,0.3235487983921971
2021-09-07,Lower Photic,12,2,0.16666666666666666,1.9642999607810672,0.28796649799143864
2021-09-07,Deep,266,2,0.007518796992481203,0.5031858894879608,0.1178442580242052
2021-10-12,Surface,15,5,0.3333333333333333,2.2831870613484093,0.7540953909383398
2021-10-12,Mid-Depth,11,1,0.09090909090909091,3.435739649174888,0.162737093166551
2021-10-12,Lower Photic,12,2,0.16666666666666666,3.033711633551812,0.42655583228266764
2021-10-12,Deep,266,2,0.007518796992481203,0.5320684197052116,0.16751411520217374
2021-11-09,Surface,15,5,0.3333333333333333,6.724386148914741,7.163337556890997
2021-11-09,Mid-Depth,11,1,0.09090909090909091,6.922864117636583,0.33958396635163157
2021-11-09,Lower Photic,12,2,0.16666666666666666,7.576431292041479,0.7087798977672332
2021-11-09,Deep,266,2,0.007518796992481203,0.5617715374666256,0.6622075728300294
2021-12-07,Surface,15,5,0.3333333333333333,2.6412144779566726,0.9167031824393408
2021-12-07,Mid-Depth,11,1,0.09090909090909091,9.911594147264548,6.675983783523737
2021-12-07,Lower Photic,12,2,0.16666666666666666,10.512919168230582,0.6681130586502383
2021-12-07,Deep,266,2,0.007518796992481203,1.3013220111979307,2.8433999891154342
2022-01-18,Surface,15,5,0.3333333333333333,2.216398457073146,0.8482297919438432
2022-01-18,Mid-Depth,11,1,0.09090909090909091,3.138322615816378,0.2876594618487733
2022-01-18,Lower Photic,12,2,0.16666666666666666,1.7963386969273931,0.27170105411161305
2022-01-18,Deep,266,3,0.011278195488721804,0.6206483330898585,0.36040947542512275
2022-02-08,Surface,15,5,0.3333333333333333,2.453386320778011,0.8811766865393902
2022-02-08,Mid-Depth,11,1,0.09090909090909091,3.314302604154453,0.18144397587484737
2022-02-08,Lower Photic,12,2,0.16666666666666666,3.239614030849335,0.19169716590650418
2022-02-08,Deep,266,3,0.011278195488721804,1.011250366856952,2.04031703970597
2022-03-08,Surface,15,5,0.3333333333333333,2.616242696541677,0.9838624894134556
2022-03-08,Mid-Depth,11,1,0.09090909090909091,1.5452258786716278,0.31738771094093576
2022-03-08,Lower Photic,12,2,0.16666666666666666,0.9617299746672391,0.11707134787059846
2022-03-08,Deep,266,207,0.7781954887218046,0.6282481737443373,0.16476929578220595
2022-04-05,Surface,15,5,0.3333333333333333,2.121317361000498,0.5560941249578449
2022-04-05,Mid-Depth,11,1,0.09090909090909091,3.374976476268614,0.6550806545897724
2022-04-05,Lower Photic,12,2,0.16666666666666666,3.0162434923851147,0.8050390718411669
2022-04-05,Deep,266,2,0.007518796992481203,0.5801702476672282,0.21448732715990868
2022-05-10,Surface,15,5,0.3333333333333333,1.694491208533319,0.4026419361997285
2022-05-10,Mid-Depth,11,1,0.09090909090909091,1.9768739645495146,0.1662689927923087
2022-05-10,Lower Photic,12,2,0.16666666666666666,1.23525769201575,0.16282078249702225
2022-05-10,Deep,266,3,0.011278195488721804,0.5181674549376166,0.09675782715027416
2022-06-14,Surface,15,5,0.3333333333333333,1.905614482951934,0.12087540130254554
2022-06-14,Mid-Depth,11,1,0.09090909090909091,2.278477970304554,0.35749488218731
2022-06-14,Lower Photic,12,2,0.16666666666666666,1.6857007868516607,0.5611905957970206
2022-06-14,Deep,266,3,0.011278195488721804,0.5122853940007028,0.07635275299534909
2022-07-12,Surface,15,5,0.3333333333333333,1.6120014293767828,0.3123677324925441
2022-07-12,Mid-Depth,11,1,0.09090909090909091,1.7210961575625077,0.0860349660378614
2022-07-12,Lower Photic,12,2,0.16666666666666666,1.3238522372597992,0.13478132061280065
2022-07-12,Deep,266,3,0.011278195488721804,0.5062477571979141,0.08899011841991705
2022-08-09,Surface,15,5,0.3333333333333333,1.895803955199936,0.3167338712071623
2022-08-09,Mid-Depth,11,1,0.09090909090909091,2.3419833187560335,0.1532536931415422
2022-08-09,Lower Photic,12,2,0.16666666666666666,1.9444940429471007,0.30398749561210736
2022-08-09,Deep,266,2,0.007518796992481203,0.5113572477861034,0.12688486541911204
2022-09-06,Surface,15,5,0.3333333333333333,1.7484837194527703,0.4926070770500102
2022-09-06,Mid-Depth,11,1,0.09090909090909091,2.39621966478001,0.15477597209009036
2022-09-06,Lower Photic,12,2,0.16666666666666666,1.68256562558602,0.1784654537427872
2022-09-06,Deep,266,3,0.011278195488721804,0.5221606022399375,0.14114906137518918
2022-10-18,Surface,15,5,0.3333333333333333,2.969971890203756,1.132396118579127
2022-10-18,Mid-Depth,11,1,0.09090909090909091,3.222131053960535,0.5671235388438858
2022-10-18,Lower Photic,12,2,0.16666666666666666,2.4105471362593667,0.21232668166407842
2022-10-18,Deep,266,2,0.007518796992481203,0.5139880207532889,0.1588375583179738
2022-11-08,Surface,15,5,0.3333333333333333,2.414392746325345,0.7168480752013242
2022-11-08,Mid-Depth,11,1,0.09090909090909091,2.4535756107629467,0.4004056922572682
2022-11-08,Lower Photic,12,2,0.16666666666666666,1.246891412580723,0.2276639798489907
2022-11-08,Deep,266,2,0.007518796992481203,0.5348019102401232,0.12864373654613237
2022-12-06,Surface,15,5,0.3333333333333333,1.9539234963213872,0.6213398157119481
2022-12-06,Mid-Depth,11,1,0.09090909090909091,2.529173662209488,0.10007323170315255
2022-12-06,Lower Photic,12,2,0.16666666666666666,2.484127328541512,0.16985159710536088
2022-12-06,Deep,266,2,0.007518796992481203,0.6210796214603075,0.4702611736677019
2023-01-17,Surface,15,5,0.3333333333333333,2.4043166257942357,0.4546891232316619
2023-01-17,Mid-Depth,11,1,0.09090909090909091,2.718232118092353,0.08057790883402709
2023-01-17,Lower Photic,12,2,0.16666666666666666,2.3122051889678796,0.1710516359164207
2023-01-17,Deep,266,2,0.007518796992481203,0.7314028152239644,0.5250627991238385
2023-02-14,Surface,15,5,0.3333333333333333,2.3199062616006096,0.8515004363891087
2023-02-14,Mid-Depth,11,1,0.09090909090909091,6.854829328716238,6.534604964384501
2023-02-14,Lower Photic,12,2,0.16666666666666666,3.7852874642242407,0.9433415175736891
2023-02-14,Deep,266,3,0.011278195488721804,0.9745436865562513,0.8680360165392073
2023-03-14,Surface,15,5,0.3333333333333333,4.790844511402035,5.8206331778175855
2023-03-14,Mid-Depth,11,1,0.09090909090909091,4.406903492829567,3.646817224342881
2023-03-14,Lower Photic,12,2,0.16666666666666666,5.662119385307709,7.598218800201688
2023-03-14,Deep,266,3,0.011278195488721804,0.7151547884738536,0.3607845519035054
2023-04-11,Surface,15,5,0.3333333333333333,1.948239141152633,0.645504680704302
2023-04-11,Mid-Depth,11,1,0.09090909090909091,2.445948941068547,0.1311067867020381
2023-04-11,Lower Photic,12,2,0.16666666666666666,2.192495048930699,0.2214806146043945
2023-04-11,Deep,266,14,0.05263157894736842,0.5736627095833612,0.17418689767704154
2023-05-09,Surface,15,5,0.3333333333333333,1.287146305094742,0.5068557290672944
2023-05-09,Mid-Depth,11,1,0.09090909090909091,2.183762396904632,0.14947813563181533
2023-05-09,Lower Photic,12,2,0.16666666666666666,2.0104486452127417,0.42716458947450703
2023-05-09,Deep,266,3,0.011278195488721804,0.5368648846633906,0.13941759305342605
2023-06-13,Surface,15,5,0.3333333333333333,1.6197320589932969,0.5086940753276197
2023-06-13,Mid-Depth,11,1,0.09090909090909091,2.4272643983642057,0.28845959255831105
2023-06-13,Lower Photic,12,2,0.16666666666666666,1.5064226635845548,0.2560760004043664
2023-06-13,Deep,266,3,0.011278195488721804,0.5103148649077347,0.08764012962370221
2023-07-18,Surface,15,5,0.3333333333333333,2.203525876881731,0.876324159299236
2023-07-18,Mid-Depth,11,1,0.09090909090909091,3.797017463644731,0.22193853805631988
2023-07-18,Lower Photic,12,2,0.16666666666666666,7.086284393002543,7.84415888767178
2023-07-18,Deep,266,11,0.041353383458646614,0.5031860482773766,0.08371771186493993
2023-08-16,Surface,15,5,0.3333333333333333,2.361199288178912,1.112163314512947
2023-08-16,Mid-Depth,11,1,0.09090909090909091,3.9462525344959736,0.29387233791073764
2023-08-16,Lower Photic,12,2,0.16666666666666666,2.2753678908127077,0.6071734502202637
2023-08-16,Deep,266,2,0.007518796992481203,0.5014297830977976,0.10854631731273795
2023-09-05,Surface,15,5,0.3333333333333333,2.0972118037039693,0.5999397064225679
2023-09-05,Mid-Depth,11,1,0.09090909090909091,2.98808729728618,0.27666788485392896
2023-09-05,Lower Photic,12,2,0.16666666666666666,1.4533740131485051,0.4521343191571762
2023-09-05,Deep,266,3,0.011278195488721804,0.48928191549988087,0.06706171530803981
2023-10-18,Surface,15,5,0.3333333333333333,19.30642263929445,5.664830650504348
2023-10-18,Mid-Depth,11,1,0.09090909090909091,34.15525833877947,3.1617810370292014
2023-10-18,Lower Photic,12,2,0.16666666666666666,26.273881279252613,6.763418791420358
2023-10-18,Deep,266,98,0.3684210526315789,5.1324202775817485,1.039798086942542
2023-11-14,Surface,15,5,0.3333333333333333,2.4456328520319497,0.46298729272576244
2023-11-14,Mid-Depth,11,1,0.09090909090909091,6.76303936580126,5.808625098531243
2023-11-14,Lower Photic,12,2,0.16666666666666666,5.351732373047787,3.9460386651834645
2023-11-14,Deep,266,3,0.011278195488721804,0.5645663307218826,0.49004565269184236
2023-12-05,Surface,15,5,0.3333333333333333,2.845376781807866,0.7629808299269701
2023-12-05,Mid-Depth,11,1,0.09090909090909091,4.36372266057906,1.9116213061131264
2023-12-05,Lower Photic,12,2,0.16666666666666666,4.407944066129266,1.7899100786515212
2023-12-05,Deep,266,3,0.011278195488721804,0.6590128612093111,0.99324887564946
