month_year,Year,Month (num),Month,Day,date,Location,Municipality,X,Y,Altitude,Time,Temperature,Ambient T,Temp change,pH,depth,Total_Dissolved_Solids,Sediments,O2,O2,Salinity,Conductivity,Flow,flow,phosphate,Nitrates,Turbidity,Fecal_Coliforms,BOD,Total_Nitrogen,Total_Phosphorus,ICA,Quality,Colour
2,2015,2,Feb,4,04/02/2015,Río La Catarata,Panajachel,428286,1631202,0,,17,,,8.11,120,108.7,0,8.02,101.1,0.11,228,10.98,0.01,,,,,,,,,,
2,2015,2,Feb,4,04/02/2015,Rio San Buenaventura,Panajachel,428435,1631162,1596,,20.2,,,8.61,35,102,0,8.95,119.4,0.1,214.2,2.35,0.002,,,,,,,,,,
2,2015,2,Feb,4,04/02/2015,Río San Francisco,Panajachel,430805,1631438,1637,,21.4,,,7.97,19,87.6,0.3,7.37,100.8,0.9,184,103.52,0.103,,,,,,,,,,
2,2015,2,Feb,6,06/02/2015,Río Quiscab,Sololá,426160,1630385,0,,19.2,,,8.13,29,73,0.2,7.82,101.1,0.07,234.3,645.79,0.645,,,,,,,,,,
2,2015,2,Feb,6,06/02/2015,Río Tzununá,Santa Cruz La Laguna,420004,1629107,1581,,17.1,,,7.92,50,55.4,0.2,7.91,98.8,0.05,117.4,43.7,0.043,,,,,,,,,,
3,2015,3,Mar,4,04/03/2015,Río La Catarata,Panajachel,428286,1631202,0,,18,,,8.33,120,117.8,0.1,8.27,105.9,0.12,247,2.17,0.002,,,,,,,,,,
3,2015,3,Mar,4,04/03/2015,Rio San Buenaventura,Panajachel,428435,1631162,1596,,21.1,,,9,105,110.7,0.1,11.16,151.3,0.11,232,1.1,0.001,,,,,,,,,,
3,2015,3,Mar,4,04/03/2015,Río San Francisco,Panajachel,430805,1631438,1637,,20.5,,,8.18,13,90.6,0.3,7.77,104.6,0.09,190.7,95.51,0.095,,,,,,,,,,
3,2015,3,Mar,5,05/03/2015,Río Quiscab,Sololá,426160,1630385,0,,18.3,,,8.1,35,75.3,0.2,7.87,100.6,0.07,135.5,618.77,0.618,,,,,,,,,,
3,2015,3,Mar,5,05/03/2015,Río Tzununá,Santa Cruz La Laguna,420004,1629107,1581,,18,,,7.98,10,54.1,0.5,7.8,99,0.05,97.4,48.69,0.048,,,,,,,,,,
4,2015,4,Abr,9,09/04/2015,Río San Francisco,Panajachel,430805,1631438,1637,,26.2,,,8.25,20,93,0.1,6.86,103.4,0.09,199.8,78.99,0.078,,,,,,,,,,
4,2015,4,Abr,10,10/04/2015,Río La Catarata,Panajachel,428286,1631202,0,,18.9,,,8.35,> 120.00,117.2,0.1,7.76,100.9,0.12,246,4.14,0.004,,,,,,,,,,
4,2015,4,Abr,10,10/04/2015,Río Quiscab,Sololá,426160,1630385,0,,19.1,,,8.11,47.2,77.2,0.2,7.77,100.8,0.08,162.8,257.24,0.257,,,,,,,,,,
4,2015,4,Abr,10,10/04/2015,Rio San Buenaventura,Panajachel,428435,1631162,1596,,21.8,,,8.93,> 120.0,100.4,0,8.36,115.2,0.1,211,1.53,0.001,,,,,,,,,,
4,2015,4,Abr,10,10/04/2015,Río Tzununá,Santa Cruz La Laguna,420004,1629107,1581,,18.8,,,7.86,65,54.4,0.1,7.68,99.1,0.05,115.2,67.94,0.015,,,,,,,,,,
5,2015,5,May,6,06/05/2015,Río La Catarata,Panajachel,428286,1631202,0,,17.3,,,8.2,35,100.6,0.05,8.03,100.8,0.1,211.4,9.58,0.009,,,,,,,,,,
5,2015,5,May,7,07/05/2015,Rio San Buenaventura,Panajachel,428435,1631162,1596,,20,,,8.7,61,188,0.1,9.52,185.1,0.05,188.4,6.71,0.006,,,,,,,,,,
5,2015,5,May,7,07/05/2015,Río San Francisco,Panajachel,430805,1631438,1637,,23.7,,,8.28,25,184,0.1,20.5,417,0,183.9,119.19,0.119,,,,,,,,,,
5,2015,5,May,8,08/05/2015,Río Quiscab,Sololá,426160,1630385,0,,22.8,,,8.11,30,78.1,0.1,7.18,100.9,0.08,164.8,484.71,0.484,,,,,,,,,,
5,2015,5,May,8,08/05/2015,Río Tzununá,Santa Cruz La Laguna,420004,1629107,1581,,21.5,,,8.01,26,55.3,0.5,7.56,101.5,0.05,117.1,46.88,0.011,,,,,,,,,,
6,2015,6,Jun,2,02/06/2015,Rio San Buenaventura,Panajachel,428435,1631162,1596,,20.8,,,8.64,118,89,0,8.34,112.3,0.09,170.5,8.09,0.008,,,,,,,,,,
6,2015,6,Jun,2,02/06/2015,Río San Francisco,Panajachel,430805,1631438,1637,,25,,,8.3,111,88.2,0.1,7.16,105.4,0.09,185.6,406.2,0.406,,,,,,,,,,
6,2015,6,Jun,3,03/06/2015,Río La Catarata,Panajachel,428286,1631202,0,,18.7,,,7.92,17,194,0,6.06,78.2,0,194.1,22.47,0.022,,,,,,,,,,
6,2015,6,Jun,3,03/06/2015,Río Tzununá,Santa Cruz La Laguna,420004,1629107,1581,,20.4,,,8.03,15,117,0.2,5.8,77.1,0,116.7,22.95,0.002,,,,,,,,,,
6,2015,6,Jun,9,09/06/2015,Río Quiscab,Sololá,426160,1630385,0,,20,,,7.93,6,86.9,0.5,7.65,101.4,0.09,182.9,907.74,0.907,,,,,,,,,,
7,2015,7,Jul,8,08/07/2015,Río La Catarata,Panajachel,428286,1631202,0,,16.3,,,8.45,90,106.9,< 0.1,8.09,100.8,0.11,186,8.03,0.008,,,,,,,,,,
7,2015,7,Jul,8,08/07/2015,Rio San Buenaventura,Panajachel,428435,1631162,1596,,18.7,,,8.89,105,94.7,< 0.1,8.87,114.3,0.09,199.1,1.34,0.001,,,,,,,,,,
7,2015,7,Jul,8,08/07/2015,Río San Francisco,Panajachel,430805,1631438,1637,,22.4,,,8.55,15,88.8,0.5,7.47,104.3,0.09,174.6,135.9,0.135,,,,,,,,,,
7,2015,7,Jul,10,10/07/2015,Río Quiscab,Sololá,426160,1630385,0,,17.2,,,8.26,15,76.4,0.3,8.12,102.9,0.08,161.2,698.61,0.698,,,,,,,,,,
7,2015,7,Jul,10,10/07/2015,Río Tzununá,Santa Cruz La Laguna,420004,1629107,1581,,17.2,,,7.88,10,56.7,0.5,7.83,98.7,0.06,120,44.19,0.03,,,,,,,,,,
8,2015,8,Ago,3,03/08/2015,Río San Francisco,Panajachel,430805,1631438,1637,,25.9,,,8.18,15,91.3,0.2,6.89,103.1,0.09,192.2,234.71,0.234,,,,,,,,,,
8,2015,8,Ago,5,05/08/2015,Río La Catarata,Panajachel,428286,1631202,0,,18.1,,,8.15,> 120.0 ,107.5,0.1,11.11,140,0,252,6.23,0.006,,,,,,,,,,
8,2015,8,Ago,5,05/08/2015,Rio San Buenaventura,Panajachel,428435,1631162,1596,,21.8,,,8.44,65,102.2,0.1,7.2,99.1,0.1,214.8,3.65,0.003,,,,,,,,,,
8,2015,8,Ago,6,06/08/2015,Río Quiscab,Sololá,426160,1630385,0,,23.5,,,8.68,45,79.8,0.2,7.31,104,0.08,168.1,520.37,0.52,,,,,,,,,,
8,2015,8,Ago,6,06/08/2015,Río Tzununá,Santa Cruz La Laguna,420004,1629107,1581,,20.4,,,8.19,5,56.5,1,7.26,98.6,0.06,119.6,89.1,0.038,,,,,,,,,,
9,2015,9,Sep,3,03/09/2015,Río Quiscab,Sololá,426160,1630385,0,,19.9,,,8.11,9,76.6,0.5,7.53,100.9,0.08,161.7,792.89,0.792,,,,,,,,,,
9,2015,9,Sep,3,03/09/2015,Río Tzununá,Santa Cruz La Laguna,420004,1629107,1581,,19.7,,,8.2,70,58,1,7.67,101,0.06,122.7,56.24,0.028,,,,,,,,,,
9,2015,9,Sep,4,04/09/2015,Río La Catarata,Panajachel,428286,1631202,0,,17,,,8.2,24,92.3,0,8.08,100.4,0.09,194,22.28,0.022,,,,,,,,,,
9,2015,9,Sep,4,04/09/2015,Rio San Buenaventura,Panajachel,428435,1631162,1596,,17.3,,,8.26,32,87,0,8.08,101.2,0.09,183.1,21.11,0.021,,,,,,,,,,
9,2015,9,Sep,4,04/09/2015,Río San Francisco,Panajachel,430805,1631438,1637,,19,,,7.93,13,81.9,2,7.7,100.8,0.08,172.6,177.33,0.177,,,,,,,,,,
10,2015,10,Oct,7,07/10/2015,Río Quiscab,Sololá,426160,1630385,0,,19.1,,,7.61,9,68.7,0.5,7.86,101.9,0.07,145,2124.73,2.124,,,,,,,,,,
10,2015,10,Oct,7,07/10/2015,Río Tzununá,Santa Cruz La Laguna,420004,1629107,1581,,18.8,,,7.55,29,55.7,0.3,7.95,102.5,0.05,117.8,267.63,0.267,,,,,,,,,,
10,2015,10,Oct,8,08/10/2015,Río La Catarata,Panajachel,428286,1631202,0,,18.9,,,8.04,44,91.5,< 0.1,7.85,101.8,0.09,192.4,28.53,0.028,,,,,,,,,,
10,2015,10,Oct,8,08/10/2015,Rio San Buenaventura,Panajachel,428435,1631162,1596,,18.7,,,8.07,73,98.6,< 0.1,7.96,102.8,0.1,207.3,64.24,0.064,,,,,,,,,,
10,2015,10,Oct,8,08/10/2015,Río San Francisco,Panajachel,430805,1631438,1637,,22.1,,,8.03,18,86.3,0.3,7.42,103,0.09,181.6,296.25,0.296,,,,,,,,,,
11,2015,11,Nov,4,04/11/2015,Río La Catarata,Panajachel,428286,1631202,0,,17.9,,,8.25,40,93.9,0,8.06,102.5,0.09,197.5,23.55,0.023,,,,,,,,,,
11,2015,11,Nov,4,04/11/2015,Rio San Buenaventura,Panajachel,428435,1631162,1596,,18.3,,,8.25,45,97.4,0,8.13,104.4,0.1,204.7,23.43,0.023,,,,,,,,,,
11,2015,11,Nov,4,04/11/2015,Río San Francisco,Panajachel,430805,1631438,1637,,20.6,,,7.55,20,84.4,0.1,7.91,106.6,0.08,177.7,252.07,0.252,,,,,,,,,,
11,2015,11,Nov,12,12/11/2015,Río Quiscab,Sololá,426160,1630385,0,,20,,,8.15,20,72.1,0.1,7.9,104.9,0.07,152.2,993.53,0.993,,,,,,,,,,
11,2015,11,Nov,12,12/11/2015,Río Tzununá,Santa Cruz La Laguna,,,,,19.1,,,8.45,12,56,0.1,7.93,103.3,0.06,118.6,125.26,0.125,,,,,,,,,,
12,2015,12,Dic,3,03/12/2015,Río La Catarata,Panajachel,428286,1631202,0,,17.2,,,8.3,65,109.3,< 0.1,8.12,101.5,0.11,229,9.14,0.009,,,,,,,,,,
12,2015,12,Dic,3,03/12/2015,Rio San Buenaventura,Panajachel,428435,1631162,1596,,17.9,,,8.31,57,108.9,0.1,8.29,105.2,0.11,228,7.3,0.007,,,,,,,,,,
12,2015,12,Dic,3,03/12/2015,Río San Francisco,Panajachel,430805,1631438,1637,,19.8,,,8.33,29,84.6,0.1,7.97,106.2,0.08,178.2,167.49,0.167,,,,,,,,,,
12,2015,12,Dic,8,08/12/2015,Río Quiscab,Sololá,426160,1630385,0,,17.6,,,8.38,25,69.9,0.1,8.32,108.4,0.07,147.6,867.82,0.867,,,,,,,,,,
12,2015,12,Dic,8,08/12/2015,Río Tzununá,Santa Cruz La Laguna,,,,,17.5,,,8.44,8.12,56.3,0.1,7.97,100.1,0.06,109.1,97.31,0.097,,,,,,,,,,
1,2015,1,Ene,0,,Río La Catarata,Panajachel,428286,1631202,0,,16,,,8.24,120,112.6,0.01,8.03,98.7,0.11,194.2,19.6,0.019,,,,,,,,,,
1,2015,1,Ene,0,,Río Quiscab,Sololá,426160,1630385,0,,19.1,,,,31,72.9,-0.1,7.76,102.5,0.07,134.2,1066.98,1.066,,,,,,,,,,
1,2015,1,Ene,0,,Rio San Buenaventura,Panajachel,428435,1631162,1596,,16.9,,,8.39,65,101,-0.01,8.15,101.2,0.1,172.9,15.95,0.015,,,,,,,,,,
1,2015,1,Ene,0,,Río San Francisco,Panajachel,430805,1631438,1637,,16.9,,,7.98,14,84,0.02,7.94,99,0.08,148.6,426.96,0.426,,,,,,,,,,
1,2015,1,Ene,0,,Río Tzununá,Santa Cruz La Laguna,420004,1629107,1581,,18.9,,,,17,55.7,0.02,7.49,97.8,0.05,117.9,44.26,0.044,,,,,,,,,,
13,2016,1,Ene,21,21/01/2016,Río San Francisco,Panajachel,430805,1631438,1637,,,,,,,,,,,,,108.86,0.108,,,,,,,,,,
14,2016,2,Feb,1,01/02/2016,Río La Catarata,Panajachel,428286,1631202,0,,17.9,,,8.31,120,120.3,0,8.06,102.3,0.12,256,8.79,0.008,,,,,,,,,,
14,2016,2,Feb,1,01/02/2016,Rio San Buenaventura,Panajachel,428435,1631162,1596,,19.5,,,8.67,120,110.5,0,8.92,117.1,0.11,232,2.17,0.002,,,,,,,,,,
14,2016,2,Feb,1,01/02/2016,Río San Francisco,Panajachel,430805,1631438,1637,,19.6,,,8.22,17,93.9,0.1,7.78,102.8,0.1,197.4,95.7,0.095,,,,,,,,,,
14,2016,2,Feb,17,17/02/2016,Río Quiscab,Sololá,426160,1630385,0,,20.1,,,8.24,20,75.8,0.1,7.76,102.9,0.07,159.9,956.04,0.956,,,,,,,,,,
14,2016,2,Feb,17,17/02/2016,Río Tzununá,Santa Cruz La Laguna,420004,1629107,1581,,20.4,,,8.19,7.5,56.1,0.1,7.62,102.3,0.06,118.8,167.42,0.164,,,,,,,,,,
15,2016,3,Mar,1,01/03/2016,Río La Catarata,Panajachel,428286,1631202,0,,20,,,8.25,120,137.9,0,7.42,98.4,0.14,288,1.05,0.001,,,,,,,,,,
15,2016,3,Mar,1,01/03/2016,Rio San Buenaventura,Panajachel,428435,1631162,1596,,0,,,0,0,0,0,0,0,0,0,0,0,,,,,,,,,,
15,2016,3,Mar,1,01/03/2016,Río San Francisco,Panajachel,430805,1631438,1637,,20.5,,,8.34,27,99.3,0.1,7.89,105.9,0.1,208.8,117.78,0.117,,,,,,,,,,
15,2016,3,Mar,9,09/03/2016,Río Quiscab,Sololá,426160,1630385,0,,17.1,,,8.27,27,75.7,0.1,8.15,101.4,0.07,159.7,1568.12,1.568,,,,,,,,,,
15,2016,3,Mar,9,09/03/2016,Río Tzununá,Santa Cruz La Laguna,420004,1629107,1581,,19.1,,,8.25,10,57.6,0.5,7.81,101.2,0.06,121.8,843.3,0.843,,,,,,,,,,
16,2016,4,Abr,5,05/04/2016,Río La Catarata,Panajachel,428286,1631202,0,,21.1,,,8.28,120,136.5,0.5,8.29,112.5,0.13,272,0.47,0,,,,,,,,,,
16,2016,4,Abr,5,05/04/2016,Rio San Buenaventura,Panajachel,428435,1631162,1596,,0,,,0,0,0,0,0,0,0,0,0,0,,,,,,,,,,
16,2016,4,Abr,5,05/04/2016,Río San Francisco,Panajachel,430805,1631438,1637,,23.7,,,8.08,26,97.4,0.1,7.42,106,0.1,205,56.97,0.056,,,,,,,,,,
16,2016,4,Abr,13,13/04/2016,Río Quiscab,Sololá,426160,1630385,0,,21.5,,,8.49,16.6,83.8,0.5,7.7,106.5,0.08,176.4,1858.65,1.858,,,,,,,,,,
16,2016,4,Abr,13,13/04/2016,Río Tzununá,Santa Cruz La Laguna,420004,1629107,1581,,22.7,,,8.34,33.8,56.2,0.5,7.17,102.1,0.06,118.9,325.47,0.325,,,,,,,,,,
17,2016,5,May,3,03/05/2016,Río La Catarata,Panajachel,428286,1631202,0,,18.8,,,8.44,27,114.2,0,7.63,99.9,0.11,239,16.42,0.016,,,,,,,,,,
17,2016,5,May,3,03/05/2016,Rio San Buenaventura,Panajachel,428435,1631162,1596,,18.5,,,8.34,75,98.8,0,7.71,100.5,0.1,207.7,43.24,0.043,,,,,,,,,,
17,2016,5,May,3,03/05/2016,Río San Francisco,Panajachel,430805,1631438,1637,,22.3,,,8.69,12.4,95.6,0.5,7.8,110,0.09,201,179.37,0.179,,,,,,,,,,
17,2016,5,May,18,18/05/2016,Río Quiscab,Sololá,426160,1630385,0,,24.9,,,8.53,7,86.2,0.5,7.15,105.4,0.08,181.5,391.47,0.391,,,,,,,,,,
17,2016,5,May,18,18/05/2016,Río Tzununá,Santa Cruz La Laguna,420004,1629107,1581,,23.8,,,8.4,32.6,58.3,0.5,7.22,103.2,0.06,123.3,483.59,0.483,,,,,,,,,,
18,2016,6,Jun,2,02/06/2016,Río La Catarata,Panajachel,428286,1631202,0,,18.6,,,8.35,15,94.4,0.1,7.88,101.6,0.09,198.5,24.9,0.024,,,,,,,,,,
18,2016,6,Jun,2,02/06/2016,Rio San Buenaventura,Panajachel,428435,1631162,1596,,18.9,,,8.36,4,82.8,0.1,7.86,102,0.08,174.5,18.62,0.018,,,,,,,,,,
18,2016,6,Jun,2,02/06/2016,Río San Francisco,Panajachel,430805,1631438,1637,,22.1,,,8.03,10,83.5,1.5,7.24,100.5,0.08,175.9,322.54,0.322,,,,,,,,,,
18,2016,6,Jun,15,15/06/2016,Río Quiscab,Sololá,426160,1630385,0,,22.3,,,8.26,15,93.5,0.5,7.35,100.8,0.06,193.4,1876.78,1.876,,,,,,,,,,
18,2016,6,Jun,15,15/06/2016,Río Tzununá,Santa Cruz La Laguna,420004,1629107,1581,,21.1,,,8.31,46,61.8,0.5,7.58,99.9,0.06,118,71.15,0.071,,,,,,,,,,
19,2016,7,Jul,13,13/07/2016,Río Quiscab,Sololá,426160,1630385,0,,18.7,,,8.43,13.4,78.2,0.3,7.93,101.9,0.08,164.9,667.71,0.667,,,,,,,,,,
19,2016,7,Jul,13,13/07/2016,Río Tzununá,Santa Cruz La Laguna,420004,1629107,1581,,18.7,,,8.28,18.2,58.4,0.6,7.83,100.6,0.06,123.6,45.53,0.045,,,,,,,,,,
19,2016,7,Jul,14,14/07/2016,Río La Catarata,Panajachel,428286,1631202,0,,17.9,,,8.44,38,104.1,0,7.63,96.8,0.1,218.7,10.65,0.01,,,,,,,,,,
19,2016,7,Jul,14,14/07/2016,Rio San Buenaventura,Panajachel,428435,1631162,1596,,18.4,,,8.42,47,95.8,0,7.62,97.7,0.09,201.3,12.8,0.012,,,,,,,,,,
19,2016,7,Jul,14,14/07/2016,Río San Francisco,Panajachel,430805,1631438,1637,,24.5,,,8.39,5,89.8,0.3,6.84,99.4,0.09,188.9,174.15,0.174,,,,,,,,,,
20,2016,8,Ago,1,01/08/2016,Río La Catarata,Panajachel,428286,1631202,0,,17.9,,,8.43,35,102.4,0,7.63,97.5,0.1,214.5,13.48,0.013,,,,,,,,,,
20,2016,8,Ago,1,01/08/2016,Rio San Buenaventura,Panajachel,428435,1631162,1596,,18.6,,,8.43,61,95.5,0,7.63,98.3,0.09,207.7,18.81,0.018,,,,,,,,,,
20,2016,8,Ago,1,01/08/2016,Río San Francisco,Panajachel,430805,1631438,1637,,22.6,,,8.45,15,91.6,0.3,7.3,102.3,0.09,192.7,193.04,0.193,,,,,,,,,,
20,2016,8,Ago,9,09/08/2016,Río Quiscab,Sololá,426160,1630385,0,,20.7,,,8.11,5,80.1,0.5,7.32,98.2,0.08,168.8,982.17,0.982,,,,,,,,,,
20,2016,8,Ago,9,09/08/2016,Río Tzununá,Santa Cruz La Laguna,420004,1629107,1581,,19.4,,,8.41,25,59,0.2,7.7,100.3,0.06,124.9,52.18,0.052,,,,,,,,,,
21,2016,9,Sep,1,01/09/2016,Río La Catarata,Panajachel,428286,1631202,0,,20,,,8.42,35,98.3,0,7.31,97,0.1,207,27.66,0.027,,,,,,,,,,
21,2016,9,Sep,1,01/09/2016,Rio San Buenaventura,Panajachel,428435,1631162,1596,,19.4,,,8.5,28,103,0.1,7.48,98.1,0.1,216.4,61.31,0.061,,,,,,,,,,
21,2016,9,Sep,1,01/09/2016,Río San Francisco,Panajachel,430805,1631438,1637,,22.1,,,8.17,2,59.2,2.1,7.02,97.6,0.06,125.3,959.25,0.959,,,,,,,,,,
21,2016,9,Sep,6,06/09/2016,Río Quiscab,Sololá,426160,1630385,0,,19.8,,,8.19,11.3,72.3,0.5,7.42,97.4,0.07,152.6,1151.27,1.151,,,,,,,,,,
21,2016,9,Sep,6,06/09/2016,Río Tzununá,Santa Cruz La Laguna,420004,1629107,1581,,18.8,,,8.4,24,59.4,0.4,7.63,98.3,0.06,125.6,115.41,0.115,,,,,,,,,,
22,2016,10,Oct,3,03/10/2016,Río La Catarata,Panajachel,428286,1631202,0,,18.5,,,8.52,19,95,< 0.1,7.49,96.6,0.09,199.8,26.05,0.026,,,,,,,,,,
22,2016,10,Oct,3,03/10/2016,Rio San Buenaventura,Panajachel,428435,1631162,1596,,18.7,,,8.53,26,101.3,-0.1,7.44,96.3,0.1,212.7,25.77,0.025,,,,,,,,,,
22,2016,10,Oct,3,03/10/2016,Río San Francisco,Panajachel,430805,1631438,1637,,21.1,,,8.35,5.5,79.9,0.5,7.12,97.1,0.08,167.2,289,0.289,,,,,,,,,,
22,2016,10,Oct,11,11/10/2016,Río Quiscab,Sololá,426160,1630385,0,,20.6,,,8.43,18,74.6,0.2,7.32,98.1,0.01,157.3,833.03,0.833,,,,,,,,,,
22,2016,10,Oct,11,11/10/2016,Río Tzununá,Santa Cruz La Laguna,420004,1629107,1581,,20.3,,,8.39,25,58.3,0.5,7.22,97.9,0.06,123.3,71.74,0.071,,,,,,,,,,
23,2016,11,Nov,2,02/11/2016,Río La Catarata,Panajachel,428286,1631202,0,,17.3,,,8.41,50,104.6,-0.1,7.51,94.3,0.1,220,12.09,0.012,,,,,,,,,,
23,2016,11,Nov,2,02/11/2016,Rio San Buenaventura,Panajachel,428435,1631162,1596,,18.4,,,8.51,65,102.4,-0.1,7.38,94.8,0.1,215.2,4.58,0.004,,,,,,,,,,
23,2016,11,Nov,2,02/11/2016,Río San Francisco,Panajachel,430805,1631438,1637,,21.5,,,8.43,15,89.6,0.2,7.27,99.8,0.09,188.6,181.13,0.181,,,,,,,,,,
23,2016,11,Nov,8,08/11/2016,Río Quiscab,Sololá,426160,1630385,0,,17.9,,,8.46,43,74.4,0.2,7.69,97.5,0.07,156.9,528.6,0.528,,,,,,,,,,
23,2016,11,Nov,8,08/11/2016,Río Tzununá,Santa Cruz La Laguna,,,,,17.3,,,8.3,31,56.8,0.2,7.59,95,0.06,120.1,53.54,0.053,,,,,,,,,,
24,2016,12,Dic,2,02/12/2016,Río La Catarata,Panajachel,428286,1631202,0,,17.1,,,8.44,100,126,-0.1,7.39,92.3,0.13,264,2.32,0.002,,,,,,,,,,
24,2016,12,Dic,2,02/12/2016,Rio San Buenaventura,Panajachel,428435,1631162,1596,,19,,,8.59,62,111.1,-0.1,7.58,98.4,0.11,233,2.43,0.002,,,,,,,,,,
24,2016,12,Dic,2,02/12/2016,Río San Francisco,Panajachel,430805,1631438,1637,,19.7,,,8.17,12,96.3,0.3,7.23,95.7,0.1,202.4,90.21,0.09,,,,,,,,,,
24,2016,12,Dic,6,06/12/2016,Río Quiscab,Sololá,426160,1630385,0,,20,,,8.41,33.4,76.3,0.5,7.26,96.1,0.08,160.8,590.86,0.59,,,,,,,,,,
24,2016,12,Dic,6,06/12/2016,Río Tzununá,Santa Cruz La Laguna,,,,,20.4,,,8.42,83,56.4,0.2,7.09,94.7,0.06,119.4,48.94,0.048,,,,,,,,,,
26,2017,2,Feb,1,01/02/2017,Río La Catarata,Panajachel,428286,1631202,0,,16,,,8.08,120,143.1,0.1,6.23,76.3,0.14,299,0.028,0,,,,,,,,,,
26,2017,2,Feb,1,01/02/2017,Rio San Buenaventura,Panajachel,428429,1631144,1592,,0,,,0,0,0,0,0,0,0,0,0,0,,,,,,,,,,
26,2017,2,Feb,1,01/02/2017,Río San Francisco,Panajachel,430828,1631459,1636,,24.3,,,8.73,10,105.9,0.5,7.16,104.2,0.1,222,35.45,0.035,,,,,,,,,,
26,2017,2,Feb,7,07/02/2017,Río Quiscab,Sololá,426160,1630385,0,,20.3,,,8.55,40,80.7,0.1,7.23,96.5,0.08,170.1,336.23,0.336,,,,,,,,,,
26,2017,2,Feb,7,07/02/2017,Río Tzununá,Santa Cruz La Laguna,420004,1629107,1581,,19.3,,,8.26,70,56.2,0.1,7.21,94.1,0.06,118.9,31.56,0.031,,,,,,,,,,
27,2017,3,Mar,1,01/03/2017,Río La Catarata,Panajachel,428286,1631202,0,,19.8,,,8.19,120,137.3,-0.1,6.91,91.3,0.14,287,0.1,0,,,,,,,,,,
27,2017,3,Mar,1,01/03/2017,Rio San Buenaventura,Panajachel,428429,1631144,1592,,0,,,0,0,0,0,0,0,0,0,0,0,,,,,,,,,,
27,2017,3,Mar,1,01/03/2017,Río San Francisco,Panajachel,430828,1631459,1636,,22.8,,,8.96,25,111.1,0.1,7.46,104.8,0.11,233,52.8,0.052,,,,,,,,,,
27,2017,3,Mar,13,13/03/2017,Río Quiscab,Sololá,426160,1630385,0,,21,,,8.47,29,81.4,0.1,7.23,97.7,0.08,171.6,458.7,0.458,,,,,,,,,,
27,2017,3,Mar,13,13/03/2017,Río Tzununá,Santa Cruz La Laguna,420004,1629107,1581,,19.2,,,8.35,105,58.1,0.1,7.32,95.2,0.06,122.9,51.09,0.051,,,,,,,,,,
28,2017,4,Abr,3,03/04/2017,Río La Catarata,Panajachel,428286,1631202,0,,18.8,,,8.47,120,124.5,0.1,8.47,109.7,0.12,261,2.02,0.002,,,,,,,,,,
28,2017,4,Abr,3,03/04/2017,Rio San Buenaventura,Panajachel,428429,1631144,1592,,23.2,,,8.99,120,99.8,0.1,8.75,123.6,0.1,209.7,2.69,0.002,,,,,,,,,,
28,2017,4,Abr,3,03/04/2017,Río San Francisco,Panajachel,430828,1631459,1636,,22.5,,,8.36,15,108.4,0.2,7.07,98.9,0.11,226,38.95,0.038,,,,,,,,,,
28,2017,4,Abr,18,18/04/2017,Río Quiscab,Sololá,426160,1630385,0,,20,,,8.59,36,80.8,0.3,7.41,98,0.08,170.2,326.26,0.326,,,,,,,,,,
28,2017,4,Abr,18,18/04/2017,Río Tzununá,Santa Cruz La Laguna,420004,1629107,1581,,19,,,8.21,38,55,0.3,7.28,94.4,0.05,116.5,61.12,0.061,,,,,,,,,,
29,2017,5,May,2,02/05/2017,Río La Catarata,Panajachel,428286,1631202,0,,18.5,,,8.66,7,115.2,0.1,7.39,95.1,0.11,241,13.18,0.013,,,,,,,,,,
29,2017,5,May,2,02/05/2017,Rio San Buenaventura,Panajachel,428429,1631144,1592,,19.7,,,8.69,50,101.4,0.1,7.37,97.2,0.1,213,11.71,0.011,,,,,,,,,,
29,2017,5,May,2,02/05/2017,Río San Francisco,Panajachel,430828,1631459,1636,,22.3,,,8.36,35,103.5,0.1,6.7,94.2,0.1,217.3,135.6,0.135,,,,,,,,,,
29,2017,5,May,15,15/05/2017,Río Quiscab,Sololá,426160,1630385,0,,22.2,,,8.5,9,88.3,0.3,7,96.8,0.09,185.8,576.69,0.576,,,,,,,,,,
29,2017,5,May,15,15/05/2017,Río Tzununá,Santa Cruz La Laguna,420004,1629107,1581,,21.1,,,8.4,16,60.7,0.3,7.1,96.1,0.06,128.3,55.6,0.055,,,,,,,,,,
30,2017,6,Jun,19,19/06/2017,Río La Catarata,Panajachel,428286,1631202,0,,17.8,,,8.52,25,113,0.1,7.61,96.8,0.11,237,104.03,0.104,,,,,,,,,,
30,2017,6,Jun,19,19/06/2017,Rio San Buenaventura,Panajachel,428429,1631144,1592,,17.9,,,8.58,12,123,0.2,7.57,96.5,0.12,258,97.17,0.097,,,,,,,,,,
30,2017,6,Jun,19,19/06/2017,Río San Francisco,Panajachel,430828,1631459,1636,,17.8,,,8.08,3,80.5,0.3,7.49,95.8,0.08,169.7,1160.02,1.16,,,,,,,,,,
30,2017,6,Jun,22,22/06/2017,Río Quiscab,Sololá,426160,1630385,0,,22.3,,,8.26,0.1,93.5,0.1,7.35,96.8,0.11,193.4,2173.01,2.173,,,,,,,,,,
30,2017,6,Jun,22,22/06/2017,Río Tzununá,Santa Cruz La Laguna,420004,1629107,1581,,21.1,,,8.31,30,61.8,0.1,7.58,100.5,0.1,235,987.5,0.987,,,,,,,,,,
31,2017,7,Jul,7,07/07/2017,Río Quiscab,Sololá,426160,1630385,0,,19.2,,,6.8,20,133.6,0.3,7.33,95.4,0.13,279,2642.95,2.642,,,,,,,,,,
31,2017,7,Jul,7,07/07/2017,Río Tzununá,Santa Cruz La Laguna,420004,1629107,1581,,19.8,,,8.48,28.4,58.6,0.3,7.24,95.5,0.06,123.9,230.32,0.23,,,,,,,,,,
31,2017,7,Jul,13,13/07/2017,Río La Catarata,Panajachel,428286,1631202,0,,,,,,,,,,,,,21.87,0.021,,,,,,,,,,
31,2017,7,Jul,13,13/07/2017,Rio San Buenaventura,Panajachel,428429,1631144,1592,,,,,,,,,,,,,19.54,0.019,,,,,,,,,,
31,2017,7,Jul,13,13/07/2017,Río San Francisco,Panajachel,430828,1631459,1636,,,,,,,,,,,,,427.35,0.427,,,,,,,,,,
32,2017,8,Ago,3,03/08/2017,Río Quiscab,Sololá,426160,1630385,0,,21.7,,,8.42,5,76.7,0.2,7.04,96.2,0.08,161.8,979.44,0.979,,,,,,,,,,
32,2017,8,Ago,3,03/08/2017,Río Tzununá,Santa Cruz La Laguna,420004,1629107,1581,,21,,,8.4,23,57.9,0.1,7.12,95.9,0.06,122.5,75.73,0.075,,,,,,,,,,
32,2017,8,Ago,4,04/08/2017,Río La Catarata,Panajachel,428286,1631202,0,,19.4,,,8.62,31,101.5,-0.1,7.23,94.6,0.1,213.3,21.25,0.021,,,,,,,,,,
32,2017,8,Ago,4,04/08/2017,Rio San Buenaventura,Panajachel,428429,1631144,1592,,18.7,,,8.66,27,106.1,-0.1,7.34,94.8,0.11,223,21.69,0.021,,,,,,,,,,
32,2017,8,Ago,4,04/08/2017,Río San Francisco,Panajachel,430828,1631459,1636,,24.3,,,8.41,5,79.4,0.5,6.5,94.3,0.08,167.3,281.07,0.281,,,,,,,,,,
33,2017,9,Sep,6,06/09/2017,Río Quiscab,Sololá,426160,1630385,0,,19.1,,,8.23,5,73.5,0.2,7.77,101.2,0.07,155.1,2730.75,2.73,,,,,,,,,,
33,2017,9,Sep,6,06/09/2017,Río Tzununá,Santa Cruz La Laguna,420004,1629107,1581,,21.6,,,8.57,8,57.5,0.1,7.42,101.1,0.06,121.8,163.45,0.163,,,,,,,,,,
33,2017,9,Sep,7,07/09/2017,Río La Catarata,Panajachel,428286,1631202,0,,19.2,,,8.58,20,95.7,0.1,7.83,102.2,0.09,201.2,34.41,0.034,,,,,,,,,,
33,2017,9,Sep,7,07/09/2017,Rio San Buenaventura,Panajachel,428429,1631144,1592,,19.1,,,8.63,9,95.6,0.1,7.85,102.5,0.09,201,35.66,0.035,,,,,,,,,,
33,2017,9,Sep,7,07/09/2017,Río San Francisco,Panajachel,430828,1631459,1636,,20.9,,,8.34,3,71.5,0.2,7.55,102.7,0.07,150.9,594.55,0.594,,,,,,,,,,
34,2017,10,Oct,24,24/10/2017,Río La Catarata,Panajachel,428286,1631202,0,,,,,,,,,,,,,28.34,0.028,,,,,,,,,,
34,2017,10,Oct,24,24/10/2017,Rio San Buenaventura,Panajachel,428429,1631144,1592,,,,,,,,,,,,,44.79,0.044,,,,,,,,,,
34,2017,10,Oct,24,24/10/2017,Río San Francisco,Panajachel,430828,1631459,1636,,,,,,,,,,,,,469.49,0.469,,,,,,,,,,
35,2017,11,Nov,6,06/11/2017,Río Quiscab,Sololá,426160,1630385,0,,19.7,,,8.44,7,78.5,1.1,7.6,100.3,0.08,165.6,1811.12,1.811,,,,,,,,,,
35,2017,11,Nov,6,06/11/2017,Río Tzununá,Santa Cruz La Laguna,,,,,18.9,,,8.66,18,58.5,0.2,7.66,100.7,0.06,123.7,99.3,0.099,,,,,,,,,,
35,2017,11,Nov,10,10/11/2017,Río La Catarata,Panajachel,428286,1631202,0,,,,,,,,,,,,,33.02,0.033,,,,,,,,,,
35,2017,11,Nov,10,10/11/2017,Rio San Buenaventura,Panajachel,428429,1631144,1592,,,,,,,,,,,,,21.13,0.021,,,,,,,,,,
35,2017,11,Nov,10,10/11/2017,Río San Francisco,Panajachel,430828,1631459,1636,,,,,,,,,,,,,169.14,0.169,,,,,,,,,,
36,2017,12,Dic,20,20/12/2017,Río Quiscab,Sololá,426160,1630385,0,,18.1,,,8.59,,86.1,,7.8,99.5,0.09,181.3,671.83,0.671,,,,,,,,,,
36,2017,12,Dic,20,20/12/2017,Río Tzununá,Santa Cruz La Laguna,,,,,18.3,,,8.74,37,59.5,,7.66,98,0.06,125.9,53.93,0.053,,,,,,,,,,
36,2017,12,Dic,21,21/12/2017,Río La Catarata,Panajachel,428286,1631202,0,,,,,,,,,,,,,9.54,0.009,,,,,,,,,,
36,2017,12,Dic,21,21/12/2017,Rio San Buenaventura,Panajachel,428429,1631144,1592,,,,,,,,,,,,,4.68,0.004,,,,,,,,,,
36,2017,12,Dic,21,21/12/2017,Río San Francisco,Panajachel,430828,1631459,1636,,,,,,,,,,,,,95.67,0.095,,,,,,,,,,
34,2017,10,Oct,0,,Río Quiscab,Sololá,426160,1630385,0,,,,,,,,,,,,,2270.94,2.27,,,,,,,,,,
34,2017,10,Oct,0,,Río Tzununá,Santa Cruz La Laguna,420004,1629107,1581,,,,,,,,,,,,,131.38,0.131,,,,,,,,,,
38,2018,2,Feb,7,07/02/2018,Río Quiscab,Sololá,426160,1630385,0,,19.6,,,8.27,15,81.2,,7.75,102.2,0.08,171.4,356.29,0.356,,,,,,,,,,
38,2018,2,Feb,7,07/02/2018,Río Tzununá,Santa Cruz La Laguna,420004,1629107,1581,,19.6,,,8.03,36,57,,7.67,102.1,0.06,120.7,57.1,0.057,,,,,,,,,,
38,2018,2,Feb,9,09/02/2018,Río La Catarata,Panajachel,428286,1631202,0,,16,,,8.28,120,138.7,,8.01,97.5,0.14,290,4.79,0.004,,,,,,,,,,
38,2018,2,Feb,9,09/02/2018,Rio San Buenaventura,Panajachel,428429,1631144,1592,,16.8,,,8.51,27,,,8.91,110.5,,,2.39,0.002,,,,,,,,,,
38,2018,2,Feb,9,09/02/2018,Río San Francisco,Panajachel,430828,1631459,1636,,23,,,8.33,4,,,7.23,103.5,,240,74.13,0.074,,,,,,,,,,
39,2018,3,Mar,2,02/03/2018,Río La Catarata,Panajachel,428286,1631202,0,,18.6,,,8.61,45,137.2,,8.09,104.4,0.14,285,4.69,0.004,,,,,,,,,,
39,2018,3,Mar,2,02/03/2018,Rio San Buenaventura,Panajachel,428429,1631144,1592,,19.9,,,9.2,40,118.6,,11.61,154,0.12,249,1.56,0.001,,,,,,,,,,
39,2018,3,Mar,9,09/03/2018,Río Quiscab,Sololá,426160,1630385,0,,20.6,,,8.38,30,83.2,,7.85,105.6,0.08,173.4,419.85,0.419,,,,,,,,,,
39,2018,3,Mar,9,09/03/2018,Río Tzununá,Santa Cruz La Laguna,420004,1629107,1581,,19.9,,,8.42,23,57.4,,8.01,105.9,0.06,121.6,42.69,0.042,,,,,,,,,,
39,2018,3,Mar,19,19/03/2018,Río San Francisco,Panajachel,430828,1631459,1636,,24.1,,,7.92,,195.5,,2.41,34.2,0.19,405.9,98,0.098,,,,,,,,,,
40,2018,4,Abr,4,04/04/2018,Río La Catarata,Panajachel,428286,1631202,0,,17.2,,,8.41,120,135.9,,7.79,97.5,0.13,284,5.09,0.005,,,,,,,,,,
40,2018,4,Abr,4,04/04/2018,Rio San Buenaventura,Panajachel,428429,1631144,1592,,17.6,,,8.66,50,100.1,,8.67,109.3,0.1,210.3,10.37,0.01,,,,,,,,,,
40,2018,4,Abr,4,04/04/2018,Río San Francisco,Panajachel,430828,1631459,1636,,23.3,,,8.29,6.7,112,,7.12,101.5,0.11,235,55.92,0.055,,,,,,,,,,
40,2018,4,Abr,13,13/04/2018,Río Quiscab,Sololá,426160,1630385,0,,20.8,,,8.32,25,80.3,,7.75,102.9,0.07,170.5,403.94,0.403,,,,,,,,,,
40,2018,4,Abr,13,13/04/2018,Río Tzununá,Santa Cruz La Laguna,420004,1629107,1581,,18.8,,,8.39,30,60.2,,7.55,97.6,0.06,127.3,66.82,0.066,,,,,,,,,,
41,2018,5,May,9,09/05/2018,Río Quiscab,Sololá,426160,1630385,0,,18.8,,,8.46,,82.9,,7.68,99.7,0.08,174.1,585.53,0.585,,,,,,,,,,
41,2018,5,May,9,09/05/2018,Río Tzununá,Santa Cruz La Laguna,420004,1629107,1581,,20,,,8.33,5,52.7,,7.36,97.5,0.05,111.7,65.53,0.065,,,,,,,,,,
41,2018,5,May,10,10/05/2018,Río La Catarata,Panajachel,428286,1631202,0,,18.3,,,8.24,,67.3,,7.64,98.2,0.07,142.1,25.52,0.025,,,,,,,,,,
41,2018,5,May,10,10/05/2018,Rio San Buenaventura,Panajachel,428429,1631144,1592,,19.8,,,8.44,,71.1,,7.36,97.5,0.07,148.5,39.01,0.039,,,,,,,,,,
41,2018,5,May,10,10/05/2018,Río San Francisco,Panajachel,430828,1631459,1636,,19.7,,,8.07,,69.4,,7.3,96.4,0.07,146.6,240.19,0.24,,,,,,,,,,
42,2018,6,Jun,6,06/06/2018,Río Quiscab,Sololá,426160,1630385,0,,,,,,,,,,,,,1516.68,1.516,,,,,,,,,,
42,2018,6,Jun,6,06/06/2018,Río Tzununá,Santa Cruz La Laguna,420004,1629107,1581,,,,,,14,,,,,,,228.54,0.228,,,,,,,,,,
42,2018,6,Jun,7,07/06/2018,Río La Catarata,Panajachel,428286,1631202,0,,19.1,,,8.49,13,65.2,,7.41,16.7,0.06,137.9,54.14,0.054,,,,,,,,,,
42,2018,6,Jun,7,07/06/2018,Rio San Buenaventura,Panajachel,428429,1631144,1592,,18.9,,,8.45,14.4,72.9,,7.46,97,0.07,153.8,113.83,0.113,,,,,,,,,,
42,2018,6,Jun,7,07/06/2018,Río San Francisco,Panajachel,430828,1631459,1636,,20.1,,,8.36,2,,,7.18,96.1,0.05,107.5,1197.38,1.197,,,,,,,,,,
43,2018,7,Jul,4,04/07/2018,Río Quiscab,Sololá,426160,1630385,0,,,,,,,,,,,,,1396.33,1.396,,,,,,,,,,
43,2018,7,Jul,4,04/07/2018,Río Tzununá,Santa Cruz La Laguna,420004,1629107,1581,,,,,,,,,,,,,93.33,0.093,,,,,,,,,,
43,2018,7,Jul,5,05/07/2018,Río La Catarata,Panajachel,428286,1631202,0,,17.4,,,8.55,37,78.4,,7.73,97.4,0.08,165.4,19.9,0.019,,,,,,,,,,
43,2018,7,Jul,5,05/07/2018,Rio San Buenaventura,Panajachel,428429,1631144,1592,,18.7,,,8.59,32,84.1,,7.5,97.1,0.08,177.1,15.43,0.015,,,,,,,,,,
43,2018,7,Jul,5,05/07/2018,Río San Francisco,Panajachel,430828,1631459,1636,,19.9,,,8.54,10,80.3,,7.41,98.8,0.08,169.3,170.59,0.17,,,,,,,,,,
44,2018,8,Ago,3,03/08/2018,Río Quiscab,Sololá,426160,1630385,0,,19.7,,,8.34,8.5,82.9,0.7,7.35,97,0.08,174.6,1168.27,1.168,,,,,,,,,,
44,2018,8,Ago,3,03/08/2018,Río Tzununá,Santa Cruz La Laguna,420004,1629107,1581,,21.2,,,8.49,8,57.5,0.5,7.21,96.8,0.06,121.6,61.19,0.061,,,,,,,,,,
44,2018,8,Ago,6,06/08/2018,Río La Catarata,Panajachel,428286,1631202,0,,17.7,,,8.45,5,100.7,-0.1,7.56,95.9,0.1,211.7,23.22,0.023,,,,,,,,,,
44,2018,8,Ago,6,06/08/2018,Rio San Buenaventura,Panajachel,428429,1631144,1592,,18.4,,,8.48,38,93.3,-0.1,7.5,96.5,0.09,196.1,25.35,0.025,,,,,,,,,,
44,2018,8,Ago,6,06/08/2018,Río San Francisco,Panajachel,430828,1631459,1636,,19.5,,,8.37,6,90.5,0.3,7.33,96.9,0.09,190.4,435.98,0.435,,,,,,,,,,
45,2018,9,Sep,4,04/09/2018,Río La Catarata,Panajachel,428286,1631202,0,,18.4,,,8.13,8,89.1,,7.6,97.8,0.09,187.5,43.27,0.043,,,,,,,,,,
45,2018,9,Sep,4,04/09/2018,Rio San Buenaventura,Panajachel,428429,1631144,1592,,18.4,,,8.15,7,93.3,,7.64,98.5,0.09,196.3,109.97,0.109,,,,,,,,,,
45,2018,9,Sep,4,04/09/2018,Río San Francisco,Panajachel,430828,1631459,1636,,19,,,8.06,3,85.6,,7.44,97.4,0.08,180.2,555.29,0.555,,,,,,,,,,
45,2018,9,Sep,5,05/09/2018,Río Quiscab,Sololá,426160,1630385,0,,22,,,8.08,4,81.3,0.5,7.27,100.6,0.08,171.2,1822.33,1.822,,,,,,,,,,
45,2018,9,Sep,5,05/09/2018,Río Tzununá,Santa Cruz La Laguna,420004,1629107,1581,,22.3,,,8.01,4,57.9,0.5,7.11,99.1,0.06,121.8,103.08,0.103,,,,,,,,,,
46,2018,10,Oct,1,01/10/2018,Río La Catarata,Panajachel,428286,1631202,0,,18.5,,,8.57,45,105.5,,7.52,97.3,0.1,222,14.04,0.014,,,,,,,,,,
46,2018,10,Oct,1,01/10/2018,Rio San Buenaventura,Panajachel,428429,1631144,1592,,19.1,,,8.66,43,95.2,,7.56,98.9,0.09,200.2,11.55,0.011,,,,,,,,,,
46,2018,10,Oct,1,01/10/2018,Río San Francisco,Panajachel,430828,1631459,1636,,20.3,,,8.51,8,88.7,,7.46,100.6,0.09,187.6,192.22,0.192,,,,,,,,,,
46,2018,10,Oct,2,02/10/2018,Río Quiscab,Sololá,426160,1630385,0,,22.4,,,8.55,10,74.3,0.2,7.85,109.4,0.07,156.7,585.51,0.585,,,,,,,,,,
46,2018,10,Oct,2,02/10/2018,Río Tzununá,Santa Cruz La Laguna,420004,1629107,1581,,21.8,,,8.43,7,56.3,0.2,7.23,99.7,0.06,119.2,104.6,0.104,,,,,,,,,,
47,2018,11,Nov,5,05/11/2018,Río La Catarata,Panajachel,428286,1631202,0,,19,,,8.78,39,96.5,0.1,7.42,97.1,0.1,202.8,31.2,0.031,,,,,,,,,,
47,2018,11,Nov,5,05/11/2018,Rio San Buenaventura,Panajachel,428429,1631144,1592,,18.8,,,8.82,50,96.4,0.1,7.54,98.2,0.1,202.6,9.02,0.009,,,,,,,,,,
47,2018,11,Nov,5,05/11/2018,Río San Francisco,Panajachel,430828,1631459,1636,,18.7,,,8.59,14,86.3,0.1,7.65,99.2,0.09,181.7,290.29,0.29,,,,,,,,,,
47,2018,11,Nov,6,06/11/2018,Río Quiscab,Sololá,426160,1630385,0,,21,,,8.76,25,71.2,0.2,7.54,102.6,0.07,149.3,1182.99,1.182,,,,,,,,,,
47,2018,11,Nov,6,06/11/2018,Río Tzununá,Santa Cruz La Laguna,,,,,21.4,,,8.63,4,53.4,0.4,7.2,98.6,0.05,112.9,76.78,0.076,,,,,,,,,,
48,2018,12,Dic,3,03/12/2018,Río La Catarata,Panajachel,428286,1631202,0,,17,,,8.75,70,96.5,-0.1,7.74,96.8,0.1,202.8,11.88,0.011,,,,,,,,,,
48,2018,12,Dic,3,03/12/2018,Rio San Buenaventura,Panajachel,428429,1631144,1592,,18.1,,,8.67,36,95.3,-0.1,7.68,98,0.09,200.5,14.57,0.014,,,,,,,,,,
48,2018,12,Dic,3,03/12/2018,Río San Francisco,Panajachel,430828,1631459,1636,,20.1,,,8.34,35,139.7,0.1,5.86,78.9,0.14,291.3,220.32,0.22,,,,,,,,,,
48,2018,12,Dic,4,04/12/2018,Río Quiscab,Sololá,426160,1630385,0,,19.5,,,8.49,30,71.7,0.1,7.75,102.1,0.07,153.3,1061.84,1.061,,,,,,,,,,
48,2018,12,Dic,4,04/12/2018,Río Tzununá,Santa Cruz La Laguna,,,,,20,,,8.43,33,54.2,0.1,7.53,100,0.05,114.8,95.74,0.095,,,,,,,,,,
50,2019,2,Feb,6,06/02/2019,Río Quiscab,Sololá,426187,1630392,1565,,20,,,8.2,22,57.8,0.2,7.46,99.2,0.08,164.1,730.63,0.73,,,,,,,,,,
50,2019,2,Feb,6,06/02/2019,Río Tzununá,Santa Cruz La Laguna,420004,1629106,1575,,21,,,8.15,10,51.7,0.2,7.1,96.3,0.05,109.6,72.12,0.07,,,,,,,,,,
50,2019,2,Feb,11,11/02/2019,Río La Catarata,Panajachel,428288,1631199,1570,,18.1,,,8.25,80,141,0,8.26,105.6,0.14,295,0.04,0,,,,,,,,,,
50,2019,2,Feb,11,11/02/2019,Rio San Buenaventura,Panajachel,428431,1631152,1581,,17.9,,,8.6,80,126.1,0,8.3,105.8,0.12,264,1.09,0.001,,,,,,,,,,
50,2019,2,Feb,11,11/02/2019,Río San Francisco,Panajachel,429219,1629424,1553,,18.1,,,7.89,6,206.6,0.5,5.12,65.2,0.2,429,140.28,0.14,,,,,,,,,,
51,2019,3,Mar,5,05/03/2019,Río San Francisco,Panajachel,429219,1629424,1553,,20.8,,,7.96,3,24.1,1,3.51,44.5,0.24,498,118.99,0.118,,,,,,,,,,
51,2019,3,Mar,11,11/03/2019,Río Quiscab,Sololá,426187,1630392,1565,,22.8,,,8.54,25,83.7,0.2,7.32,103,0.08,176.3,424.04,0.424,,,,,,,,,,
51,2019,3,Mar,11,11/03/2019,Río Tzununá,Santa Cruz La Laguna,420004,1629106,1575,,22.2,,,8.44,10,54.6,0.5,7.31,101.3,0.05,115.5,76.96,0.076,,,,,,,,,,
52,2019,4,Abr,3,03/04/2019,Río Quiscab,Sololá,426187,1630392,1565,,23.2,,,9.35,20,80.9,0.3,7.61,108.4,0.08,170.6,523.3,0.523,,,,,,,,,,
52,2019,4,Abr,3,03/04/2019,Río Tzununá,Santa Cruz La Laguna,420004,1629106,1575,,22.9,,,8.42,4,53.9,0.4,6.41,91.4,0.05,114.2,38.88,0.038,,,,,,,,,,
52,2019,4,Abr,8,08/04/2019,Río La Catarata,Panajachel,428288,1631199,1570,,19.1,,,8.35,4,104.8,0.5,7.03,91.7,0.1,220,69.29,0.069,,,,,,,,,,
52,2019,4,Abr,8,08/04/2019,Rio San Buenaventura,Panajachel,428431,1631152,1581,,19,,,8.19,3,104.8,0.3,7.1,92.2,0.1,220,57.91,0.057,,,,,,,,,,
52,2019,4,Abr,8,08/04/2019,Río San Francisco,Panajachel,429219,1629424,1553,,23.3,,,7.79,4,218.3,0.5,1.33,18.8,0.22,452,108.99,0.108,,,,,,,,,,
53,2019,5,May,8,08/05/2019,Río Quiscab,Sololá,426187,1630392,1565,,21.6,,,8.11,4,83.3,0.4,6.65,91.5,0.08,175.5,936.84,0.936,,,,,,,,,,
53,2019,5,May,8,08/05/2019,Río Tzununá,Santa Cruz La Laguna,420004,1629106,1575,,23.1,,,8.24,18,56.4,0.2,6.54,92.4,0.06,119.3,84.53,0.084,,,,,,,,,,
53,2019,5,May,13,13/05/2019,Río La Catarata,Panajachel,428288,1631199,1570,,17.6,,,8.25,60,131.6,-0.1,7.19,91.1,0.13,275,21.55,0.021,,,,,,,,,,
53,2019,5,May,13,13/05/2019,Rio San Buenaventura,Panajachel,428431,1631152,1581,,18.7,,,8.21,25,97.5,-0.1,7.16,92.7,0.1,204.9,32.17,0.032,,,,,,,,,,
53,2019,5,May,13,13/05/2019,Río San Francisco,Panajachel,429219,1629424,1553,,21.3,,,7.65,8,175.6,0.5,3.2,44.1,0.17,365,248.97,0.248,,,,,,,,,,
54,2019,6,Jun,4,04/06/2019,Río La Catarata,Panajachel,428288,1631199,1570,,18.7,,,8.24,47,118,-0.1,7.79,99.6,0.12,247,40.07,0.04,,,,,,,,,,
54,2019,6,Jun,4,04/06/2019,Rio San Buenaventura,Panajachel,428431,1631152,1581,,19.9,,,8.3,39,102.1,-0.1,7.63,100.9,0.1,214.1,35.29,0.035,,,,,,,,,,
54,2019,6,Jun,4,04/06/2019,Río San Francisco,Panajachel,429219,1629424,1553,,21,,,7.67,9,158,0.3,4.74,64,0.16,329,272.92,0.272,,,,,,,,,,
54,2019,6,Jun,5,05/06/2019,Río Quiscab,Sololá,426187,1630392,1565,,22.1,,,8.38,15,89.1,0.1,7.3,102,0.09,187.4,964.3,0.964,,,,,,,,,,
54,2019,6,Jun,5,05/06/2019,Río Tzununá,Santa Cruz La Laguna,420004,1629106,1575,,19.6,,,8.11,13,57.8,0.3,7.77,102,0.06,122.3,86.27,0.086,,,,,,,,,,
55,2019,7,Jul,8,08/07/2019,Río Quiscab,Sololá,426168,1630394,1568,,22.2,,,8.36,11,88.5,0.3,7.28,101,0.09,187.9,911.82,0.911,,,,,,,,,,
55,2019,7,Jul,8,08/07/2019,Río Tzununá,Santa Cruz La Laguna,420004,1629106,1575,,20.5,,,8.28,28,56,0.2,7.52,100.9,0.05,118.5,95.01,0.095,,,,,,,,,,
55,2019,7,Jul,10,10/07/2019,Río La Catarata,Panajachel,428288,1631199,1570,,17.2,,,8.22,62,126.7,-0.1,7.89,98.5,0.13,265,6.65,0.006,,,,,,,,,,
55,2019,7,Jul,10,10/07/2019,Rio San Buenaventura,Panajachel,428431,1631152,1581,,18.8,,,8.27,36,114.2,-0.1,7.76,100.3,0.11,239,17.85,0.017,,,,,,,,,,
55,2019,7,Jul,10,10/07/2019,Río San Francisco,Panajachel,429219,1629424,1553,,21.7,,,7.96,17,157.4,1,6.37,87,0.16,328,229.46,0.229,,,,,,,,,,
56,2019,8,Ago,5,05/08/2019,Río La Catarata,Panajachel,428288,1631199,1570,,17.6,,,8.2,10,104.6,0.1,7.8,98.7,0.1,219.6,12.82,0.012,,,,,,,,,,
56,2019,8,Ago,5,05/08/2019,Rio San Buenaventura,Panajachel,428431,1631152,1581,,18.1,,,8.28,3,87.9,0.1,7.77,99,0.09,185,44.36,0.044,,,,,,,,,,
56,2019,8,Ago,5,05/08/2019,Río San Francisco,Panajachel,429219,1629424,1553,,23.2,,,7.86,4,153.3,0.4,6.31,88.9,0.15,320,303.61,0.303,,,,,,,,,,
56,2019,8,Ago,6,06/08/2019,Río Quiscab,Sololá,426187,1630392,1565,,21.7,,,8.07,5,84.9,0.3,7.38,103,0.08,178.7,811.4,0.811,,,,,,,,,,
56,2019,8,Ago,6,06/08/2019,Río Tzununá,Santa Cruz La Laguna,420004,1629106,1575,,21.1,,,8.15,5,56.9,0.3,7.36,101.2,0.06,121.4,100.53,0.1,,,,,,,,,,
57,2019,9,Sep,4,04/09/2019,Río La Catarata,Panajachel,428288,1631199,1570,,19,,,8.09,7,94.9,0.3,7.38,96.2,0.09,199.6,47.98,0.047,,,,,,,,,,
57,2019,9,Sep,4,04/09/2019,Rio San Buenaventura,Panajachel,428431,1631152,1581,,18.4,,,8.13,4,93.5,0.5,7.55,96.9,0.09,196.7,24.75,0.024,,,,,,,,,,
57,2019,9,Sep,4,04/09/2019,Río San Francisco,Panajachel,429219,1629424,1553,,21.7,,,7.89,1,110.3,2,6.86,93.6,0.11,232,503.59,0.503,,,,,,,,,,
57,2019,9,Sep,9,09/09/2019,Río Quiscab,Sololá,426187,1630392,1565,,22.9,,,8.17,32,84.4,0.1,7.08,99.6,0.08,177.3,888.1,0.888,,,,,,,,,,
57,2019,9,Sep,9,09/09/2019,Río Tzununá,Santa Cruz La Laguna,420004,1629106,1575,,22.8,,,8.08,6,56.5,0.1,6.98,98,0.06,119.7,126.35,0.126,,,,,,,,,,
58,2019,10,Oct,2,02/10/2019,Río Quiscab,Sololá,426187,1630392,1565,,23,,,8.25,10,80.2,0.3,7.1,98.6,0.09,182.1,1835.03,1.835,,,,,,,,,,
58,2019,10,Oct,2,02/10/2019,Río Tzununá,Santa Cruz La Laguna,420004,1629106,1575,,22.5,,,8.05,4,58.2,0.2,7.25,98,0.07,122.3,168.03,0.168,,,,,,,,,,
58,2019,10,Oct,10,10/10/2019,Río La Catarata,Panajachel,428288,1631199,1570,,18.2,,,7.99,10,94.5,0.1,7.64,98,0.09,198.6,81.35,0.081,,,,,,,,,,
58,2019,10,Oct,10,10/10/2019,Rio San Buenaventura,Panajachel,428431,1631152,1581,,17.6,,,8.03,5,98.5,0.2,7.74,97.9,0.08,194.5,160.18,0.16,,,,,,,,,,
58,2019,10,Oct,10,10/10/2019,Río San Francisco,Panajachel,429219,1629424,1553,,19.4,,,7.85,1,91.4,0.4,7.34,96,0.09,192.3,1653.42,1.653,,,,,,,,,,
59,2019,11,Nov,4,04/11/2019,Río La Catarata,Panajachel,428288,1631199,1570,,18.7,,,8.18,25,93.6,0.1,7.45,96.7,0.09,196.8,63.32,0.063,,,,,,,,,,
59,2019,11,Nov,4,04/11/2019,Rio San Buenaventura,Panajachel,428431,1631152,1581,,17.5,,,8.35,22,120.6,0.2,7.73,97.7,0.12,253,57.17,0.057,,,,,,,,,,
59,2019,11,Nov,4,04/11/2019,Río San Francisco,Panajachel,429219,1629424,1553,,19.2,,,8.01,8,115.3,0.4,7.03,91.5,0.11,242,888.77,0.888,,,,,,,,,,
59,2019,11,Nov,5,05/11/2019,Río Quiscab,Sololá,426187,1630392,1565,,20.5,,,8.12,5,74.9,0.3,7.21,96.8,0.07,158.1,4003.19,4.003,,,,,,,,,,
59,2019,11,Nov,5,05/11/2019,Río Tzununá,Santa Cruz La Laguna,420004,1629106,1575,,20,,,8.25,15,57.7,0.1,7.45,98.8,0.06,122.1,185.38,0.185,,,,,,,,,,
60,2019,12,Dic,11,11/12/2019,Río La Catarata,Panajachel,428288,1631199,1570,,16.6,,,8.56,33,123,-0.1,7.45,92,0.12,258,7.99,0.007,,,,,,,,,,
60,2019,12,Dic,11,11/12/2019,Rio San Buenaventura,Panajachel,428431,1631152,1581,,17.3,,,8.54,34,107.9,-0.1,7.57,95,0.11,227,8.22,0.008,,,,,,,,,,
60,2019,12,Dic,11,11/12/2019,Río San Francisco,Panajachel,429219,1629424,1553,,18.1,,,8.25,12,181.7,1.5,0.88,78.8,0.18,378,252.44,0.252,,,,,,,,,,
62,2020,2,Feb,10,10/02/2020,Río La Catarata,Panajachel,428288,1631199,1570,10:48,17,21,4,7.87,100,138,-0.1,5.82,77.3,0.14,288,0.68,0.001,0.51,1.9,5,3600,Indef.,,,,,
62,2020,2,Feb,10,10/02/2020,Rio San Buenaventura,Panajachel,428431,1631152,1581,11:45,17.7,22,4.3,8.26,100,130.6,-0.1,8.06,102,0.13,270,1.61,0.001,0.71,4.1,2,< 300,1.7,,,,,
62,2020,2,Feb,10,10/02/2020,Río San Francisco,Panajachel,429219,1629424,1553,09:50,20.6,23,2.4,7.95,13,272,0.4,4.98,66.7,0.2,459,88.82,0.088,4.87,3.7,156,110000,73.3,117.41,26.09,,,
63,2020,3,Mar,9,09/03/2020,Río La Catarata,Panajachel,428288,1631199,1570,,,,,,,,,,,,,0,,,,,,,,,,,
63,2020,3,Mar,9,09/03/2020,Rio San Buenaventura,Panajachel,428431,1631152,1581,,,,,,,,,,,,,0,,,,,,,,,,,
63,2020,3,Mar,9,09/03/2020,Río San Francisco,Panajachel,429219,1629424,1553,09:35,21.4,23,1.6,7.99,8,254,0.5,3.19,43.3,0.25,525,54.7,0.054,6.64,1.2,118,> 110000,88.8,80.34,17.49,,,
63,2020,3,Mar,11,11/03/2020,Río Quiscab,Sololá,426187,1630392,1565,09:10,18.4,24,5.6,8.34,12,84.7,0.2,7.62,97.6,0.08,176.4,421.11,0.421,0.4,2.4,16,> 110000,3.1,36.38,7.28,,,
63,2020,3,Mar,11,11/03/2020,Río Tzununá,Santa Cruz La Laguna,420004,1629106,1575,10:30,19.9,25,5.1,8.33,12,56.4,0.2,7.16,94.8,0.05,119.1,70.97,0.07,0.2,1.67,13,> 110000,3.6,,,,,
64,2020,4,Abr,6,06/04/2020,Río Quiscab,Sololá,426187,1630392,1565,08:50,18.5,24,5.5,8.47,11,86,0.2,7.54,96.9,0.09,181,682.3,0.682,2.2,3.2,38,24000,,224.01,188.64,,,
64,2020,4,Abr,6,06/04/2020,Río San Francisco,Panajachel,429219,1629424,1553,09:50,21.8,23,1.2,8.2,4,167.7,0.3,5.55,66,0.17,349,176.9,0.176,3.6,2.9,178,110000,,97.85,58.1,,,
65,2020,5,May,11,11/05/2020,Río Quiscab,Sololá,426187,1630392,1565,09:40,19.8,25,5.2,8.09,5,86.4,0.2,7.34,96.9,0.09,182,798.63,0.798,0.398,2.554,66,110000,5.6,248.4,16.08,,,
65,2020,5,May,11,11/05/2020,Río Tzununá,Santa Cruz La Laguna,420004,1629106,1575,08:50,18.7,22,3.3,8.02,10,56.4,0.1,7.38,95.1,0.06,119.3,73.13,0.073,0.145,0.965,44,9300,1.4,,,,,
65,2020,5,May,13,13/05/2020,Río La Catarata,Panajachel,428288,1631199,1570,09:37,19.4,21,1.6,8.3,10,124.7,0.1,7.22,94.7,0.12,261,16.99,0.016,0.734,4.522,43,> 110000,9.9,,,,,
65,2020,5,May,13,13/05/2020,Rio San Buenaventura,Panajachel,428431,1631152,1581,10:00,19.1,21.4,2.3,8.18,6,118.3,0.1,7.57,95.9,0.12,248,79.12,0.079,0.818,3.983,73,110000,8.5,,,,,
65,2020,5,May,13,13/05/2020,Río San Francisco,Panajachel,429219,1629424,1553,08:44,22.9,24,1.1,7.82,5,269,0.2,3.91,54.6,0.27,555,120.01,0.12,4.451,1.872,69,> 110000,30.9,95.39,17.16,,,
66,2020,6,Jun,8,08/06/2020,Río Quiscab,Sololá,426187,1630392,1565,10:33,20.7,31,10.3,8.02,4,109.6,0.3,7.16,96.4,0.11,229,665.11,0.664,0.116,2.014,35,46000,2.8,183.89,10.75,,,
66,2020,6,Jun,8,08/06/2020,Río Tzununá,Santa Cruz La Laguna,420004,1629106,1575,09:16,20.1,20,0.1,7.81,9.5,63.7,0.5,7.15,95.2,0.06,134.6,103.9,0.103,0.073,0.498,7,46000,4.8,,,,,
66,2020,6,Jun,10,10/06/2020,Río La Catarata,Panajachel,428288,1631199,1570,09:30,19.1,20,0.9,8.12,58,119.4,-0.1,7.42,96.7,0.12,250,28.4,0.028,0.627,1.246,8,2300,2,,,,,
66,2020,6,Jun,10,10/06/2020,Rio San Buenaventura,Panajachel,428431,1631152,1581,10:15,19.4,22,2.6,8.32,13,126.1,-0.1,7.46,97.7,0.12,264,79.7,0.079,0.497,2.253,14,2300,1.1,,,,,
66,2020,6,Jun,10,10/06/2020,Río San Francisco,Panajachel,429219,1629424,1553,08:24,21.6,22,0.4,8,5,154.2,0.2,6.5,88.7,0.15,322,442.4,0.442,1.631,1.605,120,> 110000,13,175.83,37.34,,,
67,2020,7,Jul,13,13/07/2020,Río Quiscab,Sololá,426168,1630394,1568,10:35,19.3,30,10.7,7.98,20,89.8,0.2,7.4,97.3,0.09,186.7,911.53,0.911,0.341,2.877,20,> 110000,2.2,236.27,12.21,,,
67,2020,7,Jul,13,13/07/2020,Río Tzununá,Santa Cruz La Laguna,420004,1629106,1575,09:30,20,20,0,7.98,23,58.6,0.2,7.22,95.6,0.06,124,120.39,0.12,0.233,1.389,19,7500,2.8,,,,,
67,2020,7,Jul,15,15/07/2020,Río La Catarata,Panajachel,428288,1631199,1570,09:40,17.7,18,0.3,8.12,15,109.2,0.1,7.5,95.2,0.11,229,32.52,0.032,0.776,3.565,14,46000,3.6,,,,,
67,2020,7,Jul,15,15/07/2020,Rio San Buenaventura,Panajachel,428431,1631152,1581,10:20,18.1,20,1.9,8.01,18,103.7,0.2,7.52,95.9,0.1,217.7,47.23,0.047,0.646,3.591,10,24000,2,,,,,
67,2020,7,Jul,15,15/07/2020,Río San Francisco,Panajachel,429219,1629424,1553,08:50,21.4,23,1.6,7.94,6,142.8,1.5,6.39,88.6,0.14,298,339.6,0.339,1.427,3.298,68,> 110000,25.4,146.71,20.95,,,
68,2020,8,Ago,10,10/08/2020,Río Quiscab,Sololá,426187,1630392,1565,09:30,18.8,25,6.2,8.14,3,80.3,5,7.51,97,0.08,167.7,1798.39,1.798,0.202,3.441,> 161,> 110000,3.6,776.9,77.69,,,
68,2020,8,Ago,10,10/08/2020,Río Tzununá,Santa Cruz La Laguna,420004,1629106,1575,08:30,19,23,4,8.15,10,62,3,7.43,96.6,0.06,131.1,198.27,0.198,0.093,1.368,38,15000,1.4,,,,,
68,2020,8,Ago,12,12/08/2020,Río La Catarata,Panajachel,428288,1631199,1570,09:42,17.2,20,2.8,8.13,7,107.1,-0.1,7.81,97.9,0.11,224,33.5,0.033,0.746,3.117,10,4300,17,,,,,
68,2020,8,Ago,12,12/08/2020,Rio San Buenaventura,Panajachel,428431,1631152,1581,10:45,17.7,21,3.3,8.3,37,115.4,-0.1,7.81,98.9,0.11,242,35,0.035,0.528,3.479,9,2300,9,,,,,
68,2020,8,Ago,12,12/08/2020,Río San Francisco,Panajachel,429219,1629424,1553,08:05,18.5,22,3.5,7.85,6,115.3,1,7.05,90.6,0.11,242,749.68,0.749,1.202,3.668,59,> 110000,41.8,356.25,38.86,,,
69,2020,9,Sep,9,09/09/2020,Río Quiscab,Sololá,426187,1630392,1565,09:05,17.3,24.5,7.2,8.16,9,74.6,0.3,7.72,96.5,0.07,157.4,2235.4,2.234,0.2,4.63,98,> 110000,3.2,965.69,38.63,,,
69,2020,9,Sep,9,09/09/2020,Río Tzununá,Santa Cruz La Laguna,420004,1629106,1575,08:00,18,22.9,4.9,8.09,22,61.2,0.3,7.54,96,0.06,129.5,262.52,0.262,0.2,1.64,25,46000,1.8,,,,,
69,2020,9,Sep,10,10/09/2020,Río La Catarata,Panajachel,428288,1631199,1570,08:51,17.1,19.9,2.8,8.21,33,107.2,0.1,7.79,97.2,0.11,225,38.79,0.038,0.527,4.154,10,46000,2.5,,,,,
69,2020,9,Sep,10,10/09/2020,Rio San Buenaventura,Panajachel,428431,1631152,1581,09:30,17.1,19.1,2,8.41,20,115.2,0.1,7.88,98.1,0.11,242,67.3,0.067,0.443,5.526,12,> 110000,1.4,,,,,
69,2020,9,Sep,10,10/09/2020,Río San Francisco,Panajachel,429219,1629424,1553,08:01,17.9,22.7,4.8,8.14,4,86.4,0.3,7.66,96.8,0.09,181.8,949.61,0.949,0.401,5.917,94,> 110000,7,508.69,32.82,,,
70,2020,10,Oct,14,14/10/2020,Río La Catarata,Panajachel,428288,1631199,1570,10:20,17.8,21.8,4,8,16,100.9,-0.1,7.63,96.8,0.1,212,48.31,0.048,0.476,3.123,16,2300,1.1,,,,,
70,2020,10,Oct,14,14/10/2020,Rio San Buenaventura,Panajachel,428431,1631152,1581,11:30,17.4,20.3,2.9,8.11,30,113.5,0.1,7.78,98.1,0.11,238,81.3,0.081,0.487,5.114,8,3800,0.6,,,,,
70,2020,10,Oct,14,14/10/2020,Río San Francisco,Panajachel,429219,1629424,1553,08:15,18.4,21.1,2.7,7.71,5,95.9,0.3,7.08,90.9,0.1,201.7,1222.98,1.222,1.076,4.024,66,> 110000,12.1,401.53,32.65,,,
70,2020,10,Oct,15,15/10/2020,Río Quiscab,Sololá,426187,1630392,1565,10:20,18.4,25.3,6.9,7.9,12,77.3,0.3,7.81,100.4,0.1,159.9,2156.85,2.155,0.128,6.21,24,46000,2,335.43,11.93,,,
70,2020,10,Oct,15,15/10/2020,Río Tzununá,Santa Cruz La Laguna,420004,1629106,1575,08:20,17.6,23.5,5.9,7.79,11,60.7,0.2,7.68,98.3,0.06,129.2,273.24,0.273,0.041,3.17,20,4300,3.1,,,,,
71,2020,11,Nov,9,09/11/2020,Río Quiscab,Sololá,426187,1630392,1565,09:10,17.9,22.7,4.8,7.62,3,66.7,0.3,7.58,96.2,0.07,140.9,2783.44,2.783,0.107,2.377,146,15000,2.2,673.37,83.93,,,
71,2020,11,Nov,9,09/11/2020,Río Tzununá,Santa Cruz La Laguna,420004,1629106,1575,07:56,18.1,19.8,1.7,7.92,23,60.4,0.2,7.51,95.8,0.06,127.8,263.1,0.263,0.129,1.575,10,4300,2,,,,,
71,2020,11,Nov,11,11/11/2020,Río La Catarata,Panajachel,428288,1631199,1570,08:55,16.4,20.6,4.2,7.95,60,93.5,-0.1,7.78,95.8,0.09,196,49.5,0.049,0.478,3.075,10,> 110000,1,,,,,
71,2020,11,Nov,11,11/11/2020,Rio San Buenaventura,Panajachel,428431,1631152,1581,09:18,16.4,21.1,6.7,8.07,45,95.7,-0.1,7.85,96.6,0.09,197.6,70,0.07,0.534,5.022,9,9300,0.5,,,,,
71,2020,11,Nov,11,11/11/2020,Río San Francisco,Panajachel,429219,1629424,1553,07:45,18.7,18.1,0.6,7.67,7.2,121.2,5,6.27,80.9,0.12,254,790.5,0.79,1.282,3.918,46,> 110000,33.4,457.6,68.3,,,
72,2020,12,Dic,7,07/12/2020,Río Quiscab,Sololá,426187,1630392,1565,09:35,16.7,22.9,6.2,7.93,13.9,63,0.3,7.85,96.9,0.06,131.2,1867.7,1.867,0.245,2.748,19,9300,3.1,242.05,13.72,,,
72,2020,12,Dic,7,07/12/2020,Río Tzununá,Santa Cruz La Laguna,420004,1629106,1575,08:12,15.7,17.9,2.2,7.85,15,51.9,0.2,7.87,95.2,0.05,110,122.4,0.122,1.514,1.897,77,2300,2.2,,,,,
72,2020,12,Dic,9,09/12/2020,Río La Catarata,Panajachel,428288,1631199,1570,09:15,15.1,18.3,3.2,8,30,104.7,-0.1,7.82,93.3,0.1,216.3,9.5,0.009,0.419,3.477,11,4300,50.8,,,,,
72,2020,12,Dic,9,09/12/2020,Rio San Buenaventura,Panajachel,428431,1631152,1581,09:40,14.9,19.9,5,8.04,50,102.7,-0.1,8.05,95.7,0.1,215.7,35.1,0.035,0.571,5.377,16,9300,1.4,,,,,
72,2020,12,Dic,9,09/12/2020,Río San Francisco,Panajachel,429219,1629424,1553,08:24,17.9,19.5,1.6,7.37,6.1,142.6,0.5,6.07,76.8,0.14,298,285.5,0.285,2.095,3.388,103,> 110000,60.5,298.47,27.6,,,
73,2021,1,Ene,18,18/01/2021,Río La Catarata,Panajachel,428288,1631199,1570,,15,16.7,1.7,7.8,6.8,104.2,-0.1,7.87,93.8,0.1,218.9,16.3,0.016,0.44,2.93,55,9300,7.6,,,,,
73,2021,1,Ene,18,18/01/2021,Rio San Buenaventura,Panajachel,428431,1631152,1581,,15.1,18,2.9,7.73,3.8,100.4,0.3,7.92,94.5,0.1,211,136.9,0.136,0.603,5.292,257,46000,19.1,,,,,
73,2021,1,Ene,18,18/01/2021,Río San Francisco,Panajachel,429219,1629424,1553,,15.9,15.6,0.3,7.59,4.4,151.7,0.3,6.58,79.9,0.15,317,343.9,0.343,3.497,4.806,141,46000,47.9,320.9,23.77,,,
73,2021,1,Ene,20,20/01/2021,Río Quiscab,Sololá,426187,1630392,1565,,17.3,24.8,7.5,7.54,9.2,73.3,0.2,7.6,94.9,0.07,152.9,1160.1,1.16,0.336,2.5,53,> 110000,56.3,180.42,16.04,,,
73,2021,1,Ene,20,20/01/2021,Río Tzununá,Santa Cruz La Laguna,420004,1629106,1575,,15.2,20.1,4.9,7.75,8.6,52,0.1,8.06,96.4,0.05,110.1,99.1,0.099,0.04,1.758,37,9300,36.6,,,,,
74,2021,2,Feb,15,15/02/2021,Río La Catarata,Panajachel,428288,1631199,1570,,15.2,18.4,3.2,7.64,40,134.8,-0.1,6.21,74.4,0.13,282,0.6,0.001,0.629,2.638,3,9200,4.8,,,,,
74,2021,2,Feb,15,15/02/2021,Rio San Buenaventura,Panajachel,428431,1631152,1581,,15.9,20.1,4.2,8.57,25,124.6,-0.1,8.4,102.1,0.12,261,2.2,0.002,0.753,5.872,9,3600,1.1,,,,,
74,2021,2,Feb,15,15/02/2021,Río San Francisco,Panajachel,429219,1629424,1553,,17,16.7,0.3,7.81,3,204.3,1.5,4.92,61,0.2,424,206.1,0.206,3.879,3.405,94,> 110000,60.6,258.2,21.07,,,
74,2021,2,Feb,17,17/02/2021,Río Quiscab,Sololá,426187,1630392,1565,,18.5,24.8,6.3,7.88,23,83.7,0.3,7.76,99.6,0.08,177,955.6,0.955,0.478,5.777,52,110000,15.2,165.13,55.32,,,
74,2021,2,Feb,17,17/02/2021,Río Tzununá,Santa Cruz La Laguna,420004,1629106,1575,,16.4,19.1,2.7,7.92,19.2,56.7,0.5,8,98.1,0.06,120,77.3,0.077,0.104,3.665,48,2800,3.6,,,,,
75,2021,3,Mar,15,15/03/2021,Río Quiscab,Sololá,426187,1630392,1565,,19.6,24,4.4,8.1,25,85.7,0.3,7.33,96.2,0.08,179.6,849.3,0.849,0.164,5.007,19,24000,4.8,95.39,8.22,,,
75,2021,3,Mar,15,15/03/2021,Río Tzununá,Santa Cruz La Laguna,420004,1629106,1575,,17.2,20.2,3,7.8,18,57.2,0.4,7.48,93.6,0.06,121.6,100.6,0.1,0.066,2.883,64,46000,3.6,,,,,
75,2021,3,Mar,17,17/03/2021,Río La Catarata,Panajachel,428288,1631199,1570,,,,,,,,,,,,,,0,,,,,,,,,,
75,2021,3,Mar,17,17/03/2021,Rio San Buenaventura,Panajachel,428431,1631152,1581,,17.5,19.5,2,8.28,42,140.4,-0.1,7.33,92.2,0.14,293,4,0.004,0.425,5.435,7,24000,7,,,,,
75,2021,3,Mar,17,17/03/2021,Río San Francisco,Panajachel,429219,1629424,1553,,20.5,21.5,1,7.9,6,266,1.5,3.74,49.9,0.26,549,168,0.168,2.48,4.181,138,> 110000,135,285.95,27.36,,,
76,2021,4,Abr,12,12/04/2021,Río La Catarata,Panajachel,428288,1631199,1570,,20.8,21.8,1,8.24,120,139.2,-0.1,5.84,79.1,0.14,291,0.2,0.0002,0.71,3.315,2,2100,1.4,,,,,
76,2021,4,Abr,12,12/04/2021,Rio San Buenaventura,Panajachel,428431,1631152,1581,,19.3,25.2,5.9,8.57,100,122.8,0.2,8.03,105.3,0.12,257,2.3,0.002,0.847,1.676,5,4300,2.5,,,,,
76,2021,4,Abr,12,12/04/2021,Río San Francisco,Panajachel,429219,1629424,1553,,20.7,23.1,2.4,8.06,13,272,0.4,3.88,52.2,0.27,560,201.1,0.201,3.097,0.886,126,> 110000,103,331.86,53.81,,,
76,2021,4,Abr,14,14/04/2021,Río Quiscab,Sololá,426187,1630392,1565,,18.1,23.5,5.4,8.51,15,86.2,0.3,7.74,98.6,0.09,181.6,890.4,0.89,0.337,5.348,37,4300,3.4,84.62,16.77,,,
76,2021,4,Abr,14,14/04/2021,Río Tzununá,Santa Cruz La Laguna,420004,1629106,1575,,17.9,19.2,1.3,8.34,13,58.7,0.3,7.43,94.1,0.06,124.2,103.7,0.103,0.12,2.741,128,4300,2.2,,,,,
77,2021,5,May,10,10/05/2021,Río La Catarata,Panajachel,428288,1631199,1570,10:20,17.3,21.8,4.5,8.03,25,129.8,-0.1,8.42,105.5,0.13,272,27.1,0.027,1.017,10.936,5,3600,6.2,,,,,
77,2021,5,May,10,10/05/2021,Rio San Buenaventura,Panajachel,428431,1631152,1581,13:05,19.5,23.2,3.7,8.16,8,112.4,0.1,8.18,107.7,0.11,236,25.1,0.025,0.566,10.795,8,110000,2.8,,,,,
77,2021,5,May,10,10/05/2021,Río San Francisco,Panajachel,429219,1629424,1553,07:45,18.7,22,3.3,7.9,15,161.2,0.5,7.19,92.9,0.16,336,418.8,0.418,1.932,8.35,44,> 110000,31,43.42,34.92,,,
77,2021,5,May,12,12/05/2021,Río Quiscab,Sololá,426187,1630392,1565,10:30,20.9,27,6.1,7.89,7,96.9,0.3,8.05,108.9,0.1,203.6,1234.5,1.234,0.414,7.69,46,46000,4.5,554.64,32.74,,,
77,2021,5,May,12,12/05/2021,Río Tzununá,Santa Cruz La Laguna,420004,1629106,1575,08:45,18.1,22.2,4.1,7.72,15,58.9,0.5,8.42,107.2,0.06,124.6,147.4,0.147,0.099,3.503,97,9300,3.6,,,,,
78,2021,6,Jun,7,07/06/2021,Río La Catarata,Panajachel,428288,1631199,1570,11:06,18.7,20.7,2,8.12,17,121.8,0.1,8.19,105.6,0.12,255,59.8,0.059,0.92,8.725,15,4300,0.6,,,,,
78,2021,6,Jun,7,07/06/2021,Rio San Buenaventura,Panajachel,428431,1631152,1581,08:56,18.7,20.3,1.6,8.09,9,109.3,0.1,8.17,105.6,0.11,229,50.1,0.05,1.078,8.918,114,15000,1.4,,,,,
78,2021,6,Jun,7,07/06/2021,Río San Francisco,Panajachel,429219,1629424,1553,07:50,21.1,23.4,2.3,8.03,7,153.3,0.6,7.12,96.4,0.15,323,632.5,0.632,2.078,7.191,184,> 110000,30,393.47,62.3,,,
78,2021,6,Jun,9,09/06/2021,Río Quiscab,Sololá,426187,1630392,1565,10:15,20.6,23,2.4,8.19,4,97.5,0.2,8.15,109.2,0.1,204.8,1501.1,1.501,0.501,2.173,85,> 110000,3.1,285.33,44.1,,,
78,2021,6,Jun,9,09/06/2021,Río Tzununá,Santa Cruz La Laguna,420004,1629106,1575,08:20,18.3,20.4,2.1,7.86,5,63.8,0.1,8.47,108.3,0.06,135,262.6,0.262,0.273,3.44,43,21000,2.8,,,,,
79,2021,7,Jul,12,12/07/2021,Río La Catarata,Panajachel,428288,1631199,1570,09:30,16.7,17.3,0.6,8.33,11,112.7,0.1,8.6,106.5,0.11,236,66.4,0.066,0.774,12.426,24,7500,3.1,,,,,
79,2021,7,Jul,12,12/07/2021,Rio San Buenaventura,Panajachel,428431,1631152,1581,08:15,16.8,17.3,0.5,8.24,15,110.4,0.1,8.59,106.8,0.11,232,41.9,0.041,0.557,11.242,21,4300,1.4,,,,,
79,2021,7,Jul,12,12/07/2021,Río San Francisco,Panajachel,429219,1629424,1553,07:35,18.4,19.1,0.6,8.18,5,148.3,0.3,7.64,97.9,0.15,310,399.9,0.399,1.48,10.369,29,> 110000,22.5,386.98,25.98,,,
79,2021,7,Jul,14,14/07/2021,Río Quiscab,Sololá,426168,1630394,1568,09:20,18.7,24.9,6.2,7.93,1,67,1,8.4,108.3,0.07,141.6,4982.8,4.982,0.265,6.479,1100,110000,2,1722.06,610.04,,,
79,2021,7,Jul,14,14/07/2021,Río Tzununá,Santa Cruz La Laguna,420004,1629106,1575,08:15,18.2,20.8,2.6,8.01,18,60.2,0.3,8.46,108,0.06,127.2,216.8,0.216,0.153,4.023,42,920,10.9,,,,,
80,2021,8,Ago,9,09/08/2021,Río Quiscab,Sololá,426187,1630392,1565,09:15,17.7,27.6,9.9,7.34,4,69.1,0.4,7.85,99.3,0.07,145.9,2287.1,2.287,0.158,5.901,221,110000,3.4,513.77,69.75,,,
80,2021,8,Ago,9,09/08/2021,Río Tzununá,Santa Cruz La Laguna,420004,1629106,1575,08:00,17.8,20.8,3,7.7,26,60.6,-0.1,7.84,99.2,0.06,128.1,163.5,0.163,0.147,2.991,8,1500,2,,,,,
80,2021,8,Ago,11,11/08/2021,Río La Catarata,Panajachel,428288,1631199,1570,08:45,15.5,19.1,3.6,7.76,35,111.2,-0.1,8.12,98,0.11,233,38.6,0.038,0.836,8.865,13,15000,1.7,,,,,
80,2021,8,Ago,11,11/08/2021,Rio San Buenaventura,Panajachel,428431,1631152,1581,09:15,15.7,20.5,4.8,7.87,13,106.3,0.1,8.21,99.2,0.11,222,46.6,0.046,1.057,7.538,18,2300,1.1,,,,,
80,2021,8,Ago,11,11/08/2021,Río San Francisco,Panajachel,429219,1629424,1553,07:56,17.9,23,5.1,7.43,4,123.8,0.4,7.34,93.4,0.12,256,633.5,0.633,1.604,7.967,63,> 110000,21.1,295.57,41.71,,,
81,2021,9,Sep,8,08/09/2021,Río Quiscab,Sololá,426187,1630392,1565,10:20,18.8,26.4,7.6,7.56,7,72.7,0.5,7.78,100.6,0.07,153.3,3872.7,3.872,0.166,7.499,138,9300,4.2,3981.76,86.66,,,
81,2021,9,Sep,8,08/09/2021,Río Tzununá,Santa Cruz La Laguna,420004,1629106,1575,08:42,18.5,21.2,2.7,7.63,27,72.2,0.3,7.8,100.5,0.06,109.7,438.4,0.438,0.303,3.929,53,4300,3.6,,,,,
81,2021,9,Sep,9,09/09/2021,Río La Catarata,Panajachel,428288,1631199,1570,09:50,18.1,20.3,2.2,7.8,13,113.3,-0.1,8,100.1,0.11,238,59.9,0.059,0.735,7.54,14,1500,1.4,,,,,
81,2021,9,Sep,9,09/09/2021,Rio San Buenaventura,Panajachel,428431,1631152,1581,10:44,17.9,21.4,3.5,7.84,25,110.2,0.1,7.96,101.2,0.11,232,87.7,0.087,0.629,9.69,10,920,1.7,,,,,
81,2021,9,Sep,9,09/09/2021,Río San Francisco,Panajachel,429219,1629424,1553,08:10,19.3,24.3,5,7.68,4,124,0.6,6.91,90.1,0.12,255,1714.8,1.714,2.387,5.96,98,> 110000,45.1,1318.61,222.24,,,
82,2021,10,Oct,11,11/10/2021,Río La Catarata,Panajachel,428288,1631199,1570,10:30,17.5,20.3,2.8,7.68,15,100.3,-0.1,7.87,99.6,0.1,210.4,51.2,0.051,0.741,11.865,11,24000,2.8,,,,,
82,2021,10,Oct,11,11/10/2021,Rio San Buenaventura,Panajachel,428431,1631152,1581,11:40,18.4,20.5,2.1,7.7,10,108.4,-0.1,7.76,99.7,0.11,228,35.9,0.035,0.635,14.078,20,920,2.5,,,,,
82,2021,10,Oct,11,11/10/2021,Río San Francisco,Panajachel,429219,1629424,1553,08:30,20.3,24.2,3.9,7.73,5,155.9,0.1,7.23,96.3,0.15,326,470.2,0.47,1.582,12.573,42,> 110000,23,597.19,33.68,,,
82,2021,10,Oct,13,13/10/2021,Río Quiscab,Sololá,426187,1630392,1565,10:20,18.6,26.9,8.3,7.72,5,83.8,0.1,8.01,103.8,0.08,176.6,1731.7,1.731,0.278,9.917,50,46000,3.4,987.48,36.21,,,
82,2021,10,Oct,13,13/10/2021,Río Tzununá,Santa Cruz La Laguna,420004,1629106,1575,08:32,18.2,23.4,5.2,7.53,10,59.4,0.3,7.92,101.1,0.06,125.4,169.6,0.169,0.13,4.916,36,24000,2.5,,,,,
83,2021,11,Nov,8,08/11/2021,Río La Catarata,Panajachel,428288,1631199,1570,09:44,14.4,20.7,6.3,7.81,30,104.7,-0.1,8.13,97.1,0.1,221,44.4,0.044,0.833,9.773,18,24000,0.6,,,,,
83,2021,11,Nov,8,08/11/2021,Rio San Buenaventura,Panajachel,428431,1631152,1581,10:50,15,18.6,3.6,7.84,25,104.5,0.1,8.12,97.9,0.1,219,46.8,0.046,0.844,11.543,34,24000,0.8,,,,,
83,2021,11,Nov,8,08/11/2021,Río San Francisco,Panajachel,429219,1629424,1553,08:05,16.6,20.3,3.7,7.75,3,130.9,0.7,7.46,92,0.13,270,483.9,0.483,2.181,10.674,88,> 110000,14.1,221.59,35.87,,,
83,2021,11,Nov,10,10/11/2021,Río Quiscab,Sololá,426187,1630392,1565,10:20,15.6,23.5,7.9,7.59,8,85.2,0.5,8.26,100.3,0.08,179.4,1089.8,1.089,0.282,7.242,85,2300,2.2,169.49,27.97,,,
83,2021,11,Nov,10,10/11/2021,Río Tzununá,Santa Cruz La Laguna,420004,1629106,1575,08:30,15.6,18.2,2.6,7.57,10,59.9,0.1,8.17,91.6,0.06,126.8,203.1,0.203,0.216,3.794,28,110000,0,,,,,
84,2021,12,Dic,6,06/12/2021,Río La Catarata,Panajachel,428288,1631199,1570,10:20,16.2,19.7,3.5,8,60,129.5,-0.1,7.72,94.5,0.13,271,36.7,0.036,0.578,5.4,4,740,0.3,,,,,
84,2021,12,Dic,6,06/12/2021,Rio San Buenaventura,Panajachel,428431,1631152,1581,11:00,16.5,20.9,4.4,7.89,25,119.8,-0.1,7.63,94,0.12,251,8.9,0.008,0.956,6.5,13,920,1.1,,,,,
84,2021,12,Dic,6,06/12/2021,Río San Francisco,Panajachel,429219,1629424,1553,08:30,17.5,19.6,2.1,7.69,4,226,0.8,5.71,71.9,0.23,468,326.7,0.326,3.93,6.2,68,> 110000,40.9,158.07,56.45,,,
84,2021,12,Dic,8,08/12/2021,Río Quiscab,Sololá,426187,1630392,1565,11:00,18.7,28.2,9.5,7.96,14,87,0.3,7.89,101.6,0.09,183.2,1060.7,1.06,0.421,6.8,41,46000,3.4,219.95,21.63,,,
84,2021,12,Dic,8,08/12/2021,Río Tzununá,Santa Cruz La Laguna,420004,1629106,1575,09:10,18.4,21.9,3.5,7.7,13,61.4,0.1,7.55,96.7,0.06,129.7,179.2,0.179,0.189,3.1,27,1500,1.5,,,,,
85,2022,1,Ene,17,17/01/2022,Río La Catarata,Panajachel,428288,1631199,1570,11:15,14.6,20,5.4,8.1,70,119.8,-0.1,8.07,95.5,0.12,251,17.9,0.017,0.956,6.406,4,920,0.6,,,63,Regular,
85,2022,1,Ene,17,17/01/2022,Rio San Buenaventura,Panajachel,428431,1631152,1581,12:10,16.1,22.1,6,8.23,15,106.5,-0.1,7.82,95.9,0.11,224,10.4,0.01,0.918,5.875,23,9300,1.1,,,54,Regular,
85,2022,1,Ene,17,17/01/2022,Río San Francisco,Panajachel,429219,1629424,1553,09:50,18.1,19.9,1.8,8.05,10,189.6,1.2,6.13,77.8,0.19,394,272,0.271,1.545,5.565,62,> 110000,35.2,180.96,36.31,29,Mala,
85,2022,1,Ene,19,19/01/2022,Río Quiscab,Sololá,426187,1630392,1565,11:20,16.2,24.3,8.1,8.22,15,91.7,1,8.12,59.1,0.09,193,970.8,0.97,0.525,6.612,51,110000,3.6,134.2,44.04,36,Mala,
85,2022,1,Ene,19,19/01/2022,Río Tzununá,Santa Cruz La Laguna,420004,1629106,1575,09:20,15.5,16.1,0.6,8.03,3,58.4,1.5,8.09,97.04,0.06,123.5,81.9,0.081,0.364,2.998,251,4300,4.2,,,51,Regular,
86,2022,2,Feb,7,07/02/2022,Río La Catarata,Panajachel,428288,1631199,1570,10:55,16.1,19.4,3.3,8.29,12,131.6,-0.1,7.71,94.2,0.13,275,8.4,0.008,0.621,4.21,23,2300,0.8,,,62,Regular,
86,2022,2,Feb,7,07/02/2022,Rio San Buenaventura,Panajachel,428431,1631152,1581,12:00,17.2,21.1,3.9,8.4,30,121.2,-0.1,7.91,99.1,0.12,254,2.6,0.002,0.875,4.735,8,< 300,1.4,,,67,Regular,
86,2022,2,Feb,7,07/02/2022,Río San Francisco,Panajachel,429219,1629424,1553,09:15,18.7,20.1,1.4,8.12,4,213.7,2.5,5.79,74.4,0.21,443,224.2,0.224,2.007,4.33,87,> 110000,50.7,197.58,46.86,28,Mala,
86,2022,2,Feb,9,09/02/2022,Río Quiscab,Sololá,426187,1630392,1565,12:00,18.4,28.7,10.3,8.26,10,93,0.5,7.88,101.3,0.09,195.7,1048,1.048,0.515,6.325,84,> 110000,7.3,724.38,75.7,36,Mala,
86,2022,2,Feb,9,09/02/2022,Río Tzununá,Santa Cruz La Laguna,420004,1629106,1575,10:00,17.4,19.1,1.7,8.21,5,60.4,2.5,7.78,97.7,0.06,127.7,110,0.11,0.41,2.35,252,24000,0.3,,,49,Mala,
87,2022,3,Mar,7,07/03/2022,Río La Catarata,Panajachel,428288,1631199,1570,10:00,18,22.9,4.9,8.11,72,145.9,-0.1,6.69,85.1,0.14,305,0.57,0.0005,0.613,2.73,10,360,2.2,,,68,Regular,
87,2022,3,Mar,7,07/03/2022,Rio San Buenaventura,Panajachel,428431,1631152,1581,10:38,17.7,23.9,6.2,8.58,110,127.7,-0.1,8.54,107.9,0.13,265,2.8,0.002,0.874,4.51,4,9300,1.7,,,54,Regular,
87,2022,3,Mar,7,07/03/2022,Río San Francisco,Panajachel,429219,1629424,1553,09:00,20,23,3,8.12,8,264,0.3,4.26,56.5,0.26,539,179,0.179,4.784,3.722,107,> 110000,123,275.29,43.32,21,Pésima,
87,2022,3,Mar,9,09/03/2022,Río Quiscab,Sololá,426187,1630392,1565,11:23,21.4,28.2,6.8,8.41,8,92.1,0.7,7.4,101.1,0.09,193.7,607.6,0.607,0.408,4.831,116,110000,4.8,167.99,13.65,34,Mala,
87,2022,3,Mar,9,09/03/2022,Río Tzununá,Santa Cruz La Laguna,420004,1629106,1575,09:22,17.6,22,4.4,8.21,6,58.3,0.5,7.74,97.6,0.06,123.3,116.6,0.116,0.129,2.856,103,46000,3.1,,,45,Mala,
88,2022,4,Abr,4,04/04/2022,Río La Catarata,Panajachel,428288,1631199,1570,11:10,21,24.4,3.4,8.22,90,127.8,0.1,7.07,96.4,0.13,277,6.4,0.006,0.905,4.6,3,360,2.5,,,66,Regular,
88,2022,4,Abr,4,04/04/2022,Rio San Buenaventura,Panajachel,428431,1631152,1581,12:15,21,28.2,7.2,8.75,101.5,114.4,-0.1,8.99,122.1,0.11,240,3.9,0.003,1.231,4.3,5,< 300,Indef.,,,62,Regular,
88,2022,4,Abr,4,04/04/2022,Río San Francisco,Panajachel,429219,1629424,1553,09:40,23.8,25.5,1.7,8.2,5,256,2.5,3.96,56.7,0.25,526,117.3,0.117,5.253,1.991,111,3500,61.9,114.52,28.38,29,Mala,
88,2022,4,Abr,6,06/04/2022,Río Quiscab,Sololá,426187,1630392,1565,11:50,23.2,30.9,7.7,8.71,10,93.4,1,7.34,104.2,0.09,196.3,615,0.615,0.748,7,51,> 110000,4.8,74.39,21.41,37,Mala,
88,2022,4,Abr,6,06/04/2022,Río Tzununá,Santa Cruz La Laguna,420004,1629106,1575,10:26,20.4,22.4,2,8.37,10,58,1,7.38,98.8,0.06,122.8,92.1,0.092,0.267,2.9,76,3600,3.9,,,59,Regular,
89,2022,5,May,9,09/05/2022,Río La Catarata,Panajachel,428288,1631199,1570,10:45,19.7,22.6,2.9,7.79,10,118.1,0.1,7.43,98.6,0.12,248,46.5,0.046,0.871,10.749,57,4300,4.2,,,53,Regular,
89,2022,5,May,9,09/05/2022,Rio San Buenaventura,Panajachel,428431,1631152,1581,11:50,20.3,25.6,5.3,7.21,55,103.2,-0.1,7.64,102.3,0.1,216.7,65.5,0.065,0.894,2.73,8,46000,2,,,54,Regular,
89,2022,5,May,9,09/05/2022,Río San Francisco,Panajachel,429219,1629424,1553,09:15,21.9,24.6,2.7,7.23,8,181.9,1,4.1,56.4,0.18,378,361.8,0.361,3.795,5.141,55,> 110000,46.5,243.82,51.17,26,Pésima,
89,2022,5,May,11,11/05/2022,Río Quiscab,Sololá,426187,1630392,1565,11:50,21,28.4,7.4,7.96,5,109.3,0.3,7.47,101.3,0.11,229,814.9,0.814,0.465,8.754,151,110000,4.5,133.77,32.25,34,Mala,
89,2022,5,May,11,11/05/2022,Río Tzununá,Santa Cruz La Laguna,420004,1629106,1575,10:00,18.1,22.9,4.8,7.82,12,61.2,0.2,7.7,98.4,0.06,129.4,106.6,0.106,0.215,3.304,36,24000,3.4,,,57,Regular,
90,2022,6,Jun,13,13/06/2022,Río La Catarata,Panajachel,428288,1631199,1570,10:42,17.9,19.2,1.3,8.52,42,108,0.1,7.78,99.5,0.11,227,169.6,0.169,0.635,8.658,10,920,3.4,,,61,Regular,
90,2022,6,Jun,13,13/06/2022,Rio San Buenaventura,Panajachel,428431,1631152,1581,11:17,17.7,22.5,4.8,8.54,75,120.3,-0.1,7.91,101,0.12,252,155.9,0.155,0.759,12.088,7,920,2.2,,,60,Regular,
90,2022,6,Jun,13,13/06/2022,Río San Francisco,Panajachel,429219,1629424,1553,09:00,20.7,21.8,1.1,8.42,12.2,126.2,0.5,7.57,101.7,0.13,266,886.3,0.886,1.179,9.578,48,> 110000,11,298.65,41.12,36,Mala,
90,2022,6,Jun,15,15/06/2022,Río Quiscab,Sololá,426187,1630392,1565,11:15,19.3,28.3,9,8.15,1,95.1,2,7.78,102,0.09,199.7,4882.1,4.882,0.32,9.432,256,110000,3.4,1181.08,259.42,34,Mala,
90,2022,6,Jun,15,15/06/2022,Río Tzununá,Santa Cruz La Laguna,420004,1629106,1575,09:40,18.2,20.1,1.9,7.98,32.5,60.5,0.2,7.95,101.6,0.06,127.9,593.4,0.593,0.129,4.12,22,1500,1.4,,,68,Regular,
91,2022,7,Jul,11,11/07/2022,Río La Catarata,Panajachel,428288,1631199,1570,09:10,16.9,19.2,2.3,8,85,113.9,0.1,7.83,97.4,0.11,239,16.8,0.016,0.942,11.032,8,4300,2.2,,,57,Regular,
91,2022,7,Jul,11,11/07/2022,Rio San Buenaventura,Panajachel,428431,1631152,1581,09:50,17.3,21.2,3.9,8.35,54,111.8,0.1,7.85,98.3,0.11,233,40,0.04,0.779,11.896,13,2900,2.2,,,57,Regular,
91,2022,7,Jul,11,11/07/2022,Río San Francisco,Panajachel,429219,1629424,1553,10:45,22.8,23.7,0.9,8.92,21,149.2,0.3,8.05,112.5,0.15,311,206,0.206,1.606,6.975,35,> 110000,25.4,94.33,12.87,30,Mala,
91,2022,7,Jul,13,13/07/2022,Río Quiscab,Sololá,426168,1630394,1568,10:43,19.6,24,4.4,8.32,6,91.6,0.4,7.63,100.3,0.09,192.8,1284.8,1.284,0.448,7.818,137,> 110000,3.4,832.55,34.52,35,Mala,
91,2022,7,Jul,13,13/07/2022,Río Tzununá,Santa Cruz La Laguna,420004,1629106,1575,09:10,17.5,22,4.5,8.22,12,60.3,0.3,7.87,99.1,0.06,127.6,161.7,0.161,0.178,3.845,70,2300,3.6,,,60,Regular,
92,2022,8,Ago,8,08/08/2022,Río La Catarata,Panajachel,428288,1631199,1570,11:10,19.1,21,1.9,8.24,31,114.1,0.2,7.29,95.2,0.11,239,17.3,0.017,1.21,12.425,12,7500,3.4,,,52,Regular,
92,2022,8,Ago,8,08/08/2022,Rio San Buenaventura,Panajachel,428431,1631152,1581,12:00,18.9,24.5,5.6,8.43,50,104.1,-0.1,7.58,98.5,0.1,217.5,31,0.031,0.726,5.949,11,740,2.2,,,62,Regular,
92,2022,8,Ago,8,08/08/2022,Río San Francisco,Panajachel,429219,1629424,1553,09:15,21.9,26.5,4.6,8.15,12,147.2,0.5,6.97,95.9,0.14,307,346.4,0.346,1.841,8.806,51,> 110000,33.8,77.82,26.37,29,Mala,
92,2022,8,Ago,10,10/08/2022,Río Quiscab,Sololá,426187,1630392,1565,11:20,21.9,27.2,5.3,8.27,4.5,80.9,0.5,7.38,101.4,0.08,170.4,1428.3,1.428,0.196,5.736,161,46000,3.1,715.75,48.5,43,Mala,
92,2022,8,Ago,10,10/08/2022,Río Tzununá,Santa Cruz La Laguna,420004,1629106,1575,09:15,18.6,22.4,3.8,8.15,6,60.1,1.2,7.56,97.1,0.06,126.4,163,0.163,0.205,2.901,90,2000,1.7,,,62,Regular,
93,2022,9,Sep,5,05/09/2022,Río Quiscab,Sololá,426187,1630392,1565,11:20,20.1,29.1,9,8.18,4,65.9,0.7,7.48,99.4,0.06,140.3,6497.6,6.497,0.121,6.01,151,46000,3.1,3480.63,252.63,42,Mala,
93,2022,9,Sep,5,05/09/2022,Río Tzununá,Santa Cruz La Laguna,420004,1629106,1575,09:20,18.2,22.8,4.6,8.34,11,61.8,0.1,7.78,99.3,0.06,130.2,503.8,0.503,0.11,3.747,16,46000,4.5,,,54,Regular,
93,2022,9,Sep,7,07/09/2022,Río La Catarata,Panajachel,428288,1631199,1570,10:50,18.7,21.2,2.5,8.34,16,95,-0.1,7.74,99.8,0.09,198.8,185.6,0.185,0.458,9.397,26,46000,2,,,51,Regular,
93,2022,9,Sep,7,07/09/2022,Rio San Buenaventura,Panajachel,428431,1631152,1581,11:50,18.5,22.7,4.2,8.4,12.5,109,-0.1,7.81,100.2,0.11,229,174,0.173,0.664,13.911,42,4300,3,,,53,Regular,
93,2022,9,Sep,7,07/09/2022,Río San Francisco,Panajachel,429219,1629424,1553,09:00,18.6,24.3,5.7,7.77,3,80,0.5,7.74,99.4,0.08,168.5,3533.6,3.533,0.49,9.911,166,> 110000,8.5,3037.77,119.07,33,Mala,
94,2022,10,Oct,10,10/10/2022,Río La Catarata,Panajachel,428288,1631199,1570,11:18,16.9,19.1,2.2,8.89,4.5,78.2,1,8,100,0.08,164.5,633.7,0.633,0.926,2.313,164,> 110000,19.1,,,29,Mala,
94,2022,10,Oct,10,10/10/2022,Rio San Buenaventura,Panajachel,428431,1631152,1581,12:10,17,19,2,8.63,2,86.2,1,8.01,100.3,0.09,181.4,517.2,0.517,1.1,3.742,257,> 110000,7.6,,,33,Mala,
94,2022,10,Oct,10,10/10/2022,Río San Francisco,Panajachel,429219,1629424,1553,09:15,17.1,19,1.9,8.2,2,84.8,0.3,7.52,94.3,0.08,178.5,4326.6,4.326,0.85,4.705,568,> 110000,24,1719.56,660.91,28,Mala,
94,2022,10,Oct,12,12/10/2022,Río Quiscab,Sololá,426187,1630392,1565,16:00,19,22.3,3.3,8.21,5,55.1,0.3,7.71,100.6,0.05,117.1,6754.3,6.754,0.084,1.834,144,24000,1.4,933.71,139.47,48,Mala,
94,2022,10,Oct,12,12/10/2022,Río Tzununá,Santa Cruz La Laguna,420004,1629106,1575,09:18,19.3,23.5,4.2,8.45,18,58,0.2,8.08,100.9,0.06,122.7,583.6,0.583,0.129,3.706,63,4300,4.2,,,57,Regular,
95,2022,11,Nov,7,07/11/2022,Río Quiscab,Sololá,426187,1630392,1565,11:50,19.3,24.8,5.5,8.27,4.8,75.3,0.5,7.61,97.7,0.07,159.1,2488.1,2.488,0.185,6.66,178,> 110000,3.1,1805.76,80.83,36,Mala,
95,2022,11,Nov,7,07/11/2022,Río Tzununá,Santa Cruz La Laguna,420004,1629106,1575,09:20,18.8,24.8,6,8.21,8.5,59.9,0.3,7.64,98.8,0.06,126.7,362,0.362,0.174,4.386,66,4300,2,,,58,Regular,
95,2022,11,Nov,9,09/11/2022,Río La Catarata,Panajachel,428288,1631199,1570,11:00,16.8,18.8,2,8.4,30,93.3,-0.1,7.99,99.3,0.09,196.2,107.4,0.107,0.651,10.576,12,1000,1.1,,,63,Regular,
95,2022,11,Nov,9,09/11/2022,Rio San Buenaventura,Panajachel,428431,1631152,1581,12:00,17,20.6,3.6,8.51,30,110.1,-0.1,7.96,99.3,0.11,232,50.1,0.05,0.744,10.794,16,4300,1.1,,,57,Regular,
95,2022,11,Nov,9,09/11/2022,Río San Francisco,Panajachel,429219,1629424,1553,09:20,18,18.9,0.9,8.13,6,123.4,0.4,7.57,96.1,0.12,259,1398.2,1.398,0.977,11.87,145,> 110000,14.1,1437.57,71.15,30,Mala,
96,2022,12,Dic,5,05/12/2022,Río Quiscab,Sololá,426187,1630392,1565,11:30,17.7,30.9,13.2,8.24,16.5,72.5,0.2,7.92,100.4,0.07,151.9,3188.3,3.188,0.349,20.34,40,46000,3.1,5536.93,82.64,38,Mala,
96,2022,12,Dic,5,05/12/2022,Río Tzununá,Santa Cruz La Laguna,420004,1629106,1575,09:30,16.9,22,5.1,8.14,23.5,59.3,0.1,7.85,97.9,0.06,126.4,227.4,0.227,0.281,12.984,25,110000,2.2,,,44,Mala,
96,2022,12,Dic,7,07/12/2022,Río La Catarata,Panajachel,428288,1631199,1570,10:15,14,18.2,4.2,7.82,54.6,118.9,-0.1,8.35,97.3,0.11,181.9,27.3,0.027,1.494,26.884,6,3800,1.4,,,55,Regular,
96,2022,12,Dic,7,07/12/2022,Rio San Buenaventura,Panajachel,428431,1631152,1581,11:30,15.3,20.8,5.5,8.25,59.1,116.6,-0.1,8.17,97.9,0.12,197.2,5.1,0.005,1.45,34.623,10,9300,0.3,,,49,Mala,
96,2022,12,Dic,7,07/12/2022,Río San Francisco,Panajachel,429219,1629424,1553,08:50,16.4,18.6,2.2,7.89,17.4,134.5,0.3,7.87,96.4,0.13,281,482.7,0.482,4.189,30.915,31,> 110000,18.3,1251.16,70.9,30,Mala,
97,2023,1,Ene,16,16/01/2023,Rio San Francisco,Panajachel,429219,1629424,1553,09:00,17.3,21.4,4.1,7.79,12,194.2,0.2,6.88,86,0.19,403,260.8,0.26,2.994,7.899,66,> 110000,83.1,180.26,37.5,28,Mala,
97,2023,1,Ene,16,16/01/2023,Rio La Catarata,Panajachel,428288,1631199,1570,10:20,14.8,18.6,3.8,7.79,120,111.5,-0.1,8.28,98.3,0.11,235,48.4,0.048,0.721,8.589,4,1500,1.4,,,64,Regular,
97,2023,1,Ene,16,16/01/2023,Río San Buenaventura,Panajachel,428431,1631152,1581,11:30,15.5,25.5,10,8.07,78,110.4,-0.1,8.37,101.1,0.11,233,17.5,0.017,0.671,6.936,8,360,2.8,,,63,Regular,
97,2023,1,Ene,18,18/01/2023,Rio Tzununa,Santa Cruz La Laguna,420004,1629106,1575,09:20,15.7,18.4,2.7,7.57,11,57.6,0.2,8.42,101.8,0.06,121.5,141.9,0.141,0.163,1.638,97,4300,1.4,,,69,Regular,
97,2023,1,Ene,18,18/01/2023,Rio Quiscab,Sololá/panajachel,426187,1630392,1565,11:00,16.4,25,8.6,7.57,20.3,86.1,0.1,8.37,102.9,0.09,181.2,982.5,0.982,0.214,2.171,30,> 110000,3.1,152.8,16.47,46,Mala,
98,2023,2,Feb,13,13/02/2023,Rio San Francisco,Panajachel,429219,1629424,1553,08:45,18,21,3,7.56,8,237,,5.78,73.2,0.24,497,223.1,0.223,6.598,3.765,99,> 110000,130,360.46,64.34,25,Pesima,
98,2023,2,Feb,13,13/02/2023,Rio La Catarata,Panajachel,428288,1631199,1570,09:25,15.3,19.5,4.2,7.98,120,119.3,,7.94,95.5,0.12,250,13,0.013,0.928,6.822,3,4300,0,,,60,Regular,
98,2023,2,Feb,13,13/02/2023,Río San Buenaventura,Panajachel,428431,1631152,1581,10:05,15.7,21.7,6,8.22,91.3,115.1,,8.24,99.8,0.11,241,11.9,0.011,0.95,7.719,6,9300,0.3,,,55,Regular,
98,2023,2,Feb,15,15/02/2023,Rio Tzununa,Santa Cruz La Laguna,420004,1629106,1575,11:40,18.3,19.6,1.3,7.65,10,58.4,,7.84,100.4,0.06,123.6,124.2,0.124,0.189,3.128,54,4300,2.5,,,63,Regular,
98,2023,2,Feb,15,15/02/2023,Rio Quiscab,Sololá/panajachel,426187,1630392,1565,12:30,18.4,31.8,13.4,7.6,17,89.5,,7.93,101.9,0.09,188.4,887.1,0.887,0.537,6.114,30,> 110000,3.6,559.51,37.48,40,Mala,
99,2023,3,Mar,13,13/03/2023,Rio Tzununa,Santa Cruz La Laguna,420004,1629106,1575,11:04,19.1,23.5,4.4,7.35,47,58.3,,7.75,100.8,0.06,123.4,148.8,0.148,0.348,3.189,10,4300,2.2,,,49,Mala,
99,2023,3,Mar,13,13/03/2023,Rio Quiscab,Sololá/Panajachel,426187,1630392,1565,12:10,20.7,32.6,11.9,7.69,12.3,91.3,,7.52,101.2,0.09,192.2,1115.5,1.115,1.04,7.565,74,46000,3.6,761.4,32.67,38,Mala,
99,2023,3,Mar,15,15/03/2023,Rio San Francisco,Panajachel,429219,1629424,1553,09:00,20.8,25,4.2,7.5,4.2,214.4,,5.65,75.8,0.21,444,231.8,0.231,15.576,6.3,101,> 110000,85,178.24,61.99,12,Pesima,
99,2023,3,Mar,15,15/03/2023,Rio La Catarata,Panajachel,428288,1631199,1570,11:01,18.7,23.7,5,7.78,120,118,,7.52,97.4,0.12,247,13.9,0.013,2.159,6.8,3,2300,1.7,,,47,Mala,
99,2023,3,Mar,15,15/03/2023,Río San Buenaventura,Panajachel,428431,1631152,1581,11:34,18.4,27.4,9,7.99,50,112.9,,8.14,104.5,0.11,237,31.4,0.031,1.88,8.4,11,1500,2.5,,,45,Mala,
100,2023,4,Abr,10,10/04/2023,Rio San Francisco,Panajachel,429219,1629424,1553,06:45,19.3,20,0.7,7.34,6.3,275,,3.26,42.6,0.27,566,113.8,0.113,6.618,5.162,107,> 110000,113,58.01,52.57,14,Pesima,
100,2023,4,Abr,10,10/04/2023,Rio La Catarata,Panajachel,428288,1631199,1570,07:47,15.8,21.2,5.4,7.53,120,128.5,,7.5,91,0.13,269,3.9,0.003,0.911,5.249,3,2100,2.5,,,49,Mala,
100,2023,4,Abr,10,10/04/2023,Río San Buenaventura,Panajachel,428431,1631152,1581,08:15,14.5,20.3,5.8,7.76,85,120.2,,8.41,99.1,0.12,252,15.5,0.015,0.707,6.317,6,4300,indef.,,,,,
100,2023,4,Abr,12,12/04/2023,Rio Tzununa,Santa Cruz La Laguna,420004,1629106,1575,11:40,18.2,22.2,4,7.61,6,57.2,,7.72,98.8,0.06,121.8,127.2,0.127,0.187,2.6,129,24000,2,,,33,Mala,
100,2023,4,Abr,12,12/04/2023,Rio Quiscab,Sololá/Panajachel,426187,1630392,1565,12:45,20.8,27.5,6.7,7.53,10,102.7,,7.51,101,0.1,215.7,792.2,0.792,0.404,6.345,48,24000,3.9,472.28,17.32,36,Mala,
101,2023,5,May,8,08/05/2023,Rio San Francisco,Panajachel,429219,1629424,1553,09:00,23.7,24.3,0.6,7.4,13,429,,1.73,25,0.43,874,189.1,0.189,2.241,4.51,69.7,> 110000,69,70.25,36.55,21,Pesima,
101,2023,5,May,8,08/05/2023,Rio La Catarata,Panajachel,428288,1631199,1570,10:45,16.6,22.7,6.1,7.37,80,120.5,,7.87,97.8,0.12,252,18.8,0.018,1.136,8.75,6.34,9200,3.1,,,51,Mala,
101,2023,5,May,8,08/05/2023,Río San Buenaventura,Panajachel,428431,1631152,1581,11:30,18.6,25.4,6.8,8.11,6,111.8,,7.76,100.2,0.11,234,6.1,0.006,0.768,5.27,70.1,46000,3.6,,,43,Mala,
101,2023,5,May,10,10/05/2023,Rio Tzununa,Santa Cruz La Laguna,420004,1629106,1575,11:50,20.9,25.8,4.9,7.57,10,58.9,,7.15,96.7,0.06,124.7,186.4,0.186,0.194,2.9,79.07,4300,2.2,,,59,Regular,
101,2023,5,May,10,10/05/2023,Rio Quiscab,Sololá/Panajachel,426187,1630392,1565,12:45,22.2,30.1,7.9,7.75,18,97.6,,7.21,100.1,0.1,205.1,681.7,0.681,0.467,5.2,37.96,> 110000,3.1,329.83,31.1,42,Mala,
102,2023,6,Jun,12,12/06/2023,Rio San Francisco,Panajachel,429219,1629424,1553,08:45,23,26.1,3.1,7.4,9,226,,5.28,74.3,0.22,469,215.3,0.215,3.348,8.575,55.6,> 110000,46.5,169.28,51.53,26,Mala,
102,2023,6,Jun,12,12/06/2023,Rio La Catarata,Panajachel,428288,1631199,1570,09:20,18.7,21.2,2.5,7.58,103.2,121.8,,7.41,96,0.12,255,96.7,0.096,0.79,22.68,3.17,2100,1.7,,,59,Regular,
102,2023,6,Jun,12,12/06/2023,Río San Buenaventura,Panajachel,428431,1631152,1581,09:50,19.2,22.7,3.5,7.63,66.2,107.3,,7.39,96.7,0.11,225,15.1,0.015,0.79,20.662,8.61,46000,2.2,,,48,Mala,
102,2023,6,Jun,14,14/06/2023,Rio Tzununa,Santa Cruz La Laguna,420004,1629106,1575,12:11,21.3,23.5,2.2,7.34,13.2,60.1,,7.21,98.3,0.06,127,200.9,0.2,0.324,19.89,62.2,4300,4.2,,,55,Regular,
102,2023,6,Jun,14,14/06/2023,Rio Quiscab,Sololá/Panajachel,426187,1630392,1565,13:00,24.1,26.2,2.1,7.95,23,93,,7.19,103.7,0.09,195.6,709.6,0.709,0.417,0.882,46.24,> 110000,4.8,61.31,28.82,47,Mala,
103,2023,7,Jul,17,17/07/2023,Rio Tzununa,Santa Cruz La Laguna,420004,1629106,1575,11:30,20.2,22,1.8,7.51,40,61,,7.09,93.6,0.06,129,205,0.205,,,,,,,,,,
103,2023,7,Jul,19,19/07/2023,Rio San Francisco,Panajachel,429219,1629424,1553,09:06,21.1,26.8,5.7,7.42,4,138.8,,7.01,94.7,0.14,290,653.2,0.653,,,,,,,,,,
103,2023,7,Jul,19,19/07/2023,Rio La Catarata,Panajachel,428288,1631199,1570,09:40,16.6,22.2,5.6,7.67,100,125.4,,7.65,95.9,0.12,263,60.2,0.06,,,,,,,,,,
103,2023,7,Jul,19,19/07/2023,Río San Buenaventura,Panajachel,428431,1631152,1581,10:28,17.4,22.7,5.3,7.54,77.2,111.4,,7.62,95.7,0.11,234,45.6,0.045,,,,,,,,,,
104,2023,8,Ago,7,07/08/2023,Rio San Francisco,Panajachel,429219,1629424,1553,08:50,20.1,25.9,5.8,7.75,6,109.1,,6.74,90.4,0.11,229,812.6,0.812,,,,,,,,,,
104,2023,8,Ago,7,07/08/2023,Río La Catarata,Panajachel,428288,1631199,1570,09:48,16.9,19.6,2.7,7.49,34.3,115,,7.69,96.3,0.11,241,79.7,0.079,,,,,,,,,,
104,2023,8,Ago,7,07/08/2023,Río San Buenaventura,Panajachel,428431,1631152,1581,10:24,18,23.1,5.1,7.55,38.2,113,,7.53,96.3,0.11,237,48.3,0.048,,,,,,,,,,
104,2023,8,Ago,9,09/08/2023,Rio Tzununa,Santa Cruz La Laguna,420004,1629106,1575,11:05,19.5,22.5,3,7.1,9,60.8,,7.33,96.9,0.06,128.5,188.5,0.188,,,,,,,,,,
105,2023,9,Sep,11,11/09/2023,Río San Francisco,Panajachel,429219,1629424,1553,09:30,22.4,25.9,3.5,7.17,6.3,122.6,,6.58,91.5,0.12,257,647.9,0.647,,,,,,,,,,
105,2023,9,Sep,11,11/09/2023,Río La Catarata,Panajachel,428288,1631199,1570,10:30,17.7,20.5,2.8,7.44,7.4,97.3,,7.47,96.4,0.1,204.5,101.1,0.101,,,,,,,,,,
105,2023,9,Sep,11,11/09/2023,Río San Buenaventura,Panajachel,428431,1631152,1581,11:10,18.1,20,1.9,7.39,9.8,102.1,,7.66,98.1,0.1,214.5,58.4,0.058,,,,,,,,,,
105,2023,9,Sep,13,13/09/2023,Rio Tzununa,Santa Cruz La Laguna,420004,1629106,1575,12:50,21.3,26.9,5.6,7.13,15,63.8,,7.2,98.7,0.06,134.8,190.5,0.19,,,,,,,,,,
105,2023,9,Sep,13,13/09/2023,Rio Quiscab,Sololá/panajachel,426187,1630392,1565,14:00,21.6,27,5.4,7.11,3,91.3,,7.17,99,0.09,192,1545.1,1.545,,,,,,,,,,
106,2023,10,oct,17,17/10/2023,Río San Francisco,Panajachel,429219,1629424,1553,10:46,19.3,24.2,4.9,7.44,6,130.3,,6.58,85.8,0.13,273,952.7,0.952,,,,,,,,,,
106,2023,10,oct,19,19/10/2023,Rio Tzununa,Santa Cruz La Laguna,420004,1629106,1575,10:52,19.1,28.6,9.5,7.35,31,60.8,,7.57,98.7,0.06,128.5,407.2,0.407,,,,,,,,,,
106,2023,10,oct,19,19/10/2023,Río Quiscab,Sololá/Panajachel,426187,1630392,1565,12:00,18.2,27.5,9.3,7.57,10,79.7,,7.66,98.5,0.08,167.9,2966.2,2.966,,,,,,,,,,
106,2023,10,oct,23,23/10/2023,Río La Catarata,Panajachel,428288,1631199,1570,12:01,19.5,23,3.5,7.73,65,95.5,,7.52,99,0.09,200.9,109.2,0.109,,,,,,,,,,
106,2023,10,oct,23,23/10/2023,Río San Buenaventura,Panajachel,428431,1631152,1581,12:21,18.7,23,4.3,8.23,45,106.6,,7.68,99.4,0.11,225,84.1,0.084,,,,,,,,,,
107,2023,11,nov,6,06/11/2023,Rio Tzununa,Santa Cruz La Laguna,420004,1629106,1575,12:33,19.8,23.1,3.3,7.68,51,59.9,,7.3,97.7,0.06,126.8,183.7,0.183,,,,,,,,,,
107,2023,11,nov,6,06/11/2023,Río Quiscab,Sololá/panajachel,426187,1630392,1565,13:51,17.4,26.9,9.5,7.02,1,43.4,,7.63,98,0.04,92,7294.7,7.294,,,,,,,,,,
107,2023,11,nov,9,09/11/2023,Río San Francisco,Panajachel,429219,1629424,1553,09:20,19.3,21.7,2.4,7.27,3.3,76.9,,7.52,98.2,0.08,162,1628.4,1.628,,,,,,,,,,
107,2023,11,nov,9,09/11/2023,Río La Catarata,Panajachel,428288,1631199,1570,11:10,18.2,20.9,2.7,7.83,35,105.9,,7.63,97.8,0.1,222,51.3,0.051,,,,,,,,,,
107,2023,11,nov,9,09/11/2023,Río San Buenaventura,Panajachel,428431,1631152,1581,11:45,18.6,22.6,4,7.76,35,113,,7.55,97.7,0.11,237,39.2,0.039,,,,,,,,,,
108,2023,12,dic,4,04/12/2023,Río San Francisco,Panajachel,429219,1629424,1553,,19.2,27.1,7.9,7.96,12,183.4,,5.98,78.8,0.18,381,434.4,0.434,,,,,,,,,,
108,2023,12,dic,4,04/12/2023,Río La Catarata,Panajachel,428288,1631199,1570,11:00,18.3,21.6,3.3,7.87,85,116.4,,7.15,93.7,0.12,244,30.5,0.03,,,,,,,,,,
108,2023,12,dic,4,04/12/2023,Río San Buenaventura,Panajachel,428431,1631152,1581,11:45,18.7,24.2,5.5,7.92,85,126.5,,7.15,93.8,0.13,265,4.2,0.004,,,,,,,,,,
108,2023,12,dic,6,06/12/2023,Rio Tzununa,Santa Cruz La Laguna,420004,1629106,1575,12:00,18.6,23.6,5,7.63,14,60.5,,7.36,96,0.06,127.9,105.5,0.105,,,,,,,,,,
108,2023,12,dic,6,06/12/2023,Río Quiscab,Sololá/Panajachel,426187,1630392,1565,13:30,17.8,25.5,7.7,7.85,14,80.3,,7.73,98.8,0.08,169.2,1103,1.103,,,,,,,,,,
