location,date,depth_group,value_chlorophyll_a,measurement_count_chlorophyll_a,value_dissolved_oxygen,measurement_count_dissolved_oxygen
SA,2014-02-18,Surface,3.2544075661787337,10,7.60904752055894,10
SA,2014-02-18,Mid-Depth,4.886576399017274,10,7.266,10
SA,2014-02-18,Lower Photic,3.507490110101724,10,6.8180000000000005,10
SA,2014-02-18,Deep,3.158719954306929,22,6.439069707308709,22
SA,2014-03-26,Surface,0.5750857142857143,10,7.465999999999999,10
SA,2014-03-26,Mid-Depth,3.129142857142857,10,7.033,10
SA,2014-03-26,Lower Photic,2.6554043834081824,10,5.949,10
SA,2014-03-26,Deep,0.8387350037130111,22,4.264765373738981,22
SA,2014-04-22,Surface,1.34,10,6.988,10
SA,2014-04-22,Mid-Depth,1.855,10,6.726999999999999,10
SA,2014-04-22,Lower Photic,2.182,10,5.93,10
SA,2014-04-22,Deep,0.5917575158163477,22,2.991327750740296,22
SA,2014-05-19,Surface,1.0155,10,7.149499999999999,10
SA,2014-05-19,Mid-Depth,1.433,10,7.039,10
SA,2014-05-19,Lower Photic,1.073,10,6.697,10
SA,2014-05-19,Deep,0.4975757575757576,22,4.114545454545454,22
SA,2014-06-24,Surface,1.371,10,7.42,10
SA,2014-06-24,Mid-Depth,1.363,10,7.303,10
SA,2014-06-24,Lower Photic,1.326,10,6.265,10
SA,2014-06-24,Deep,0.4631818181818181,22,3.2624242424242422,22
SA,2014-07-22,Surface,0.6140000000000001,10,6.968999999999999,10
SA,2014-07-22,Mid-Depth,1.215,10,6.919,10
SA,2014-07-22,Lower Photic,1.209,10,6.4590000000000005,10
SA,2014-07-22,Deep,0.4874999999999999,22,3.060378787878788,22
SA,2014-08-12,Surface,1.048,10,7.287999999999999,10
SA,2014-08-12,Mid-Depth,1.393,10,7.108,10
SA,2014-08-12,Lower Photic,1.438,10,6.7,10
SA,2014-08-12,Deep,0.6010520953957537,22,3.1313010598131386,22
SA,2014-09-08,Surface,1.311,10,8.089,10
SA,2014-09-08,Mid-Depth,1.6329999999999998,10,7.796000000000001,10
SA,2014-09-08,Lower Photic,1.012,10,7.256,10
SA,2014-09-08,Deep,0.5309848484848486,22,3.0979545454545456,22
SA,2014-10-07,Surface,2.416,10,8.476,10
SA,2014-10-07,Mid-Depth,3.455,10,8.123,10
SA,2014-10-07,Lower Photic,1.847,10,7.344999999999999,10
SA,2014-10-07,Deep,0.4542977025062711,22,3.045806948316232,22
SA,2014-11-11,Surface,3.05,10,7.858,10
SA,2014-11-11,Mid-Depth,3.532,10,7.644,10
SA,2014-11-11,Lower Photic,2.274,10,7.152000000000001,10
SA,2014-11-11,Deep,1.5454633273469782,22,4.6644136947709205,22
SA,2014-12-08,Surface,2.8155,10,6.933,10
SA,2014-12-08,Mid-Depth,3.351,10,6.929,10
SA,2014-12-08,Lower Photic,3.567,10,6.961,10
SA,2014-12-08,Deep,3.967727272727273,22,6.9556818181818185,22
SA,2015-01-13,Surface,3.1979999999999995,10,7.27223406870409,10
SA,2015-01-13,Mid-Depth,4.276000000000001,10,6.941262519495123,10
SA,2015-01-13,Lower Photic,4.405,10,5.994193200628852,10
SA,2015-01-13,Deep,4.475227272727272,22,3.644518914539619,22
SA,2015-02-10,Surface,3.136,10,6.416999999999999,10
SA,2015-02-10,Mid-Depth,2.059,10,4.615,10
SA,2015-02-10,Lower Photic,1.593,10,4.786,10
SA,2015-02-10,Deep,1.8758333333333328,22,5.863484848484847,22
SA,2015-03-10,Surface,2.96,10,7.138000000000001,10
SA,2015-03-10,Mid-Depth,4.984,10,6.872,10
SA,2015-03-10,Lower Photic,4.583,10,6.272,10
SA,2015-03-10,Deep,5.040530303030303,22,6.674242424242425,22
SA,2015-04-14,Surface,0.776,10,7.633,10
SA,2015-04-14,Mid-Depth,1.168,10,7.189,10
SA,2015-04-14,Lower Photic,1.0720000000000005,10,6.586,10
SA,2015-04-14,Deep,0.5587878787878787,22,4.053484848484849,22
SA,2015-06-09,Surface,0.711,10,7.372999999999999,10
SA,2015-06-09,Mid-Depth,0.929,10,7.391999999999999,10
SA,2015-06-09,Lower Photic,0.937,10,6.138999999999999,10
SA,2015-06-09,Deep,0.5393939393939392,22,3.6399242424242426,22
SA,2015-07-14,Surface,1.2520000000000002,10,7.168000000000001,10
SA,2015-07-14,Mid-Depth,1.988,10,7.208999999999999,10
SA,2015-07-14,Lower Photic,1.437,10,7.083,10
SA,2015-07-14,Deep,0.7236363636363637,22,3.436818181818182,22
SA,2015-08-10,Surface,1.357,10,7.478999999999999,10
SA,2015-08-10,Mid-Depth,1.645,10,7.390000000000001,10
SA,2015-08-10,Lower Photic,1.19,10,6.746,10
SA,2015-08-10,Deep,0.730378787878788,22,3.538863636363637,22
SA,2015-09-09,Surface,1.594,10,7.817,10
SA,2015-09-09,Mid-Depth,2.521,10,7.741,10
SA,2015-09-09,Lower Photic,2.26,10,6.681,10
SA,2015-09-09,Deep,0.6046969696969697,22,2.564469696969697,22
SA,2015-10-06,Surface,1.836,10,7.973000000000001,10
SA,2015-10-06,Mid-Depth,2.045,10,7.608,10
SA,2015-10-06,Lower Photic,1.287,10,5.99,10
SA,2015-10-06,Deep,0.4741666666666667,22,2.3795454545454544,22
SA,2015-11-11,Surface,2.4915392856423737,10,7.259,10
SA,2015-11-11,Mid-Depth,3.0906202603698234,10,6.906000000000001,10
SA,2015-11-11,Lower Photic,2.576048265567105,10,6.0920000000000005,10
SA,2015-11-11,Deep,1.4276198709673351,22,2.7603388556645028,22
SA,2016-01-19,Surface,1.8560000000000003,10,7.324000000000001,10
SA,2016-01-19,Mid-Depth,2.124,10,7.286,10
SA,2016-01-19,Lower Photic,2.3470000000000004,10,7.079000000000001,10
SA,2016-01-19,Deep,1.6234848484848483,22,5.8981818181818175,22
SA,2016-02-16,Surface,3.079947655254644,10,6.662999999999999,10
SA,2016-02-16,Mid-Depth,2.7880000000000003,10,6.82,10
SA,2016-02-16,Lower Photic,2.4855,10,6.856999999999999,10
SA,2016-02-16,Deep,2.308181818181818,22,7.017348484848484,22
SA,2016-03-01,Surface,3.553,10,8.027,10
SA,2016-03-01,Mid-Depth,3.173,10,7.239,10
SA,2016-03-01,Lower Photic,1.972,10,6.491,10
SA,2016-03-01,Deep,1.4427272727272726,22,6.369545454545456,22
SA,2016-04-12,Surface,1.759,10,8.031,10
SA,2016-04-12,Mid-Depth,2.3070000000000004,10,7.926999999999998,10
SA,2016-04-12,Lower Photic,1.235,10,6.105,10
SA,2016-04-12,Deep,0.3359090909090909,22,4.406742424242424,22
SA,2016-05-17,Surface,0.7969999999999999,10,7.8809999999999985,10
SA,2016-05-17,Mid-Depth,1.243,10,7.712999999999999,10
SA,2016-05-17,Lower Photic,0.759,10,5.159,10
SA,2016-05-17,Deep,0.2252272727272727,22,3.300303030303031,22
SA,2016-06-14,Surface,0.479,10,7.832000000000001,10
SA,2016-06-14,Mid-Depth,1.038,10,7.786000000000001,10
SA,2016-06-14,Lower Photic,0.996,10,6.125,10
SA,2016-06-14,Deep,0.3159848484848485,22,2.6539393939393943,22
SA,2016-07-12,Surface,0.8859999999999999,10,7.536,10
SA,2016-07-12,Mid-Depth,1.249,10,7.499,10
SA,2016-07-12,Lower Photic,0.963,10,6.034000000000001,10
SA,2016-07-12,Deep,0.3241666666666666,22,2.79939393939394,22
SA,2016-08-09,Surface,0.792,10,7.849000000000001,10
SA,2016-08-09,Mid-Depth,1.28,10,7.824,10
SA,2016-08-09,Lower Photic,1.539,10,7.100999999999999,10
SA,2016-08-09,Deep,0.6162121212121213,22,3.031515151515152,22
SA,2016-09-06,Surface,0.497,10,7.577,10
SA,2016-09-06,Mid-Depth,0.8400000000000001,10,7.501,10
SA,2016-09-06,Lower Photic,0.844,10,6.906000000000001,10
SA,2016-09-06,Deep,0.3584848484848484,22,2.3403787878787883,22
SA,2016-10-11,Surface,0.639,10,7.354999999999999,10
SA,2016-10-11,Mid-Depth,1.5379999999999998,10,7.319,10
SA,2016-10-11,Lower Photic,1.835,10,7.117,10
SA,2016-10-11,Deep,0.5908143719339326,22,2.592860512202623,22
SA,2016-11-08,Surface,1.47,10,7.607000000000001,10
SA,2016-11-08,Mid-Depth,1.8040000000000005,10,7.51,10
SA,2016-11-08,Lower Photic,2.2,10,7.162000000000001,10
SA,2016-11-08,Deep,1.2381060606060603,22,3.709015151515152,22
SA,2016-12-05,Surface,1.3119999999999998,10,7.794,10
SA,2016-12-05,Mid-Depth,1.611,10,7.624,10
SA,2016-12-05,Lower Photic,1.0710000000000002,10,7.042,10
SA,2016-12-05,Deep,0.7399242424242426,22,6.141666666666668,22
SA,2017-02-07,Surface,1.383,10,6.282,10
SA,2017-02-07,Mid-Depth,1.5060000000000002,10,6.289,10
SA,2017-02-07,Lower Photic,1.5100000000000002,10,6.161999999999999,10
SA,2017-02-07,Deep,1.2718939393939397,22,6.657954545454545,22
SA,2017-03-13,Surface,1.843,10,7.699,10
SA,2017-03-13,Mid-Depth,1.626,10,7.011,10
SA,2017-03-13,Lower Photic,1.225,10,6.535000000000001,10
SA,2017-03-13,Deep,0.6609090909090909,22,5.132651515151514,22
SA,2017-04-18,Surface,0.859,10,7.9,10
SA,2017-04-18,Mid-Depth,1.117,10,7.802000000000001,10
SA,2017-04-18,Lower Photic,0.961,10,7.253,10
SA,2017-04-18,Deep,0.5663636363636363,22,4.93189393939394,22
SA,2017-05-16,Surface,0.729,10,7.943,10
SA,2017-05-16,Mid-Depth,0.902,10,7.467,10
SA,2017-05-16,Lower Photic,0.639,10,6.654000000000001,10
SA,2017-05-16,Deep,0.3054545454545455,22,3.893787878787879,22
SA,2017-06-13,Surface,1.3770000000000002,10,8.169,10
SA,2017-06-13,Mid-Depth,1.495,10,7.837000000000001,10
SA,2017-06-13,Lower Photic,0.8219999999999998,10,5.957,10
SA,2017-06-13,Deep,0.3203787878787879,22,3.3401515151515144,22
SA,2017-07-11,Surface,0.777,10,8.393,10
SA,2017-07-11,Mid-Depth,1.039,10,8.248000000000001,10
SA,2017-07-11,Lower Photic,1.06,10,6.863,10
SA,2017-07-11,Deep,0.2907575757575757,22,3.501969696969698,22
SA,2017-08-08,Surface,1.068,10,8.045999999999998,10
SA,2017-08-08,Mid-Depth,1.171,10,7.901000000000001,10
SA,2017-08-08,Lower Photic,0.842,10,5.420999999999999,10
SA,2017-08-08,Deep,0.2776515151515152,22,2.9421969696969694,22
SA,2017-09-12,Surface,1.312,10,7.270999999999999,10
SA,2017-09-12,Mid-Depth,1.121,10,7.108,10
SA,2017-09-12,Lower Photic,0.85,10,5.504,10
SA,2017-09-12,Deep,0.2089393939393939,22,1.531439393939394,22
SA,2017-10-12,Surface,0.596,10,5.930000000000001,10
SA,2017-10-12,Mid-Depth,1.18,10,5.885,10
SA,2017-10-12,Lower Photic,1.504,10,5.537999999999999,10
SA,2017-10-12,Deep,0.4075757575757575,22,1.4798484848484852,22
SA,2017-11-07,Surface,1.135,10,7.529000000000001,10
SA,2017-11-07,Mid-Depth,1.99,10,7.305,10
SA,2017-11-07,Lower Photic,1.956,10,6.441,10
SA,2017-11-07,Deep,0.7192424242424242,22,2.138484848484848,22
SA,2017-12-13,Surface,1.9070000000000005,10,3.883,10
SA,2017-12-13,Mid-Depth,2.338,10,3.796,10
SA,2017-12-13,Lower Photic,2.466,10,3.705000000000001,10
SA,2017-12-13,Deep,2.337045454545456,22,3.650227272727273,22
SA,2018-01-11,Surface,8.752287026428798,10,6.560410735436544,10
SA,2018-01-11,Mid-Depth,6.28692750696432,10,6.320161994352588,10
SA,2018-01-11,Lower Photic,5.654546299790479,10,6.242815082827719,10
SA,2018-01-11,Deep,5.85072548993748,22,6.1620758662859485,22
SA,2018-02-07,Surface,7.878703237897696,10,5.263232190617337,10
SA,2018-02-07,Mid-Depth,4.271905410142258,10,4.775561536605177,10
SA,2018-02-07,Lower Photic,3.624603581135217,10,5.174517277278414,10
SA,2018-02-07,Deep,2.909738618579068,22,5.025477598355542,22
SA,2018-03-13,Surface,7.261936698745066,10,6.615650826413787,10
SA,2018-03-13,Mid-Depth,8.920386000528863,10,5.887541883086101,10
SA,2018-03-13,Lower Photic,9.448971286538251,10,5.284195420680818,10
SA,2018-03-13,Deep,6.556422660535953,22,3.624359462475398,22
SA,2018-04-10,Surface,2.877489439674273,10,6.94987953362254,10
SA,2018-04-10,Mid-Depth,2.419978705185602,10,6.239647611958683,10
SA,2018-04-10,Lower Photic,1.9795940739743507,10,5.431252556990252,10
SA,2018-04-10,Deep,0.6943583432047271,22,2.7105738590463666,22
SA,2018-05-15,Surface,1.9890922544297167,10,7.315734074903753,10
SA,2018-05-15,Mid-Depth,2.5738895369815613,10,6.195670989729013,10
SA,2018-05-15,Lower Photic,1.2544293160524185,10,4.263555409425228,10
SA,2018-05-15,Deep,0.7334180042350227,22,1.6753320028319174,22
SA,2018-06-12,Surface,2.328827108896434,10,7.080478981907223,10
SA,2018-06-12,Mid-Depth,1.9928486213723555,10,6.880760385833669,10
SA,2018-06-12,Lower Photic,1.1723648633948294,10,4.491299094397064,10
SA,2018-06-12,Deep,0.6274383974911077,22,2.058347708849234,22
SA,2018-07-17,Surface,2.513865501,10,6.969427111,10
SA,2018-07-17,Mid-Depth,2.947426491,10,6.925100509000001,10
SA,2018-07-17,Lower Photic,5.012698192999999,10,6.802457135999999,10
SA,2018-07-17,Deep,1.1983978314335724,22,2.360056605649941,22
SA,2018-08-14,Surface,1.5292082565553833,10,7.063523944849656,10
SA,2018-08-14,Mid-Depth,2.125499455049102,10,6.611197963232501,10
SA,2018-08-14,Lower Photic,1.90585239885023,10,5.685541475903995,10
SA,2018-08-14,Deep,0.8389446794611625,22,2.551204573746643,22
SA,2018-09-11,Surface,2.15439224240905,10,7.156022970970686,10
SA,2018-09-11,Mid-Depth,2.68106496836621,10,6.334349201449102,10
SA,2018-09-11,Lower Photic,1.9045275989657129,10,4.89176710177402,10
SA,2018-09-11,Deep,0.913369319461593,22,1.7197900180424506,22
SA,2018-09-24,Surface,1.949981528948277,10,7.769823533711144,10
SA,2018-09-24,Mid-Depth,1.364167616595907,10,6.937945155122276,10
SA,2018-09-24,Lower Photic,0.9607974684821118,10,5.233336013285579,10
SA,2018-09-24,Deep,0.5628220465129435,22,1.2112746300466546,22
SA,2018-11-14,Surface,2.714807095129829,10,6.845965564599332,10
SA,2018-11-14,Mid-Depth,3.2430496042905235,10,6.727807333616876,10
SA,2018-11-14,Lower Photic,2.6108436754580127,10,6.290873050595509,10
SA,2018-11-14,Deep,0.9615655589530828,22,1.8963316695012609,22
SA,2018-12-12,Surface,1.810013346883298,10,6.255746615238785,10
SA,2018-12-12,Mid-Depth,2.122052677596734,10,6.1643292209146106,10
SA,2018-12-12,Lower Photic,2.115221570587407,10,6.120936296475659,10
SA,2018-12-12,Deep,1.5290469791579684,22,5.567159377917666,22
SA,2019-02-12,Surface,5.687332725419779,10,7.63,10
SA,2019-02-12,Mid-Depth,3.41828417426224,10,7.138,10
SA,2019-02-12,Lower Photic,3.250231343030658,10,6.922,10
SA,2019-02-12,Deep,4.25795722831614,22,8.983306446167711,22
SA,2019-03-12,Surface,7.814047928189458,10,7.487999999999999,10
SA,2019-03-12,Mid-Depth,3.103211173818074,10,6.897,10
SA,2019-03-12,Lower Photic,3.396465523702181,10,6.354,10
SA,2019-03-12,Deep,1.2296696738526092,22,4.036377603078117,22
SA,2019-04-09,Surface,3.3418016170557943,10,7.605000000000001,10
SA,2019-04-09,Mid-Depth,2.568784146999403,10,6.635,10
SA,2019-04-09,Lower Photic,2.192880137513177,10,6.224000000000001,10
SA,2019-04-09,Deep,1.171822021140384,22,4.701368404838752,22
SA,2019-05-14,Surface,1.760399615041472,10,7.41094767514623,10
SA,2019-05-14,Mid-Depth,1.527548072213902,10,6.7725729874141525,10
SA,2019-05-14,Lower Photic,0.7987877327958229,10,4.9627518130873405,10
SA,2019-05-14,Deep,0.5516138286157649,22,2.371295064893292,22
SA,2019-06-12,Surface,1.336600741557334,10,7.246239338688132,10
SA,2019-06-12,Mid-Depth,1.5918136835032333,10,6.835452654296984,10
SA,2019-06-12,Lower Photic,0.901733854831698,10,4.002184310261304,10
SA,2019-06-12,Deep,0.571227630306109,22,2.13990787629888,22
SA,2019-07-12,Surface,2.348391235403748,10,6.945812312389551,10
SA,2019-07-12,Mid-Depth,2.044121051714108,10,6.859319908902317,10
SA,2019-07-12,Lower Photic,1.351413540580777,10,4.646375202254686,10
SA,2019-07-12,Deep,0.6365003158442072,22,1.9904428174906847,22
SA,2019-08-13,Surface,1.3008741274172562,10,7.182337049303806,10
SA,2019-08-13,Mid-Depth,1.7216089930632752,10,6.905210936323508,10
SA,2019-08-13,Lower Photic,1.559891191256447,10,5.397278236007285,10
SA,2019-08-13,Deep,0.6547868611378724,22,1.7738307127940554,22
SA,2019-09-10,Surface,1.7070135208590158,10,7.233249345056417,10
SA,2019-09-10,Mid-Depth,7.41476237350075,10,6.930656289846061,10
SA,2019-09-10,Lower Photic,3.4927395543334647,10,5.374286236990499,10
SA,2019-09-10,Deep,0.882943111092785,22,1.748197136041552,22
SA,2020-02-11,Surface,6.817775079328735,10,7.648947032904277,10
SA,2020-02-11,Mid-Depth,7.55487497263901,10,7.243582805343033,10
SA,2020-02-11,Lower Photic,8.09222813634279,10,6.515730928877645,10
SA,2020-02-11,Deep,4.394187553268791,22,5.227318578592189,22
SA,2020-05-12,Surface,2.074522138005202,10,7.42008373623676,10
SA,2020-05-12,Mid-Depth,3.101882836301979,10,7.030788551707028,10
SA,2020-05-12,Lower Photic,1.601384045821887,10,5.138995151856991,10
SA,2020-05-12,Deep,0.7923798939287732,22,3.3721591677580607,22
SA,2020-06-09,Surface,2.768513302142617,10,7.4200472052231135,10
SA,2020-06-09,Mid-Depth,4.199933338571873,10,6.8196960100146695,10
SA,2020-06-09,Lower Photic,2.6050905649092817,10,5.150150929157892,10
SA,2020-06-09,Deep,0.7501230646839715,22,2.996893227267266,22
SA,2020-07-14,Surface,3.360208299000825,10,7.464983796464331,10
SA,2020-07-14,Mid-Depth,3.603102310693687,10,7.020546455225366,10
SA,2020-07-14,Lower Photic,1.847180620793872,10,4.866110641790605,10
SA,2020-07-14,Deep,0.7381805244747085,22,2.424898757822214,22
SA,2020-08-11,Surface,1.674829307558095,10,6.979406404668831,10
SA,2020-08-11,Mid-Depth,1.808171173661892,10,6.951488781205347,10
SA,2020-08-11,Lower Photic,1.545355992271591,10,4.685954587317112,10
SA,2020-08-11,Deep,0.7064158537538755,22,2.304435770976691,22
SA,2020-09-08,Surface,1.482193203806359,10,7.003987218467924,10
SA,2020-09-08,Mid-Depth,1.5365379643078168,10,6.729294824818206,10
SA,2020-09-08,Lower Photic,0.9193694084167124,10,4.9112520114429,10
SA,2020-09-08,Deep,0.5553959604987919,22,1.3311839010550244,22
SA,2020-10-13,Surface,1.362731184728692,10,7.022828492790953,10
SA,2020-10-13,Mid-Depth,2.607952943381316,10,6.758213405651953,10
SA,2020-10-13,Lower Photic,1.7623666314882371,10,6.003245485480207,10
SA,2020-10-13,Deep,0.6594332020494404,22,1.2665331756423357,22
SA,2020-11-10,Surface,9.514661014562336,10,7.389346680560726,10
SA,2020-11-10,Mid-Depth,5.791107587921809,10,6.717517412978936,10
SA,2020-11-10,Lower Photic,4.302832840833316,10,6.233899570380081,10
SA,2020-11-10,Deep,3.1408650647999816,22,2.4218074331402053,22
SA,2020-12-08,Surface,2.346159692855997,10,6.663434939676565,10
SA,2020-12-08,Mid-Depth,2.399402710430792,10,6.577204972339514,10
SA,2020-12-08,Lower Photic,2.510686707117799,10,6.503495929640147,10
SA,2020-12-08,Deep,1.7375478275409242,22,4.718539838855485,22
SA,2021-01-19,Surface,2.6840776073798533,10,7.066336862612916,10
SA,2021-01-19,Mid-Depth,3.777258195061256,10,6.914628335874473,10
SA,2021-01-19,Lower Photic,3.81723443849071,10,6.608311222704297,10
SA,2021-01-19,Deep,3.8107329062011335,22,6.2642641502453165,22
SA,2021-02-16,Surface,3.379432068765972,10,7.026148467431762,10
SA,2021-02-16,Mid-Depth,3.86528773116857,10,6.340759223347343,10
SA,2021-02-16,Lower Photic,2.582290988017096,10,6.058604069218902,10
SA,2021-02-16,Deep,1.6826779479707938,22,5.421579280125022,22
SA,2021-03-16,Surface,3.135489515498881,10,7.037071882183331,10
SA,2021-03-16,Mid-Depth,2.244651224234037,10,6.4186158881442354,10
SA,2021-03-16,Lower Photic,1.611949442733979,10,6.136505397276963,10
SA,2021-03-16,Deep,1.1490912106638291,22,5.155366965508839,22
SA,2021-04-13,Surface,3.14644322644776,10,7.409080996274639,10
SA,2021-04-13,Mid-Depth,3.1682203028508065,10,6.649171833220803,10
SA,2021-04-13,Lower Photic,2.009615692161278,10,6.282484180024536,10
SA,2021-04-13,Deep,1.4736409840268263,22,5.158419478548257,22
SA,2021-05-11,Surface,1.4306587364361367,10,7.417648661183529,10
SA,2021-05-11,Mid-Depth,2.838991367649506,10,6.8981260387514265,10
SA,2021-05-11,Lower Photic,1.242262779172972,10,5.242440238605156,10
SA,2021-05-11,Deep,0.8553736424131034,22,4.516082254801979,22
SA,2021-06-08,Surface,1.4064873979136563,10,7.473341919395383,10
SA,2021-06-08,Mid-Depth,1.646038253879825,10,6.643858660921507,10
SA,2021-06-08,Lower Photic,1.0445253021918233,10,4.871564203024917,10
SA,2021-06-08,Deep,0.6542416872931283,22,3.6988415861505946,22
SA,2021-07-13,Surface,1.979374414218464,10,7.366769850491487,10
SA,2021-07-13,Mid-Depth,2.15144023178227,10,7.26781289562161,10
SA,2021-07-13,Lower Photic,1.811226891253419,10,4.731810765756382,10
SA,2021-07-13,Deep,0.8171279017529915,22,3.224943007324073,22
SA,2021-08-10,Surface,1.1373086230110685,10,7.397959563881547,10
SA,2021-08-10,Mid-Depth,1.8477183907898271,10,7.219267880211079,10
SA,2021-08-10,Lower Photic,1.5364102130384332,10,5.776673471054756,10
SA,2021-08-10,Deep,0.7960928806108829,22,2.9804810481810544,22
SA,2021-09-07,Surface,1.6937075799950114,10,7.39953755783893,10
SA,2021-09-07,Mid-Depth,2.9706514245300566,10,6.98071169073976,10
SA,2021-09-07,Lower Photic,1.9642999607810665,10,5.491963716927402,10
SA,2021-09-07,Deep,0.8029104902900793,22,2.554726284313802,22
SA,2021-10-12,Surface,2.2831870613484093,10,7.477838734081319,10
SA,2021-10-12,Mid-Depth,3.435739649174888,10,6.731880449009267,10
SA,2021-10-12,Lower Photic,3.033711633551812,10,5.086237004888838,10
SA,2021-10-12,Deep,1.005565281935492,22,2.0086435714718567,22
SA,2021-11-09,Surface,6.724386148914741,10,6.992147713177356,10
SA,2021-11-09,Mid-Depth,6.922864117636583,10,6.819820424785695,10
SA,2021-11-09,Lower Photic,7.576431292041479,10,6.56563934618063,10
SA,2021-11-09,Deep,1.781399917308913,22,2.175244296653012,22
SA,2021-12-07,Surface,2.641214477956673,10,7.093130618294079,10
SA,2021-12-07,Mid-Depth,9.911594147264548,10,6.820217239276522,10
SA,2021-12-07,Lower Photic,10.512919168230578,10,6.344713050892549,10
SA,2021-12-07,Deep,10.562075618471551,22,6.07718680764306,22
SA,2022-01-18,Surface,2.2163984570731463,10,6.764687170344553,10
SA,2022-01-18,Mid-Depth,3.138322615816378,10,6.604742297486278,10
SA,2022-01-18,Lower Photic,1.7963386969273931,10,6.249096877853509,10
SA,2022-01-18,Deep,1.1237837981434673,22,5.883061920984509,22
SA,2022-02-08,Surface,2.453386320778011,10,6.942781885177878,10
SA,2022-02-08,Mid-Depth,3.314302604154453,10,6.64776085419341,10
SA,2022-02-08,Lower Photic,3.239614030849335,10,6.372147057911205,10
SA,2022-02-08,Deep,5.486336593476789,22,6.3158806110530925,22
SA,2022-03-08,Surface,2.6162426965416765,10,7.546786116148387,10
SA,2022-03-08,Mid-Depth,1.5452258786716278,10,6.732644118035337,10
SA,2022-03-08,Lower Photic,0.9617299746672392,10,6.36797529646119,10
SA,2022-03-08,Deep,0.6854367042037385,22,6.251899915390921,22
SA,2022-04-05,Surface,2.121317361000498,10,7.589467174910761,10
SA,2022-04-05,Mid-Depth,3.374976476268614,10,6.902209286162797,10
SA,2022-04-05,Lower Photic,3.016243492385115,10,5.911869194747479,10
SA,2022-04-05,Deep,1.2005827586212112,22,4.725606697128234,22
SA,2022-05-10,Surface,1.6944912085333192,10,7.926953991101852,10
SA,2022-05-10,Mid-Depth,1.9768739645495144,10,7.459754439966706,10
SA,2022-05-10,Lower Photic,1.23525769201575,10,5.596262124239599,10
SA,2022-05-10,Deep,0.7760748881748835,22,3.865950472175633,22
SA,2022-06-14,Surface,1.905614482951934,10,7.34256627063713,10
SA,2022-06-14,Mid-Depth,2.278477970304554,10,7.173493454981623,10
SA,2022-06-14,Lower Photic,1.6857007868516607,10,5.322572177901788,10
SA,2022-06-14,Deep,0.7053515291199955,22,3.2802743754507047,22
SA,2022-07-12,Surface,1.6120014293767828,10,7.412561997881651,10
SA,2022-07-12,Mid-Depth,1.7210961575625077,10,7.031974663445746,10
SA,2022-07-12,Lower Photic,1.3238522372597992,10,5.8314303796369975,10
SA,2022-07-12,Deep,0.7556088969290582,22,3.340157214465933,22
SA,2022-08-09,Surface,1.895803955199936,10,7.091904845258664,10
SA,2022-08-09,Mid-Depth,2.341983318756034,10,6.980453595553014,10
SA,2022-08-09,Lower Photic,1.9444940429471007,10,6.521050695277928,10
SA,2022-08-09,Deep,0.8056821583423536,22,2.7861259618171483,22
SA,2022-09-06,Surface,1.7484837194527705,10,7.589672919998956,10
SA,2022-09-06,Mid-Depth,2.39621966478001,10,6.92949539092602,10
SA,2022-09-06,Lower Photic,1.68256562558602,10,5.591720864450577,10
SA,2022-09-06,Deep,0.8759825709596616,22,2.225875877088453,22
SA,2022-10-18,Surface,2.969971890203756,10,7.282552036428839,10
SA,2022-10-18,Mid-Depth,3.222131053960535,10,6.707720654825296,10
SA,2022-10-18,Lower Photic,2.4105471362593667,10,6.156961293095253,10
SA,2022-10-18,Deep,0.9360959267012132,22,1.9839446313430635,22
SA,2022-11-08,Surface,2.414392746325345,10,7.074862200613351,10
SA,2022-11-08,Mid-Depth,2.4535756107629467,10,6.478442007722579,10
SA,2022-11-08,Lower Photic,1.246891412580723,10,5.52424120370511,10
SA,2022-11-08,Deep,0.7893843701777944,22,1.8941342889468693,22
SA,2022-12-06,Surface,1.9539234963213872,10,6.54163299661108,10
SA,2022-12-06,Mid-Depth,2.529173662209488,10,6.353138514880082,10
SA,2022-12-06,Lower Photic,2.484127328541512,10,6.162844337694788,10
SA,2022-12-06,Deep,2.147610476868824,22,5.7240522542889165,22
SA,2023-01-17,Surface,2.404316625794236,10,6.907896067201811,10
SA,2023-01-17,Mid-Depth,2.718232118092353,10,6.583605761896966,10
SA,2023-01-17,Lower Photic,2.31220518896788,10,6.450935396649359,10
SA,2023-01-17,Deep,1.9752669154085647,22,6.24688365037101,22
SA,2023-02-14,Surface,2.3199062616006096,10,6.587865040944055,10
SA,2023-02-14,Mid-Depth,6.854829328716238,10,6.640716812312851,10
SA,2023-02-14,Lower Photic,3.7852874642242407,10,6.584954458109034,10
SA,2023-02-14,Deep,3.5863131218412407,22,6.313545611616655,22
SA,2023-03-14,Surface,4.790844511402035,10,7.7242253873154,10
SA,2023-03-14,Mid-Depth,4.406903492829568,10,7.04669398876103,10
SA,2023-03-14,Lower Photic,5.662119385307709,10,5.760694695987242,10
SA,2023-03-14,Deep,1.8176542366738693,22,4.711602938533858,22
SA,2023-04-11,Surface,1.948239141152633,10,7.129059060071837,10
SA,2023-04-11,Mid-Depth,2.445948941068547,10,7.0028973388193005,10
SA,2023-04-11,Lower Photic,2.1924950489307,10,6.5520906892089625,10
SA,2023-04-11,Deep,0.9289392415448386,22,2.735482420143129,22
SA,2023-05-09,Surface,1.287146305094742,10,7.769248012441736,10
SA,2023-05-09,Mid-Depth,2.183762396904632,10,7.500319832688578,10
SA,2023-05-09,Lower Photic,2.0104486452127426,10,5.916004637863358,10
SA,2023-05-09,Deep,0.8991603702980665,22,3.153840854757973,22
SA,2023-06-13,Surface,1.6197320589932969,10,7.669910373224828,10
SA,2023-06-13,Mid-Depth,2.4272643983642053,10,7.152626727731077,10
SA,2023-06-13,Lower Photic,1.5064226635845548,10,4.562431190681585,10
SA,2023-06-13,Deep,0.7090555982602761,22,2.161629860069328,22
SA,2023-07-18,Surface,2.203525876881731,10,7.142385958833844,10
SA,2023-07-18,Mid-Depth,3.797017463644731,10,7.04518731089036,10
SA,2023-07-18,Lower Photic,7.086284393002543,10,6.405243296702759,10
SA,2023-07-18,Deep,0.7001472050460179,22,1.218818521264825,22
SA,2023-08-16,Surface,2.361199288178912,10,7.316590430940272,10
SA,2023-08-16,Mid-Depth,3.9462525344959736,10,7.067036678473192,10
SA,2023-08-16,Lower Photic,2.275367890812708,10,5.068397557191462,10
SA,2023-08-16,Deep,0.7657020131122931,22,1.5685345133896822,22
SA,2023-09-05,Surface,2.0972118037039693,10,7.451776143362052,10
SA,2023-09-05,Mid-Depth,2.98808729728618,10,6.989184524926147,10
SA,2023-09-05,Lower Photic,1.453374013148505,10,4.555586862796679,10
SA,2023-09-05,Deep,0.6170083932587193,22,1.307332926511071,22
SA,2023-10-18,Surface,19.306422639294446,10,7.166338597484765,10
SA,2023-10-18,Mid-Depth,34.15525833877947,10,7.165019184236856,10
SA,2023-10-18,Lower Photic,26.273881279252613,10,6.726468708461337,10
SA,2023-10-18,Deep,6.251747278202095,22,1.172102618797883,22
SA,2023-11-14,Surface,2.4456328520319497,10,7.015025945114149,10
SA,2023-11-14,Mid-Depth,6.76303936580126,10,6.7518036193456,10
SA,2023-11-14,Lower Photic,5.351732373047787,10,6.429547058034298,10
SA,2023-11-14,Deep,1.694841648371536,22,2.7760321969541986,22
SA,2023-12-05,Surface,2.845376781807866,10,6.751127747167956,10
SA,2023-12-05,Mid-Depth,4.36372266057906,10,6.67694070634114,10
SA,2023-12-05,Lower Photic,4.407944066129266,10,6.633135996520321,10
SA,2023-12-05,Deep,2.9968597234713297,22,3.539818720581428,22
WG,2014-02-14,Surface,1.944153389323876,10,7.582499999999999,10
WG,2014-02-14,Mid-Depth,2.4719841428370346,10,6.966714285714285,10
WG,2014-02-14,Lower Photic,2.588374497214089,10,6.483928571428573,10
WG,2014-02-14,Deep,0.901680296306186,45,3.6716111004142338,45
WG,2014-02-19,Surface,4.042377,10,7.606,10
WG,2014-02-19,Mid-Depth,4.672629550478225,10,7.339000000000001,10
WG,2014-02-19,Lower Photic,3.527164022249724,10,6.273000000000001,10
WG,2014-02-19,Deep,1.4516945030520645,45,3.3489138510652627,45
WG,2014-03-26,Surface,2.8564000000000003,10,7.318,10
WG,2014-03-26,Mid-Depth,0.9003333333333334,10,7.147,10
WG,2014-03-26,Lower Photic,1.811525933810591,10,5.729,10
WG,2014-03-26,Deep,0.9631665718843716,45,2.653875934693772,45
WG,2014-04-23,Surface,0.550778,10,7.159925592657731,10
WG,2014-04-23,Mid-Depth,0.7449999999999999,10,7.087999999999999,10
WG,2014-04-23,Lower Photic,0.8109999999999999,10,7.019,10
WG,2014-04-23,Deep,0.4356311534713738,45,3.087883643276498,45
WG,2014-04-27,Surface,0.7350349766823602,10,7.134598799331288,10
WG,2014-04-27,Mid-Depth,0.947,10,7.178,10
WG,2014-04-27,Lower Photic,1.074,10,6.721000000000001,10
WG,2014-04-27,Deep,0.4957026678246303,45,2.858001013963296,45
WG,2014-06-25,Surface,0.359,10,7.2,10
WG,2014-06-25,Mid-Depth,0.5690000000000001,10,7.257,10
WG,2014-06-25,Lower Photic,0.7990000000000002,10,6.911,10
WG,2014-06-25,Deep,0.2317278857147314,45,2.6498326335783893,45
WG,2014-07-23,Surface,0.5650000000000001,10,6.884,10
WG,2014-07-23,Mid-Depth,0.712,10,6.9,10
WG,2014-07-23,Lower Photic,0.7150000000000001,10,6.883,10
WG,2014-07-23,Deep,0.3332820293447375,45,2.615383134582534,45
WG,2014-08-13,Surface,0.474,10,7.465999999999999,10
WG,2014-08-13,Mid-Depth,1.048,10,7.456999999999999,10
WG,2014-08-13,Lower Photic,1.269,10,7.116999999999999,10
WG,2014-08-13,Deep,0.4160724588146356,45,2.6911506924204494,45
WG,2014-09-09,Surface,1.1949999999999998,10,8.127,10
WG,2014-09-09,Mid-Depth,2.1220000000000003,10,8.113,10
WG,2014-09-09,Lower Photic,2.216,10,7.925999999999999,10
WG,2014-09-09,Deep,0.4492845537040588,45,2.5741568774711188,45
WG,2014-09-25,Surface,1.585,10,8.037,10
WG,2014-09-25,Mid-Depth,2.908333333333333,10,8.021,10
WG,2014-09-25,Lower Photic,2.6536666666666666,10,7.515000000000001,10
WG,2014-09-25,Deep,0.3839018416072064,45,2.350039844208845,45
WG,2014-10-08,Surface,2.211,10,8.287,10
WG,2014-10-08,Mid-Depth,3.1979999999999995,10,8.508,10
WG,2014-10-08,Lower Photic,3.3862499999999995,10,7.700999999999999,10
WG,2014-10-08,Deep,0.3836843924655801,45,2.5997313713079784,45
WG,2014-11-12,Surface,1.8090000000000004,10,7.823,10
WG,2014-11-12,Mid-Depth,2.3025,10,7.842,10
WG,2014-11-12,Lower Photic,2.907,10,7.546000000000001,10
WG,2014-11-12,Deep,0.5591865751662317,45,2.7737503865633046,45
WG,2014-12-09,Surface,2.5695,10,6.504,10
WG,2014-12-09,Mid-Depth,3.0355000000000003,10,6.491000000000001,10
WG,2014-12-09,Lower Photic,3.382,10,6.505,10
WG,2014-12-09,Deep,1.8415138956917767,45,3.573994809202466,45
WG,2015-01-14,Surface,1.963,10,7.184898563205289,10
WG,2015-01-14,Mid-Depth,2.337,10,7.082475594054652,10
WG,2015-01-14,Lower Photic,2.437,10,6.251431764777943,10
WG,2015-01-14,Deep,1.7611627563433476,45,2.80900972881628,45
WG,2015-02-11,Surface,5.936,10,5.813,10
WG,2015-02-11,Mid-Depth,6.584999999999999,10,5.805999999999999,10
WG,2015-02-11,Lower Photic,4.25,10,5.851999999999999,10
WG,2015-02-11,Deep,0.9325759620141612,45,5.159681192016532,45
WG,2015-03-11,Surface,1.928,10,7.055,10
WG,2015-03-11,Mid-Depth,3.211,10,7.115,10
WG,2015-03-11,Lower Photic,5.943999999999999,10,6.666,10
WG,2015-03-11,Deep,2.3650753012691674,45,4.137544514886158,45
WG,2015-04-14,Surface,0.29,10,7.193,10
WG,2015-04-14,Mid-Depth,0.642,10,7.2010000000000005,10
WG,2015-04-14,Lower Photic,0.8020000000000002,10,6.814,10
WG,2015-04-14,Deep,0.4519634340560416,45,3.540798923380489,45
WG,2015-05-05,Surface,0.535,10,7.248,10
WG,2015-05-05,Mid-Depth,0.729,10,7.286,10
WG,2015-05-05,Lower Photic,0.953,10,7.078000000000001,10
WG,2015-05-05,Deep,0.5010047625250149,45,3.444313396923372,45
WG,2015-06-09,Surface,0.298,10,7.432,10
WG,2015-06-09,Mid-Depth,0.501,10,7.446000000000001,10
WG,2015-06-09,Lower Photic,0.679,10,7.061,10
WG,2015-06-09,Deep,0.3696427386035553,45,3.2864336469548365,45
WG,2015-07-15,Surface,0.445,10,7.235000000000001,10
WG,2015-07-15,Mid-Depth,0.631,10,7.295999999999999,10
WG,2015-07-15,Lower Photic,0.8959999999999999,10,7.296000000000001,10
WG,2015-07-15,Deep,0.6327553840148243,45,3.40715654817002,45
WG,2015-08-11,Surface,1.003,10,7.868,10
WG,2015-08-11,Mid-Depth,1.8060000000000005,10,7.892999999999999,10
WG,2015-08-11,Lower Photic,1.41,10,7.152000000000001,10
WG,2015-08-11,Deep,0.6273943704366671,45,3.0035521340275584,45
WG,2015-09-09,Surface,2.314,10,8.043000000000001,10
WG,2015-09-09,Mid-Depth,2.8245,10,8.013,10
WG,2015-09-09,Lower Photic,2.22,10,7.011,10
WG,2015-09-09,Deep,0.546814065770213,45,2.88554513046786,45
WG,2015-10-07,Surface,1.213,10,8.155,10
WG,2015-10-07,Mid-Depth,1.65,10,8.202,10
WG,2015-10-07,Lower Photic,1.412,10,7.619999999999999,10
WG,2015-10-07,Deep,0.3850400991848172,45,2.9564852499559087,45
WG,2015-11-12,Surface,1.944153389323876,10,7.353,10
WG,2015-11-12,Mid-Depth,2.4719841428370346,10,7.214000000000001,10
WG,2015-11-12,Lower Photic,2.588374497214089,10,6.452,10
WG,2015-11-12,Deep,0.901680296306186,45,2.97635391844722,45
WG,2015-12-08,Surface,2.06,10,7.023999999999999,10
WG,2015-12-08,Mid-Depth,2.203,10,7.011,10
WG,2015-12-08,Lower Photic,2.2059999999999995,10,7.037999999999999,10
WG,2015-12-08,Deep,0.783985889091655,45,3.6915554230601457,45
WG,2016-01-20,Surface,1.983,10,7.129,10
WG,2016-01-20,Mid-Depth,2.3775000000000004,10,7.117,10
WG,2016-01-20,Lower Photic,2.313,10,7.133000000000001,10
WG,2016-01-20,Deep,0.9246655619711808,45,4.26508312041354,45
WG,2016-02-17,Surface,4.132,10,7.290999999999999,10
WG,2016-02-17,Mid-Depth,4.01,10,7.078999999999999,10
WG,2016-02-17,Lower Photic,3.0260000000000007,10,6.488,10
WG,2016-02-17,Deep,1.1050471340851606,45,3.954408610005226,45
WG,2016-03-01,Surface,3.272,10,7.296000000000001,10
WG,2016-03-01,Mid-Depth,3.859,10,7.284000000000001,10
WG,2016-03-01,Lower Photic,4.151999999999999,10,7.174000000000001,10
WG,2016-03-01,Deep,1.6082234408292664,45,4.104223243943876,45
WG,2016-03-09,Surface,3.144,10,8.397,10
WG,2016-03-09,Mid-Depth,3.881,10,8.354000000000001,10
WG,2016-03-09,Lower Photic,2.882,10,7.125,10
WG,2016-03-09,Deep,0.761570267324728,45,3.9224031091188913,45
WG,2016-04-13,Surface,2.1990000000000003,10,8.291,10
WG,2016-04-13,Mid-Depth,2.568,10,7.923,10
WG,2016-04-13,Lower Photic,1.7860000000000005,10,6.867,10
WG,2016-04-13,Deep,0.3111164425025158,45,3.416449836658369,45
WG,2016-05-18,Surface,0.4519999999999999,10,7.926,10
WG,2016-05-18,Mid-Depth,0.74,10,7.987999999999999,10
WG,2016-05-18,Lower Photic,1.094,10,5.951,10
WG,2016-05-18,Deep,0.2165973930380898,45,2.939113036801153,45
WG,2016-06-15,Surface,0.558,10,8.029,10
WG,2016-06-15,Mid-Depth,0.8619999999999999,10,8.100999999999999,10
WG,2016-06-15,Lower Photic,1.362,10,5.329,10
WG,2016-06-15,Deep,0.4365163226973012,45,2.43367157469024,45
WG,2016-07-13,Surface,0.398,10,7.574,10
WG,2016-07-13,Mid-Depth,0.666,10,7.622,10
WG,2016-07-13,Lower Photic,0.8350000000000002,10,6.692,10
WG,2016-07-13,Deep,0.3448289733954831,45,2.422249432562137,45
WG,2016-08-10,Surface,0.374,10,7.711,10
WG,2016-08-10,Mid-Depth,0.8029999999999999,10,7.825,10
WG,2016-08-10,Lower Photic,1.066,10,7.283000000000001,10
WG,2016-08-10,Deep,0.3705419276219738,45,2.067809886783308,45
WG,2016-09-07,Surface,0.4269999999999999,10,7.727000000000001,10
WG,2016-09-07,Mid-Depth,0.777,10,7.758000000000001,10
WG,2016-09-07,Lower Photic,0.903,10,7.222999999999999,10
WG,2016-09-07,Deep,0.3004117716998265,45,1.9527194392469147,45
WG,2016-10-12,Surface,0.626,10,7.313999999999998,10
WG,2016-10-12,Mid-Depth,0.771,10,7.406000000000001,10
WG,2016-10-12,Lower Photic,0.7610000000000001,10,7.404999999999999,10
WG,2016-10-12,Deep,0.2226968131055753,45,1.8628272616662207,45
WG,2016-11-09,Surface,0.728,10,7.395,10
WG,2016-11-09,Mid-Depth,1.005,10,7.434,10
WG,2016-11-09,Lower Photic,1.03,10,7.448,10
WG,2016-11-09,Deep,0.3796225810644087,45,2.776007760542305,45
WG,2016-12-05,Surface,1.411,10,7.927000000000001,10
WG,2016-12-05,Mid-Depth,1.573,10,7.947,10
WG,2016-12-05,Lower Photic,2.066,10,7.702,10
WG,2016-12-05,Deep,0.7284236010372571,45,3.284234263529197,45
WG,2017-02-08,Surface,1.04,10,6.5840000000000005,10
WG,2017-02-08,Mid-Depth,1.086,10,6.605,10
WG,2017-02-08,Lower Photic,1.122,10,6.51,10
WG,2017-02-08,Deep,0.7595556640045242,45,3.870066159198625,45
WG,2017-03-14,Surface,1.392,10,7.534999999999999,10
WG,2017-03-14,Mid-Depth,1.7719999999999998,10,7.409000000000001,10
WG,2017-03-14,Lower Photic,1.47,10,6.928,10
WG,2017-03-14,Deep,0.4835098369381793,45,4.1038837061682205,45
WG,2017-04-19,Surface,0.324,10,7.640000000000001,10
WG,2017-04-19,Mid-Depth,0.3970000000000001,10,7.688000000000001,10
WG,2017-04-19,Lower Photic,0.483,10,7.659000000000001,10
WG,2017-04-19,Deep,0.3129139762174987,45,4.005125161967508,45
WG,2017-05-17,Surface,0.409,10,7.218000000000001,10
WG,2017-05-17,Mid-Depth,0.437,10,7.387,10
WG,2017-05-17,Lower Photic,0.4639999999999999,10,6.93,10
WG,2017-05-17,Deep,0.2837710988143557,45,3.2942358236224254,45
WG,2017-06-21,Surface,0.614,10,6.728,10
WG,2017-06-21,Mid-Depth,0.993,10,6.7780000000000005,10
WG,2017-06-21,Lower Photic,1.086,10,6.132000000000001,10
WG,2017-06-21,Deep,0.2364233252642592,45,2.7936195994954023,45
WG,2017-07-12,Surface,0.5269999999999999,10,8.475999999999999,10
WG,2017-07-12,Mid-Depth,0.5810000000000001,10,7.417,10
WG,2017-07-12,Lower Photic,0.349,10,4.893999999999999,10
WG,2017-07-12,Deep,0.1123215485447774,45,2.36902111348946,45
WG,2017-08-09,Surface,0.674,10,8.225,10
WG,2017-08-09,Mid-Depth,0.826,10,8.296000000000001,10
WG,2017-08-09,Lower Photic,0.724,10,6.854000000000001,10
WG,2017-08-09,Deep,0.1689387625118906,45,2.6370925982832607,45
WG,2017-09-13,Surface,0.974,10,7.242,10
WG,2017-09-13,Mid-Depth,0.907,10,6.539999999999999,10
WG,2017-09-13,Lower Photic,0.321,10,2.9880000000000004,10
WG,2017-09-13,Deep,0.141343507403032,45,1.8973159213753883,45
WG,2017-10-13,Surface,0.6060000000000001,10,6.087,10
WG,2017-10-13,Mid-Depth,0.795,10,6.107,10
WG,2017-10-13,Lower Photic,0.997,10,5.852,10
WG,2017-10-13,Deep,0.1619585185320686,45,1.7358883392404572,45
WG,2017-11-08,Surface,1.108,10,7.526000000000001,10
WG,2017-11-08,Mid-Depth,1.5240000000000002,10,7.536999999999999,10
WG,2017-11-08,Lower Photic,1.939,10,7.383,10
WG,2017-11-08,Deep,0.4765128960960714,45,2.258278669083531,45
WG,2017-12-14,Surface,2.5860000000000003,10,5.987,10
WG,2017-12-14,Mid-Depth,3.075,10,5.882,10
WG,2017-12-14,Lower Photic,3.183,10,5.908,10
WG,2017-12-14,Deep,1.3690482812554048,45,3.0040657990580377,45
WG,2018-01-11,Surface,5.3105531504883645,10,5.852273698628558,10
WG,2018-01-11,Mid-Depth,5.688240281690459,10,5.883674113461977,10
WG,2018-01-11,Lower Photic,5.618756277828416,10,5.9107995900430925,10
WG,2018-01-11,Deep,3.262379761584616,45,3.22001164160418,45
WG,2018-02-07,Surface,4.505032748524064,10,4.34516803886447,10
WG,2018-02-07,Mid-Depth,6.801609533710748,10,4.288265795796299,10
WG,2018-02-07,Lower Photic,6.774494817250951,10,4.289987634995143,10
WG,2018-02-07,Deep,1.9401551652842828,45,3.115431773784375,45
WG,2018-02-28,Surface,3.3433090918648345,10,6.2170413423031246,10
WG,2018-02-28,Mid-Depth,3.827637874618717,10,5.772023957129335,10
WG,2018-02-28,Lower Photic,2.512756729751,10,4.434338876116003,10
WG,2018-02-28,Deep,0.8571293293637292,45,3.471458456148865,45
WG,2018-03-15,Surface,5.679800016141051,10,6.780581413123107,10
WG,2018-03-15,Mid-Depth,6.897336470864007,10,6.46843717026029,10
WG,2018-03-15,Lower Photic,7.047080096739107,10,4.615856420962792,10
WG,2018-03-15,Deep,1.2404049460918871,45,3.2827894652428893,45
WG,2018-04-12,Surface,1.382873583998196,10,6.732023782607348,10
WG,2018-04-12,Mid-Depth,1.7372469058779771,10,6.4796524224205045,10
WG,2018-04-12,Lower Photic,1.8347205860627027,10,4.894428507818871,10
WG,2018-04-12,Deep,0.6445013628011164,45,3.11779067653402,45
WG,2018-05-16,Surface,1.370073318972941,10,7.242183498398146,10
WG,2018-05-16,Mid-Depth,1.771278344468671,10,6.986013580628129,10
WG,2018-05-16,Lower Photic,1.763338188712868,10,4.76328863699732,10
WG,2018-05-16,Deep,0.7125668472878567,45,2.902795057603273,45
WG,2018-06-13,Surface,0.8626307366458121,10,7.107179308865369,10
WG,2018-06-13,Mid-Depth,1.177996982823793,10,6.8786311910060025,10
WG,2018-06-13,Lower Photic,1.3811038640156752,10,4.780012895742966,10
WG,2018-06-13,Deep,0.6771712685928633,45,2.8230886691859083,45
WG,2018-07-18,Surface,1.103682995263243,10,6.663514730356104,10
WG,2018-07-18,Mid-Depth,1.158706919439914,10,6.6669133034274335,10
WG,2018-07-18,Lower Photic,1.6992423959024023,10,5.811918216023335,10
WG,2018-07-18,Deep,0.7345810962997453,45,2.6548236089825523,45
WG,2018-08-16,Surface,0.7164284585515958,10,7.07132838096292,10
WG,2018-08-16,Mid-Depth,0.9576136825193212,10,6.923956201988448,10
WG,2018-08-16,Lower Photic,1.7155247094586472,10,6.374598097784571,10
WG,2018-08-16,Deep,0.9308175386726414,45,2.683954657462696,45
WG,2018-09-12,Surface,0.9828219941238664,10,7.11155845838002,10
WG,2018-09-12,Mid-Depth,1.244304555678802,10,7.047396101749375,10
WG,2018-09-12,Lower Photic,1.6255408002951213,10,5.833644685449135,10
WG,2018-09-12,Deep,0.7914040647012093,45,2.439486862941449,45
WG,2018-09-24,Surface,2.100122293977437,10,7.890863764370816,10
WG,2018-09-24,Mid-Depth,1.8359173344129889,10,7.7165475061026,10
WG,2018-09-24,Lower Photic,0.9773544866432397,10,5.90495335495857,10
WG,2018-09-24,Deep,0.5308048132245167,45,2.5261544503257665,45
WG,2018-10-10,Surface,8.29949773003855,10,6.916278505594301,10
WG,2018-10-10,Mid-Depth,5.5764417691017885,10,6.873642042180867,10
WG,2018-10-10,Lower Photic,4.6209177885035375,10,6.768734049200917,10
WG,2018-10-10,Deep,0.779837605799785,45,2.44119682689747,45
WG,2018-11-14,Surface,2.588485818361907,10,6.958515133241346,10
WG,2018-11-14,Mid-Depth,3.4383459253459128,10,6.867874773130128,10
WG,2018-11-14,Lower Photic,3.149022442961131,10,6.326756347495588,10
WG,2018-11-14,Deep,0.7202623510805757,45,2.3936227483066586,45
WG,2018-12-12,Surface,2.051809134005416,10,6.390152017327416,10
WG,2018-12-12,Mid-Depth,2.2850109864382544,10,6.317218538698201,10
WG,2018-12-12,Lower Photic,2.316225638171124,10,6.28837339013843,10
WG,2018-12-12,Deep,1.069816862443678,45,3.634765883802407,45
WG,2019-02-12,Surface,2.9635680663467947,10,7.385440942340173,10
WG,2019-02-12,Mid-Depth,1.903353927841752,10,5.955,10
WG,2019-02-12,Lower Photic,1.861825141635488,10,5.654999999999999,10
WG,2019-02-12,Deep,1.313565284912954,45,5.008885093476591,45
WG,2019-03-12,Surface,3.096689599282983,10,7.507000000000001,10
WG,2019-03-12,Mid-Depth,3.146622887345037,10,6.885,10
WG,2019-03-12,Lower Photic,1.528408365890563,10,6.459999999999999,10
WG,2019-03-12,Deep,0.6398471363064939,45,3.0240837857458063,45
WG,2019-04-09,Surface,2.7508672427344933,10,7.651999999999999,10
WG,2019-04-09,Mid-Depth,3.5923097190398527,10,7.312,10
WG,2019-04-09,Lower Photic,1.618225434679383,10,6.417,10
WG,2019-04-09,Deep,0.5523430961478912,45,3.167416624714825,45
WG,2019-05-14,Surface,1.1688695104480158,10,7.229429806689749,10
WG,2019-05-14,Mid-Depth,1.15164208882869,10,7.055025772506187,10
WG,2019-05-14,Lower Photic,1.107324742584661,10,5.323263208732181,10
WG,2019-05-14,Deep,0.4724304476331874,45,2.7002445316721526,45
WG,2019-06-12,Surface,0.8419867776592213,10,7.477274777082345,10
WG,2019-06-12,Mid-Depth,1.1155937356856305,10,7.377882382324995,10
WG,2019-06-12,Lower Photic,1.4955793408602591,10,5.0560649675067495,10
WG,2019-06-12,Deep,0.5373903440602407,45,2.660313894270413,45
WG,2019-07-12,Surface,1.370242450252132,10,6.844231508738932,10
WG,2019-07-12,Mid-Depth,1.44004687596207,10,6.8247208862324245,10
WG,2019-07-12,Lower Photic,2.369443608648647,10,5.360055346069111,10
WG,2019-07-12,Deep,0.7375168930875216,45,2.3959681700236963,45
WG,2019-08-13,Surface,1.18029483199129,10,7.013105894793597,10
WG,2019-08-13,Mid-Depth,1.3665641128835009,10,6.944410026474847,10
WG,2019-08-13,Lower Photic,2.18752485817782,10,5.219049960083591,10
WG,2019-08-13,Deep,0.7008539284150977,45,2.184097214797664,45
WG,2019-09-10,Surface,0.9874034629211356,10,7.090487292026113,10
WG,2019-09-10,Mid-Depth,1.1965765860352398,10,7.006731315513089,10
WG,2019-09-10,Lower Photic,1.99741400247146,10,5.84104836284208,10
WG,2019-09-10,Deep,0.701620893631611,45,1.9373676715130168,45
WG,2020-01-23,Surface,3.191409045091518,10,6.009065966005498,10
WG,2020-01-23,Mid-Depth,3.338787096733809,10,5.92364712951096,10
WG,2020-01-23,Lower Photic,3.282318988407293,10,5.7783498634345145,10
WG,2020-01-23,Deep,1.7298576066782738,45,3.0275057246540693,45
WG,2020-02-11,Surface,2.992767965359481,10,7.612865083003415,10
WG,2020-02-11,Mid-Depth,5.106323633695529,10,7.548330807008661,10
WG,2020-02-11,Lower Photic,8.969778294595027,10,6.589809071492167,10
WG,2020-02-11,Deep,1.7387098468178328,45,3.054420024627276,45
WG,2020-03-10,Surface,2.870703458557061,10,6.619955097793583,10
WG,2020-03-10,Mid-Depth,3.0867657910833386,10,6.56294407187808,10
WG,2020-03-10,Lower Photic,3.256861381243695,10,6.541149559623959,10
WG,2020-03-10,Deep,1.875962470358254,45,3.4964586290786657,45
WG,2020-04-14,Surface,1.329314454010969,10,7.340920976376859,10
WG,2020-04-14,Mid-Depth,2.225919888544295,10,7.256236288049214,10
WG,2020-04-14,Lower Photic,3.2986998533922858,10,6.021179925326877,10
WG,2020-04-14,Deep,0.96850734195304,45,2.984948691849219,45
WG,2020-05-12,Surface,1.8011647997416698,10,7.204639068234149,10
WG,2020-05-12,Mid-Depth,2.419504394808402,10,7.1667516045871,10
WG,2020-05-12,Lower Photic,3.279659905098889,10,5.605201236938203,10
WG,2020-05-12,Deep,0.842705514856751,45,2.692550473412465,45
WG,2020-06-09,Surface,2.434165961975853,10,7.288158161100884,10
WG,2020-06-09,Mid-Depth,3.581824859440704,10,7.307728301313203,10
WG,2020-06-09,Lower Photic,7.216399410815077,10,5.71720711713442,10
WG,2020-06-09,Deep,0.7370966002395811,45,2.5526649216966413,45
WG,2020-07-14,Surface,1.532446148854546,10,7.170999378372855,10
WG,2020-07-14,Mid-Depth,2.893350122236858,10,7.110925940390122,10
WG,2020-07-14,Lower Photic,9.964533935400992,10,5.376201093034214,10
WG,2020-07-14,Deep,0.938029888213026,45,2.275071850275298,45
WG,2020-08-11,Surface,1.3407922333189115,10,7.007066196893708,10
WG,2020-08-11,Mid-Depth,1.419560045093654,10,6.95324418565569,10
WG,2020-08-11,Lower Photic,2.1237072810819524,10,5.292400187496341,10
WG,2020-08-11,Deep,0.8131311701173818,45,2.039178660461835,45
WG,2020-09-08,Surface,1.107175260552559,10,7.116922550839315,10
WG,2020-09-08,Mid-Depth,1.262473051732485,10,7.008759034249708,10
WG,2020-09-08,Lower Photic,1.529113593077826,10,5.546512791018115,10
WG,2020-09-08,Deep,0.7191154231714265,45,1.8821424155342896,45
WG,2020-10-13,Surface,1.193885241526715,10,7.0717290640625965,10
WG,2020-10-13,Mid-Depth,1.394928229986339,10,7.031383721253212,10
WG,2020-10-13,Lower Photic,1.733820563226364,10,5.545313840954361,10
WG,2020-10-13,Deep,0.78310183597154,45,1.7503744501688712,45
WG,2020-11-10,Surface,1.744856796586302,10,6.870830343796745,10
WG,2020-11-10,Mid-Depth,2.043717856134096,10,6.807354610747066,10
WG,2020-11-10,Lower Photic,2.47274113102166,10,6.6143137791111855,10
WG,2020-11-10,Deep,0.7816404571445826,45,2.008318284888513,45
WG,2020-12-08,Surface,1.915986544346682,10,6.758705739324187,10
WG,2020-12-08,Mid-Depth,2.132734530100735,10,6.641951586000866,10
WG,2020-12-08,Lower Photic,2.237668904335064,10,6.541679117433397,10
WG,2020-12-08,Deep,1.0361407942834542,45,2.4625732074159834,45
WG,2021-01-19,Surface,3.141404573431441,10,6.852006877827594,10
WG,2021-01-19,Mid-Depth,3.5055730187305443,10,6.775991738367614,10
WG,2021-01-19,Lower Photic,3.636962560776772,10,6.749755340497669,10
WG,2021-01-19,Deep,1.7871978867314615,45,3.145184141704711,45
WG,2021-02-16,Surface,4.105443692207311,10,7.37048810125313,10
WG,2021-02-16,Mid-Depth,10.213898400652496,10,7.128881336950572,10
WG,2021-02-16,Lower Photic,6.137256071147533,10,6.232941272316317,10
WG,2021-02-16,Deep,1.1223376509241787,45,3.0237277252377983,45
WG,2021-03-16,Surface,2.714787350830661,10,7.065317854308374,10
WG,2021-03-16,Mid-Depth,3.226830171308703,10,6.853435267052184,10
WG,2021-03-16,Lower Photic,2.364247632083844,10,6.412459906178929,10
WG,2021-03-16,Deep,1.0771772971159237,45,3.2076174312463044,45
WG,2021-04-13,Surface,2.056947261430284,10,7.577164557040066,10
WG,2021-04-13,Mid-Depth,2.844927073113071,10,7.30043300761548,10
WG,2021-04-13,Lower Photic,1.9380980356056845,10,6.382362236250761,10
WG,2021-04-13,Deep,0.9292466510903056,45,3.1152860331106984,45
WG,2021-05-11,Surface,1.36910113160047,10,7.226700355337906,10
WG,2021-05-11,Mid-Depth,1.856528462473636,10,6.980326158953099,10
WG,2021-05-11,Lower Photic,1.493457440786589,10,6.064603736171292,10
WG,2021-05-11,Deep,0.6853087310955703,45,2.955726391253949,45
WG,2021-06-08,Surface,1.0622882582525857,10,7.248931281985511,10
WG,2021-06-08,Mid-Depth,1.414101303089838,10,7.018452698105295,10
WG,2021-06-08,Lower Photic,1.409164652971374,10,5.5666308842307135,10
WG,2021-06-08,Deep,0.6228717426350697,45,2.807716410977076,45
WG,2021-07-13,Surface,1.2377056941484492,10,7.167915175297921,10
WG,2021-07-13,Mid-Depth,1.62746014289012,10,6.936114190002312,10
WG,2021-07-13,Lower Photic,2.1684928595063733,10,4.84521835624394,10
WG,2021-07-13,Deep,0.6134095577646186,45,2.6276848615950894,45
WG,2021-08-10,Surface,1.2346926366588715,10,7.282955678538395,10
WG,2021-08-10,Mid-Depth,1.511992892980106,10,7.245259917773231,10
WG,2021-08-10,Lower Photic,2.7557867494449053,10,5.531802538980738,10
WG,2021-08-10,Deep,0.9720056297317992,45,2.4376804932764613,45
WG,2021-09-07,Surface,1.2720290422260974,10,7.229522936686483,10
WG,2021-09-07,Mid-Depth,1.7033864687798652,10,7.123870050046729,10
WG,2021-09-07,Lower Photic,2.442569232851778,10,5.800044781827292,10
WG,2021-09-07,Deep,0.9956053038598432,45,2.215637514825828,45
WG,2021-10-12,Surface,1.3618227411161137,10,7.301128828908301,10
WG,2021-10-12,Mid-Depth,1.787301836701469,10,7.177994751970564,10
WG,2021-10-12,Lower Photic,2.887287296839165,10,5.997062786891467,10
WG,2021-10-12,Deep,0.9802558326282584,45,2.091074089689788,45
WG,2021-11-09,Surface,1.962657082038485,10,6.740236143683393,10
WG,2021-11-09,Mid-Depth,2.7445183084196154,10,6.6478247789208655,10
WG,2021-11-09,Lower Photic,3.221827188930098,10,6.013791982159088,10
WG,2021-11-09,Deep,1.0012459099025266,45,1.957579220878748,45
WG,2021-12-07,Surface,3.64035951362123,10,6.920442736798672,10
WG,2021-12-07,Mid-Depth,8.990225148949685,10,6.882215352651359,10
WG,2021-12-07,Lower Photic,5.392293769300987,10,6.802772434461114,10
WG,2021-12-07,Deep,2.705663233500294,45,2.8482967827176564,45
WG,2022-01-18,Surface,3.036594150876367,10,6.878476075080256,10
WG,2022-01-18,Mid-Depth,3.5731431443111865,10,6.816049052444788,10
WG,2022-01-18,Lower Photic,3.596855674845436,10,6.776602634802148,10
WG,2022-01-18,Deep,1.5631128279425892,45,3.1765875823401006,45
WG,2022-02-08,Surface,2.116805783760562,10,6.440316666841075,10
WG,2022-02-08,Mid-Depth,2.218382765546313,10,6.381713722550627,10
WG,2022-02-08,Lower Photic,2.288687826441606,10,6.362516247975532,10
WG,2022-02-08,Deep,1.32644255377002,45,3.283359573208793,45
WG,2022-03-08,Surface,1.367520211295961,10,7.424582611545229,10
WG,2022-03-08,Mid-Depth,2.1039112630389005,10,7.164004275947451,10
WG,2022-03-08,Lower Photic,1.8510318951564773,10,6.675901000997537,10
WG,2022-03-08,Deep,0.7565820806950914,45,4.060878505993252,45
WG,2022-04-05,Surface,1.176711256935341,10,7.156726438433705,10
WG,2022-04-05,Mid-Depth,1.7583789843991575,10,7.063446306469333,10
WG,2022-04-05,Lower Photic,2.587302182984638,10,6.414962863749125,10
WG,2022-04-05,Deep,0.9260172543517458,45,3.005345752650933,45
WG,2022-05-10,Surface,1.1285976181844195,10,7.413255927014662,10
WG,2022-05-10,Mid-Depth,1.4013171786209289,10,7.400860791036907,10
WG,2022-05-10,Lower Photic,1.7556415034944235,10,5.946715296574576,10
WG,2022-05-10,Deep,0.829460926431373,45,2.7698070298041464,45
WG,2022-06-14,Surface,1.2848724655295922,10,7.274676246021258,10
WG,2022-06-14,Mid-Depth,1.409085242957466,10,7.1753505064511405,10
WG,2022-06-14,Lower Photic,1.755748310602074,10,5.84482446686934,10
WG,2022-06-14,Deep,0.6917156433584921,45,2.562967740663082,45
WG,2022-07-12,Surface,1.0286542901633529,10,7.196972857123508,10
WG,2022-07-12,Mid-Depth,1.1059970316050858,10,7.144872276084032,10
WG,2022-07-12,Lower Photic,1.6025486021585995,10,6.011757592444637,10
WG,2022-07-12,Deep,0.719838190140278,45,2.351681121059916,45
WG,2022-08-09,Surface,1.175999997792578,10,7.046548124626495,10
WG,2022-08-09,Mid-Depth,1.4651293443114382,10,7.003327405144208,10
WG,2022-08-09,Lower Photic,1.782392178982412,10,6.276434539725589,10
WG,2022-08-09,Deep,0.8174119312427715,45,2.2831675556269886,45
WG,2022-09-06,Surface,1.0990373925569596,10,7.427254032418356,10
WG,2022-09-06,Mid-Depth,1.842780116966011,10,7.400979166401974,10
WG,2022-09-06,Lower Photic,1.692651315905413,10,6.116851702180153,10
WG,2022-09-06,Deep,0.822352322048118,45,2.026514222715474,45
WG,2022-10-18,Surface,1.595089441749359,10,7.216991368610286,10
WG,2022-10-18,Mid-Depth,2.156720385708536,10,7.120013567917629,10
WG,2022-10-18,Lower Photic,2.284406661775302,10,6.391990796454907,10
WG,2022-10-18,Deep,0.7165421462562847,45,1.8555019868897349,45
WG,2022-11-08,Surface,1.1725371739377874,10,7.209197224445541,10
WG,2022-11-08,Mid-Depth,1.7046762917636642,10,7.11318092344608,10
WG,2022-11-08,Lower Photic,2.058169708449019,10,6.705340252761829,10
WG,2022-11-08,Deep,1.069565841787629,45,1.792862226982463,45
WG,2022-12-06,Surface,2.0365280283238967,10,6.511771525404693,10
WG,2022-12-06,Mid-Depth,2.68425505770279,10,6.381686514272364,10
WG,2022-12-06,Lower Photic,2.838048352321886,10,6.363338093562627,10
WG,2022-12-06,Deep,1.2848081249097054,45,2.800734808335158,45
WG,2023-01-17,Surface,2.1385444788129826,10,6.592148399180625,10
WG,2023-01-17,Mid-Depth,2.3965301391441534,10,6.537165576608009,10
WG,2023-01-17,Lower Photic,2.670524825842341,10,6.439611763713806,10
WG,2023-01-17,Deep,1.4393099692956377,45,3.1087997914468835,45
WG,2023-02-14,Surface,2.29999993903262,10,6.03250191013713,10
WG,2023-02-14,Mid-Depth,2.512541934381396,10,5.894779720276981,10
WG,2023-02-14,Lower Photic,2.0364453842187915,10,5.505836002191009,10
WG,2023-02-14,Deep,1.100696508684261,45,2.926832792413246,45
WG,2023-03-14,Surface,1.6139585708,10,7.309642460000001,10
WG,2023-03-14,Mid-Depth,2.0364731048,10,7.127664853000001,10
WG,2023-03-14,Lower Photic,2.2627230253,10,5.6922322819,10
WG,2023-03-14,Deep,0.875083766404021,45,2.880858304726454,45
WG,2023-04-11,Surface,0.790589051145494,10,7.03316770343925,10
WG,2023-04-11,Mid-Depth,0.9286551265441032,10,6.971184855771625,10
WG,2023-04-11,Lower Photic,1.29080202800141,10,6.134145512728665,10
WG,2023-04-11,Deep,1.197527475845907,45,2.723904782288887,45
WG,2023-05-09,Surface,0.998190724731371,10,7.428700809518669,10
WG,2023-05-09,Mid-Depth,1.285135606921022,10,7.363733683753351,10
WG,2023-05-09,Lower Photic,1.925623088445669,10,6.089374067277097,10
WG,2023-05-09,Deep,0.9590808411466246,45,2.4251273300651404,45
WG,2023-06-13,Surface,1.079593028775957,10,7.288310030403705,10
WG,2023-06-13,Mid-Depth,1.501084654906814,10,7.271222545151535,10
WG,2023-06-13,Lower Photic,2.3704925414209788,10,5.608636937888197,10
WG,2023-06-13,Deep,0.8711235529246939,45,2.188734021181704,45
WG,2023-07-18,Surface,1.818063634942472,10,7.127888784727501,10
WG,2023-07-18,Mid-Depth,2.613734651428427,10,7.035389101609468,10
WG,2023-07-18,Lower Photic,2.615616450167434,10,5.629514530189132,10
WG,2023-07-18,Deep,0.6966498477660258,45,1.9674108258526268,45
WG,2023-08-16,Surface,1.221596671302438,10,7.270920659066502,10
WG,2023-08-16,Mid-Depth,1.706647423021273,10,7.231524805255025,10
WG,2023-08-16,Lower Photic,2.7079779523348404,10,5.293015262007037,10
WG,2023-08-16,Deep,0.8214655873851666,45,1.7955975156177093,45
WG,2023-09-05,Surface,1.466005025400562,10,7.382138229383791,10
WG,2023-09-05,Mid-Depth,2.1750009780627417,10,7.318839331736392,10
WG,2023-09-05,Lower Photic,2.9655513473559894,10,6.123765857560941,10
WG,2023-09-05,Deep,0.7051689166571968,45,1.6173097406711874,45
WG,2023-10-18,Surface,20.00315196510855,10,7.274266141172743,10
WG,2023-10-18,Mid-Depth,28.889942178109266,10,7.415781018330032,10
WG,2023-10-18,Lower Photic,25.01278903053555,10,6.005601123643365,10
WG,2023-10-18,Deep,6.653466656202993,45,1.679575643559969,45
WG,2023-11-14,Surface,2.9388476835058466,10,6.62229102713413,10
WG,2023-11-14,Mid-Depth,3.16365187476599,10,6.5209503840688425,10
WG,2023-11-14,Lower Photic,3.0587557597360937,10,6.477222770705093,10
WG,2023-11-14,Deep,0.8197340775706247,45,1.8449077187595628,45
WG,2023-12-05,Surface,2.604013981137349,10,6.907667143567356,10
WG,2023-12-05,Mid-Depth,3.018033493678863,10,6.6826118189225125,10
WG,2023-12-05,Lower Photic,3.137735825412859,10,6.656891686298724,10
WG,2023-12-05,Deep,0.9819713070332624,45,2.0610149540278515,45
WP,2014-02-26,Surface,1.3037142857142858,10,7.922,10
WP,2014-02-26,Mid-Depth,3.678857142857143,10,6.487,10
WP,2014-02-26,Lower Photic,3.4392642838033063,10,5.487,10
WP,2014-02-26,Deep,1.8152355531567843,28,4.343876464631824,28
WP,2014-03-26,Surface,0.3085301866037791,10,7.322500000000001,10
WP,2014-03-26,Mid-Depth,0.7717142857142856,10,7.313000000000001,10
WP,2014-03-26,Lower Photic,0.8533608673541961,10,6.855500000000001,10
WP,2014-03-26,Deep,0.3031966678495735,28,4.624587824101312,28
WP,2014-04-22,Surface,0.3588,10,7.029259034210144,10
WP,2014-04-22,Mid-Depth,0.625,10,7.074000000000001,10
WP,2014-04-22,Lower Photic,0.8089999999999999,10,7.059,10
WP,2014-04-22,Deep,0.6981873215771938,28,4.582334614440917,28
WP,2014-06-24,Surface,0.6049999999999999,10,7.07,10
WP,2014-06-24,Mid-Depth,0.836,10,7.086999999999999,10
WP,2014-06-24,Lower Photic,0.607,10,6.412999999999999,10
WP,2014-06-24,Deep,0.3404656388346681,28,3.303345421423143,28
WP,2014-07-23,Surface,0.453,10,6.754,10
WP,2014-07-23,Mid-Depth,0.852,10,6.598999999999999,10
WP,2014-07-23,Lower Photic,0.78,10,6.129,10
WP,2014-07-23,Deep,0.3108334871180528,28,3.088464004016925,28
WP,2014-08-12,Surface,0.6460000000000001,10,7.468999999999999,10
WP,2014-08-12,Mid-Depth,0.94,10,7.405000000000001,10
WP,2014-08-12,Lower Photic,0.9240000000000002,10,6.535000000000001,10
WP,2014-08-12,Deep,0.4560499611281821,28,3.043464376395076,28
WP,2014-09-08,Surface,1.201,10,8.227,10
WP,2014-09-08,Mid-Depth,1.866,10,8.091000000000001,10
WP,2014-09-08,Lower Photic,0.907,10,6.76,10
WP,2014-09-08,Deep,0.5116167154702144,28,3.1993719015933584,28
WP,2014-10-07,Surface,2.056,10,8.796000000000001,10
WP,2014-10-07,Mid-Depth,3.1676,10,8.199000000000002,10
WP,2014-10-07,Lower Photic,1.3874,10,7.1240000000000006,10
WP,2014-10-07,Deep,0.4563193126224544,28,2.890131881287136,28
WP,2014-11-11,Surface,1.207,10,7.695,10
WP,2014-11-11,Mid-Depth,1.932,10,7.047,10
WP,2014-11-11,Lower Photic,1.6949999999999998,10,6.715000000000001,10
WP,2014-11-11,Deep,0.7962310631757922,28,4.252633529415206,28
WP,2014-12-08,Surface,1.944,10,6.396,10
WP,2014-12-08,Mid-Depth,3.4255000000000004,10,6.338,10
WP,2014-12-08,Lower Photic,3.316,10,6.269,10
WP,2014-12-08,Deep,1.8888705010580475,28,3.873199125350234,28
WP,2015-01-14,Surface,0.844,10,7.169559132390569,10
WP,2015-01-14,Mid-Depth,0.0099999999999999,10,6.872843833940081,10
WP,2015-01-14,Lower Photic,0.0099999999999999,10,5.950619590630389,10
WP,2015-01-14,Deep,0.0177042199865967,28,3.85460386090022,28
WP,2015-02-10,Surface,4.714499999999999,10,6.684,10
WP,2015-02-10,Mid-Depth,5.97,10,6.742999999999999,10
WP,2015-02-10,Lower Photic,2.4205,10,6.767999999999999,10
WP,2015-02-10,Deep,1.298581725289994,28,6.5844980554522055,28
WP,2015-03-10,Surface,1.61,10,6.590999999999999,10
WP,2015-03-10,Mid-Depth,5.769,10,6.371,10
WP,2015-03-10,Lower Photic,6.758,10,5.502999999999999,10
WP,2015-03-10,Deep,4.483390524086035,28,4.968472297118564,28
WP,2015-04-14,Surface,0.3370000000000001,10,7.175999999999999,10
WP,2015-04-14,Mid-Depth,0.6789999999999999,10,7.238000000000001,10
WP,2015-04-14,Lower Photic,0.837,10,7.053,10
WP,2015-04-14,Deep,0.5684364454578854,28,5.121744315435806,28
WP,2015-05-05,Surface,0.4630000000000001,10,6.746,10
WP,2015-05-05,Mid-Depth,0.784,10,7.4300000000000015,10
WP,2015-05-05,Lower Photic,0.868,10,6.993,10
WP,2015-05-05,Deep,0.5748923398347757,28,4.601400663297592,28
WP,2015-06-09,Surface,0.586,10,7.414,10
WP,2015-06-09,Mid-Depth,0.724,10,7.437,10
WP,2015-06-09,Lower Photic,0.617,10,6.374,10
WP,2015-06-09,Deep,0.3156071428571428,28,4.078017857142856,28
WP,2015-07-14,Surface,0.6090000000000001,10,7.306,10
WP,2015-07-14,Mid-Depth,1.427,10,7.208,10
WP,2015-07-14,Lower Photic,1.379,10,6.737,10
WP,2015-07-14,Deep,0.7651293958131865,28,3.775828197978658,28
WP,2015-08-10,Surface,0.931,10,7.801,10
WP,2015-08-10,Mid-Depth,1.625,10,7.871,10
WP,2015-08-10,Lower Photic,1.141,10,6.7700000000000005,10
WP,2015-08-10,Deep,0.8183053605536635,28,3.3554683838262136,28
WP,2015-09-09,Surface,2.5806666666666667,10,8.177999999999999,10
WP,2015-09-09,Mid-Depth,2.3063333333333333,10,7.947000000000001,10
WP,2015-09-09,Lower Photic,0.962,10,6.575999999999999,10
WP,2015-09-09,Deep,0.4946457538606375,28,3.068585944868278,28
WP,2015-10-06,Surface,0.959,10,8.117,10
WP,2015-10-06,Mid-Depth,1.198,10,7.654999999999999,10
WP,2015-10-06,Lower Photic,0.7630000000000001,10,6.049999999999999,10
WP,2015-10-06,Deep,0.3917822941915633,28,2.866165395270072,28
WP,2015-11-12,Surface,1.8685568551925889,10,7.114,10
WP,2015-11-12,Mid-Depth,2.444746768902095,10,6.415000000000001,10
WP,2015-11-12,Lower Photic,1.921989819630592,10,5.264999999999999,10
WP,2015-11-12,Deep,1.045971493583992,28,2.824428829029815,28
WP,2015-12-08,Surface,1.1010000000000002,10,7.26,10
WP,2015-12-08,Mid-Depth,2.13,10,7.220999999999999,10
WP,2015-12-08,Lower Photic,1.9620000000000004,10,7.079000000000001,10
WP,2015-12-08,Deep,1.0570014808660757,28,4.6778776526220325,28
WP,2016-01-19,Surface,1.3729999999999998,10,7.321000000000001,10
WP,2016-01-19,Mid-Depth,1.798,10,7.1720000000000015,10
WP,2016-01-19,Lower Photic,1.671,10,6.911999999999999,10
WP,2016-01-19,Deep,1.0090186449674432,28,5.418130485791225,28
WP,2016-02-16,Surface,3.530500000000001,10,7.4300000000000015,10
WP,2016-02-16,Mid-Depth,5.529999999999999,10,7.199000000000001,10
WP,2016-02-16,Lower Photic,4.209999999999999,10,6.705000000000001,10
WP,2016-02-16,Deep,3.061009916891648,28,5.686856551307464,28
WP,2016-03-08,Surface,1.914,10,8.180000000000001,10
WP,2016-03-08,Mid-Depth,4.2780000000000005,10,7.816999999999998,10
WP,2016-03-08,Lower Photic,3.6319999999999992,10,6.920999999999999,10
WP,2016-03-08,Deep,1.7713705718116213,28,5.687210988119195,28
WP,2016-04-13,Surface,1.099,10,8.329,10
WP,2016-04-13,Mid-Depth,2.4270000000000005,10,8.092,10
WP,2016-04-13,Lower Photic,1.439,10,6.461,10
WP,2016-04-13,Deep,0.355216453662886,28,4.647550532365473,28
WP,2016-05-17,Surface,0.211,10,8.019,10
WP,2016-05-17,Mid-Depth,0.709,10,8.222999999999999,10
WP,2016-05-17,Lower Photic,0.7660000000000001,10,5.718,10
WP,2016-05-17,Deep,0.2766349871028687,28,3.973363117442227,28
WP,2016-06-14,Surface,0.612,10,8.071000000000002,10
WP,2016-06-14,Mid-Depth,1.33,10,8.045999999999998,10
WP,2016-06-14,Lower Photic,0.8190000000000002,10,5.649,10
WP,2016-06-14,Deep,0.2701446010168176,28,3.2681523983473206,28
WP,2016-07-12,Surface,0.344,10,7.510000000000001,10
WP,2016-07-12,Mid-Depth,0.8089999999999999,10,7.462999999999999,10
WP,2016-07-12,Lower Photic,1.015,10,4.426,10
WP,2016-07-12,Deep,0.3125655901608545,28,2.92617067130562,28
WP,2016-08-10,Surface,0.375,10,7.749,10
WP,2016-08-10,Mid-Depth,0.8109999999999999,10,7.922,10
WP,2016-08-10,Lower Photic,1.0429999999999997,10,7.531000000000001,10
WP,2016-08-10,Deep,0.2975486849872348,28,2.917056378234032,28
WP,2016-09-07,Surface,0.302,10,7.764999999999999,10
WP,2016-09-07,Mid-Depth,0.725,10,7.800999999999999,10
WP,2016-09-07,Lower Photic,0.691,10,7.161,10
WP,2016-09-07,Deep,0.2323393784808784,28,2.9210601147170285,28
WP,2016-10-12,Surface,0.424,10,7.244,10
WP,2016-10-12,Mid-Depth,0.6990000000000001,10,7.259,10
WP,2016-10-12,Lower Photic,0.635,10,6.472,10
WP,2016-10-12,Deep,0.2134642857142857,28,2.1831428571428573,28
WP,2016-11-09,Surface,0.387,10,7.537999999999999,10
WP,2016-11-09,Mid-Depth,1.033,10,7.511999999999999,10
WP,2016-11-09,Lower Photic,1.307,10,7.237,10
WP,2016-11-09,Deep,0.5376143849367113,28,3.036025153399657,28
WP,2016-12-05,Surface,0.82,10,7.93,10
WP,2016-12-05,Mid-Depth,2.111,10,7.644,10
WP,2016-12-05,Lower Photic,1.874,10,6.910000000000001,10
WP,2016-12-05,Deep,0.8628536755623669,28,4.641783043750786,28
WP,2017-02-08,Surface,1.642,10,6.405000000000001,10
WP,2017-02-08,Mid-Depth,1.854,10,6.115,10
WP,2017-02-08,Lower Photic,1.3330000000000002,10,5.373,10
WP,2017-02-08,Deep,0.9830693775554036,28,4.642203912404544,28
WP,2017-03-14,Surface,1.82,10,7.396000000000001,10
WP,2017-03-14,Mid-Depth,1.912,10,6.496,10
WP,2017-03-14,Lower Photic,1.067,10,5.792,10
WP,2017-03-14,Deep,0.4797645996080584,28,4.846658331653394,28
WP,2017-04-19,Surface,0.182,10,7.601000000000001,10
WP,2017-04-19,Mid-Depth,0.471,10,7.505,10
WP,2017-04-19,Lower Photic,0.626,10,7.097999999999999,10
WP,2017-04-19,Deep,0.4573383004475798,28,5.372386257965104,28
WP,2017-05-16,Surface,0.369,10,7.823,10
WP,2017-05-16,Mid-Depth,0.79,10,7.834999999999999,10
WP,2017-05-16,Lower Photic,0.631,10,7.167999999999999,10
WP,2017-05-16,Deep,0.3013128322108765,28,4.978771868281113,28
WP,2017-06-13,Surface,0.363,10,8.091,10
WP,2017-06-13,Mid-Depth,0.7819999999999999,10,7.886999999999999,10
WP,2017-06-13,Lower Photic,0.489,10,6.564,10
WP,2017-06-13,Deep,0.1596426968268297,28,4.53158607226407,28
WP,2017-07-11,Surface,0.634,10,8.538,10
WP,2017-07-11,Mid-Depth,0.542,10,7.824,10
WP,2017-07-11,Lower Photic,0.288,10,6.103,10
WP,2017-07-11,Deep,0.1713512372567051,28,3.978683315626394,28
WP,2017-08-08,Surface,0.343,10,8.116,10
WP,2017-08-08,Mid-Depth,0.6789999999999999,10,8.196,10
WP,2017-08-08,Lower Photic,0.597,10,6.824,10
WP,2017-08-08,Deep,0.1735799151122265,28,3.420843768863425,28
WP,2017-09-12,Surface,0.74,10,7.318,10
WP,2017-09-12,Mid-Depth,0.716,10,7.148000000000001,10
WP,2017-09-12,Lower Photic,0.313,10,5.284999999999999,10
WP,2017-09-12,Deep,0.1456565139407545,28,2.519770908592036,28
WP,2017-10-12,Surface,0.585,10,6.0840000000000005,10
WP,2017-10-12,Mid-Depth,0.858,10,5.99,10
WP,2017-10-12,Lower Photic,0.619,10,5.33,10
WP,2017-10-12,Deep,0.1831368272886906,28,2.1212470581010647,28
WP,2017-11-07,Surface,0.576,10,7.736,10
WP,2017-11-07,Mid-Depth,1.789,10,7.266999999999999,10
WP,2017-11-07,Lower Photic,1.512,10,6.825,10
WP,2017-11-07,Deep,0.537040072045718,28,2.744725600597463,28
WP,2017-12-13,Surface,1.794,10,4.601999999999999,10
WP,2017-12-13,Mid-Depth,3.273000000000001,10,4.6450000000000005,10
WP,2017-12-13,Lower Photic,3.217,10,4.6,10
WP,2017-12-13,Deep,2.4174553073568816,28,3.827177329238359,28
WP,2018-01-11,Surface,9.747939279997636,10,6.832807484017145,10
WP,2018-01-11,Mid-Depth,6.925660838797167,10,5.406894123068633,10
WP,2018-01-11,Lower Photic,3.429050725916916,10,4.967269666902449,10
WP,2018-01-11,Deep,2.2051335737592948,28,4.531883470386251,28
WP,2018-02-07,Surface,3.5261176488587447,10,4.088988575432203,10
WP,2018-02-07,Mid-Depth,2.259806357126431,10,3.027145667155224,10
WP,2018-02-07,Lower Photic,1.965688663750497,10,3.030612204561657,10
WP,2018-02-07,Deep,1.545140077893155,28,2.836664945131185,28
WP,2018-02-28,Surface,7.0545614626653546,10,5.242853720726248,10
WP,2018-02-28,Mid-Depth,2.311239705397138,10,3.8233349019101817,10
WP,2018-02-28,Lower Photic,1.0453889214718828,10,3.524572588131281,10
WP,2018-02-28,Deep,0.6829471889313281,28,3.050156738045001,28
WP,2018-03-13,Surface,6.856091307628395,10,6.328672046938283,10
WP,2018-03-13,Mid-Depth,3.910483573914436,10,4.649091489302416,10
WP,2018-03-13,Lower Photic,1.9369544697944288,10,4.274481645258261,10
WP,2018-03-13,Deep,0.9129668713279856,28,3.4083691601748027,28
WP,2018-04-10,Surface,1.3667805025746833,10,6.84209164622218,10
WP,2018-04-10,Mid-Depth,2.0719892935096467,10,6.698896839003399,10
WP,2018-04-10,Lower Photic,1.7084241262515198,10,5.603822549639864,10
WP,2018-04-10,Deep,0.7105267368815683,28,3.326077914892877,28
WP,2018-05-15,Surface,1.782567851410522,10,7.325109273778745,10
WP,2018-05-15,Mid-Depth,1.9790647533687769,10,7.002865846313318,10
WP,2018-05-15,Lower Photic,1.0250027388965786,10,5.5724730963642655,10
WP,2018-05-15,Deep,0.7017865706548764,28,3.382603777191165,28
WP,2018-06-12,Surface,1.453905339333552,10,7.035633129217297,10
WP,2018-06-12,Mid-Depth,0.8082216170031318,10,6.273982566374345,10
WP,2018-06-12,Lower Photic,0.7099505273047396,10,4.214252392543126,10
WP,2018-06-12,Deep,0.535369652444465,28,2.794287558524394,28
WP,2018-07-17,Surface,1.409154267735173,10,6.614298728285689,10
WP,2018-07-17,Mid-Depth,2.103333675417984,10,6.484498956866044,10
WP,2018-07-17,Lower Photic,1.9335888200527769,10,5.196334308373964,10
WP,2018-07-17,Deep,0.5793399601560203,28,2.473150887858882,28
WP,2018-08-14,Surface,0.6948213485363961,10,7.00893985272605,10
WP,2018-08-14,Mid-Depth,1.16065729823079,10,6.861045867954014,10
WP,2018-08-14,Lower Photic,1.396964270317097,10,6.142171481250903,10
WP,2018-08-14,Deep,0.9148014506797226,28,2.7924976524239464,28
WP,2018-09-11,Surface,1.168142085939271,10,7.23588162100724,10
WP,2018-09-11,Mid-Depth,1.1910098260279542,10,7.0772773937266695,10
WP,2018-09-11,Lower Photic,1.0918794627886306,10,5.504410314507718,10
WP,2018-09-11,Deep,0.8323169143774489,28,2.5331078130853286,28
WP,2018-12-12,Surface,1.9329893411067929,10,5.7969988594139865,10
WP,2018-12-12,Mid-Depth,1.949230017505664,10,5.781349460642111,10
WP,2018-12-12,Lower Photic,1.740373621132738,10,5.618874769972146,10
WP,2018-12-12,Deep,0.8887680948587048,28,3.302660732077626,28
WP,2019-02-12,Surface,4.872479912689983,10,6.883,10
WP,2019-02-12,Mid-Depth,8.452862200511056,10,6.324,10
WP,2019-02-12,Lower Photic,3.705704562598617,10,5.997999999999999,10
WP,2019-02-12,Deep,3.041505606482786,28,7.146249609653334,28
WP,2019-03-12,Surface,2.822212452219236,10,7.044000000000001,10
WP,2019-03-12,Mid-Depth,1.928389758430652,10,6.289,10
WP,2019-03-12,Lower Photic,1.3373891948564978,10,5.917,10
WP,2019-03-12,Deep,0.7026190048589561,28,4.819727396809043,28
WP,2019-04-09,Surface,2.684550008304388,10,7.489,10
WP,2019-04-09,Mid-Depth,2.224239621531188,10,6.682,10
WP,2019-04-09,Lower Photic,1.290751881450182,10,6.117,10
WP,2019-04-09,Deep,0.5809878540527462,28,4.556708070814591,28
WP,2019-05-14,Surface,1.308230822227661,10,7.663388640401498,10
WP,2019-05-14,Mid-Depth,0.9561593204135808,10,6.888368524818205,10
WP,2019-05-14,Lower Photic,0.5746033299052584,10,5.0991034488551765,10
WP,2019-05-14,Deep,0.4356171277812734,28,3.770802920999444,28
WP,2019-06-12,Surface,1.1326144053730225,10,7.040495497423756,10
WP,2019-06-12,Mid-Depth,1.2629070722314,10,6.821973260548778,10
WP,2019-06-12,Lower Photic,0.7273599315601038,10,4.634086725132006,10
WP,2019-06-12,Deep,0.466545087697392,28,3.324823584162566,28
WP,2019-07-12,Surface,1.4873898287475398,10,6.830180703093423,10
WP,2019-07-12,Mid-Depth,1.6068794662069188,10,6.775990405432606,10
WP,2019-07-12,Lower Photic,1.3910255953894914,10,4.884856484246746,10
WP,2019-07-12,Deep,0.5315217237935524,28,3.240852733780348,28
WP,2019-08-13,Surface,1.484918685914598,10,7.245586744375744,10
WP,2019-08-13,Mid-Depth,1.718565849090652,10,6.883878015328255,10
WP,2019-08-13,Lower Photic,1.391929909709315,10,5.921040774724335,10
WP,2019-08-13,Deep,0.6668935172729074,28,3.033759373727341,28
WP,2019-09-10,Surface,1.2026068329436312,10,7.200876271314874,10
WP,2019-09-10,Mid-Depth,1.510936607171555,10,6.644413473875666,10
WP,2019-09-10,Lower Photic,1.5225292151396892,10,4.569111208768785,10
WP,2019-09-10,Deep,0.6694737307488999,28,2.668971056086904,28
WP,2020-01-23,Surface,3.589678804314718,10,6.335848093098865,10
WP,2020-01-23,Mid-Depth,3.937867364068494,10,6.28125957403624,10
WP,2020-01-23,Lower Photic,3.569078691033924,10,6.174819361273171,10
WP,2020-01-23,Deep,2.390661913482765,28,5.122441938675883,28
WP,2020-02-11,Surface,5.423963872654887,10,7.52830324752995,10
WP,2020-02-11,Mid-Depth,6.422395061832093,10,7.008601289296733,10
WP,2020-02-11,Lower Photic,5.710803718941543,10,6.310705447232463,10
WP,2020-02-11,Deep,2.01121067325132,28,4.616227989821224,28
WP,2020-03-10,Surface,2.396216708738315,10,6.500392180198216,10
WP,2020-03-10,Mid-Depth,2.696403493051935,10,6.129893714890609,10
WP,2020-03-10,Lower Photic,2.7561352834553885,10,5.956787393916513,10
WP,2020-03-10,Deep,2.415875800707243,28,5.0961966820340425,28
WP,2020-08-11,Surface,2.039353150262021,10,7.035147387485495,10
WP,2020-08-11,Mid-Depth,1.951612975555772,10,6.841608308397056,10
WP,2020-08-11,Lower Photic,1.3020108491728792,10,5.181510828898157,10
WP,2020-08-11,Deep,0.5837992379222153,28,3.1363273119128925,28
WP,2020-09-08,Surface,1.5778974170389255,10,7.216914037596399,10
WP,2020-09-08,Mid-Depth,1.4133226830632448,10,6.890210419367932,10
WP,2020-09-08,Lower Photic,1.070743000211442,10,5.445179624779054,10
WP,2020-09-08,Deep,0.5722450609671832,28,2.9005386664019537,28
WP,2020-10-13,Surface,1.7243551329227749,10,7.054449248472167,10
WP,2020-10-13,Mid-Depth,1.376701133780348,10,6.659598255720264,10
WP,2020-10-13,Lower Photic,1.0244731029523044,10,5.045089715615772,10
WP,2020-10-13,Deep,0.5923848075536057,28,2.758344609036528,28
WP,2020-11-10,Surface,1.512338062260968,10,6.905031464437414,10
WP,2020-11-10,Mid-Depth,2.1107538001377426,10,6.554443080577729,10
WP,2020-11-10,Lower Photic,1.8620135746714064,10,6.235661531106151,10
WP,2020-11-10,Deep,0.878709561466165,28,3.045579131565656,28
WP,2020-12-08,Surface,1.6466762392325172,10,6.426168501765517,10
WP,2020-12-08,Mid-Depth,2.105741048211954,10,6.294453928835151,10
WP,2020-12-08,Lower Photic,2.1851055846825096,10,6.295116038791193,10
WP,2020-12-08,Deep,1.4942839782054569,28,4.008575871791509,28
WP,2021-01-19,Surface,1.836276953998039,10,6.488935678034641,10
WP,2021-01-19,Mid-Depth,3.043465353312919,10,6.421262787307008,10
WP,2021-01-19,Lower Photic,3.2956178902823403,10,6.359652662243395,10
WP,2021-01-19,Deep,2.7378909296772536,28,5.100070603784956,28
WP,2021-02-16,Surface,6.640878105368837,10,7.468965258847021,10
WP,2021-02-16,Mid-Depth,5.647601833222177,10,7.052658585313783,10
WP,2021-02-16,Lower Photic,5.901112310580879,10,6.547203630788262,10
WP,2021-02-16,Deep,2.8646954088598675,28,5.054401743808752,28
WP,2021-03-16,Surface,2.010027968531913,10,7.244941371173125,10
WP,2021-03-16,Mid-Depth,3.115687465666715,10,6.825299761668108,10
WP,2021-03-16,Lower Photic,2.001808396720872,10,6.178917211188063,10
WP,2021-03-16,Deep,1.1432211088870083,28,5.079508626804814,28
WP,2021-04-13,Surface,1.89375369478653,10,7.496495110896964,10
WP,2021-04-13,Mid-Depth,3.368358435103103,10,7.098614824828087,10
WP,2021-04-13,Lower Photic,3.2781100369915395,10,6.754932520394822,10
WP,2021-04-13,Deep,1.35533435808451,28,5.255527781501748,28
WP,2021-05-11,Surface,1.462422269626459,10,7.255289221390237,10
WP,2021-05-11,Mid-Depth,1.7654149282468812,10,6.82291448923749,10
WP,2021-05-11,Lower Photic,1.0535683694353748,10,5.995708361099196,10
WP,2021-05-11,Deep,0.6955566789783834,28,4.705948428215087,28
WP,2021-06-08,Surface,1.761916364800135,10,7.302313347228482,10
WP,2021-06-08,Mid-Depth,1.321184175992148,10,6.848264432714369,10
WP,2021-06-08,Lower Photic,0.8174759180655998,10,5.321212560411159,10
WP,2021-06-08,Deep,0.5763825655767116,28,4.3469470609596135,28
WP,2021-07-13,Surface,2.011251995240632,10,7.42896455955696,10
WP,2021-07-13,Mid-Depth,1.9649179425879608,10,7.070691428226104,10
WP,2021-07-13,Lower Photic,1.649704760367306,10,4.9892537800484025,10
WP,2021-07-13,Deep,0.6031591650504503,28,4.006853177750606,28
WP,2021-08-10,Surface,1.5828429509512736,10,7.493678830419123,10
WP,2021-08-10,Mid-Depth,1.9220888903437905,10,7.11867100090453,10
WP,2021-08-10,Lower Photic,1.9370829061979,10,5.871678735743343,10
WP,2021-08-10,Deep,1.1367855980746433,28,3.836626639686653,28
WP,2021-09-07,Surface,1.324488275523107,10,7.32590973438919,10
WP,2021-09-07,Mid-Depth,1.896081336010365,10,7.09863379514289,10
WP,2021-09-07,Lower Photic,1.313272895151016,10,6.218879366931659,10
WP,2021-09-07,Deep,0.7163553626223406,28,3.3896729672337087,28
WP,2021-10-12,Surface,1.0341519358928033,10,7.329613720415077,10
WP,2021-10-12,Mid-Depth,2.8081362755726738,10,7.403743587431082,10
WP,2021-10-12,Lower Photic,2.701126940795666,10,5.754076803176401,10
WP,2021-10-12,Deep,0.8854736826159187,28,3.237937273534263,28
WP,2021-11-09,Surface,1.6020413463186205,10,6.783403148552489,10
WP,2021-11-09,Mid-Depth,2.996261251619585,10,6.667929379921797,10
WP,2021-11-09,Lower Photic,2.9757296355366503,10,6.374768668161933,10
WP,2021-11-09,Deep,1.0510702121714603,28,2.856611781781285,28
WP,2021-12-07,Surface,2.1932267316187493,10,6.959943041955997,10
WP,2021-12-07,Mid-Depth,5.708410397101271,10,6.85835438386597,10
WP,2021-12-07,Lower Photic,5.72246318146607,10,6.741850015733645,10
WP,2021-12-07,Deep,4.210682412724922,28,4.275333857398258,28
WP,2022-01-18,Surface,2.082052213099025,10,6.7209522775541926,10
WP,2022-01-18,Mid-Depth,2.567837607694997,10,6.005535010453704,10
WP,2022-01-18,Lower Photic,1.859019672947292,10,5.708152865170077,10
WP,2022-01-18,Deep,1.2529444704605557,28,4.470624950820818,28
WP,2022-02-08,Surface,1.6650291460083602,10,6.524381518137143,10
WP,2022-02-08,Mid-Depth,2.434412858716656,10,6.265651694588199,10
WP,2022-02-08,Lower Photic,1.956891216452648,10,5.879528570958953,10
WP,2022-02-08,Deep,1.5649202737357104,28,5.056422102250402,28
WP,2022-03-08,Surface,1.8294727866028453,10,7.493687423573286,10
WP,2022-03-08,Mid-Depth,2.428012072325829,10,6.638364041130727,10
WP,2022-03-08,Lower Photic,1.284467909912193,10,6.058230533067445,10
WP,2022-03-08,Deep,0.8320992165168976,28,5.450287680782765,28
WP,2022-04-05,Surface,1.003347754858981,10,7.105142085845076,10
WP,2022-04-05,Mid-Depth,1.9274961457240216,10,7.052260886981154,10
WP,2022-04-05,Lower Photic,2.035176371945138,10,6.425206995088153,10
WP,2022-04-05,Deep,0.8968594793881169,28,4.889056283917858,28
WP,2022-05-10,Surface,1.169748594503169,10,7.451125349514707,10
WP,2022-05-10,Mid-Depth,1.1950470333294494,10,7.247968240721934,10
WP,2022-05-10,Lower Photic,0.9769549184165218,10,5.826416634789838,10
WP,2022-05-10,Deep,0.6819058554287543,28,4.400329737234238,28
WP,2022-06-14,Surface,1.582729826770524,10,7.264273564230143,10
WP,2022-06-14,Mid-Depth,1.648629516863495,10,6.908566438242319,10
WP,2022-06-14,Lower Photic,1.124283987625239,10,5.610099810326768,10
WP,2022-06-14,Deep,0.6277487263968259,28,3.933401668220553,28
WP,2022-07-12,Surface,1.1599093581926236,10,7.345525120989478,10
WP,2022-07-12,Mid-Depth,1.491346745169371,10,7.223689475200956,10
WP,2022-07-12,Lower Photic,1.379209040777169,10,5.982409924694454,10
WP,2022-07-12,Deep,0.6634902423662147,28,3.5598739520776923,28
WP,2022-08-09,Surface,1.3401750187043144,10,7.121435244638391,10
WP,2022-08-09,Mid-Depth,1.9835104502221832,10,7.134868020516317,10
WP,2022-08-09,Lower Photic,1.760939882004947,10,6.408789154316662,10
WP,2022-08-09,Deep,0.8669983400831276,28,3.376321373679352,28
WP,2022-09-06,Surface,1.421275934535192,10,7.6260790148617135,10
WP,2022-09-06,Mid-Depth,1.4829955838458049,10,7.222698502763674,10
WP,2022-09-06,Lower Photic,1.0329163610582204,10,6.057194034144175,10
WP,2022-09-06,Deep,0.77088726771657,28,3.281831800050519,28
WP,2022-10-18,Surface,1.771651447509493,10,7.139528106121981,10
WP,2022-10-18,Mid-Depth,2.541655575239557,10,6.554359472048932,10
WP,2022-10-18,Lower Photic,1.685908195740011,10,6.3180598561865855,10
WP,2022-10-18,Deep,0.7813433373496033,28,3.0419137062120574,28
WP,2022-11-08,Surface,1.8347629566797896,10,7.274334239645303,10
WP,2022-11-08,Mid-Depth,1.785782288415494,10,6.616832768975259,10
WP,2022-11-08,Lower Photic,1.655732453962587,10,6.145791676177901,10
WP,2022-11-08,Deep,1.0442238250674092,28,2.7677437758999943,28
WP,2022-12-06,Surface,1.4611526856385866,10,6.385192728169757,10
WP,2022-12-06,Mid-Depth,2.422397939498481,10,6.263987038763118,10
WP,2022-12-06,Lower Photic,2.594603458113105,10,6.188045307992141,10
WP,2022-12-06,Deep,1.5575472632006646,28,4.022589753100443,28
WP,2023-01-17,Surface,1.7203248757695615,10,6.47515149900386,10
WP,2023-01-17,Mid-Depth,3.3108771132284955,10,6.309286564427331,10
WP,2023-01-17,Lower Photic,3.0328456193414786,10,5.945738580121877,10
WP,2023-01-17,Deep,1.8752214555839355,28,4.968988938878508,28
WP,2023-02-14,Surface,2.020706731684752,10,5.743212947194588,10
WP,2023-02-14,Mid-Depth,2.633516994979591,10,5.557036533090875,10
WP,2023-02-14,Lower Photic,2.532941570930357,10,5.478321056607438,10
WP,2023-02-14,Deep,2.009452131424481,28,4.894774553369195,28
WP,2023-03-14,Surface,1.5791574271697617,10,7.495216034541437,10
WP,2023-03-14,Mid-Depth,2.072951752760076,10,7.09842821657473,10
WP,2023-03-14,Lower Photic,2.1478705518948287,10,5.224445549232814,10
WP,2023-03-14,Deep,1.4199400197148666,28,4.172061505340077,28
WP,2023-04-11,Surface,0.5775688472529223,10,7.123211012038534,10
WP,2023-04-11,Mid-Depth,1.0165391878579464,10,7.041921119011652,10
WP,2023-04-11,Lower Photic,1.452573295639716,10,6.203455990580685,10
WP,2023-04-11,Deep,1.1970870285002768,28,3.9536407714304778,28
WP,2023-05-09,Surface,1.2642645122211849,10,7.629857205722752,10
WP,2023-05-09,Mid-Depth,1.5624950103608772,10,7.555051265947801,10
WP,2023-05-09,Lower Photic,1.4540872640286842,10,5.813991491097372,10
WP,2023-05-09,Deep,1.0412138787199017,28,3.5951388461859586,28
WP,2023-06-13,Surface,1.0324592615115786,10,7.504079356709165,10
WP,2023-06-13,Mid-Depth,2.2130088725785777,10,7.494067156308223,10
WP,2023-06-13,Lower Photic,1.563338404998214,10,5.335613492923909,10
WP,2023-06-13,Deep,0.8165505195448003,28,3.2801674513587487,28
WP,2023-07-18,Surface,2.038186107100147,10,7.194278190913813,10
WP,2023-07-18,Mid-Depth,3.139111408025427,10,6.903628505218866,10
WP,2023-07-18,Lower Photic,1.2394312655893736,10,4.245341566302455,10
WP,2023-07-18,Deep,0.7757198332155185,28,2.96990530946432,28
WP,2023-08-16,Surface,2.4478875503445585,10,7.447942195524229,10
WP,2023-08-16,Mid-Depth,2.022268686727033,10,6.809705539746913,10
WP,2023-08-16,Lower Photic,1.515436489121465,10,4.613970068711329,10
WP,2023-08-16,Deep,0.6598644952189383,28,2.3948475055785168,28
WP,2023-09-05,Surface,2.0618292829342493,10,7.608909412579578,10
WP,2023-09-05,Mid-Depth,6.669905004573371,10,7.360260065096696,10
WP,2023-09-05,Lower Photic,1.650977698846854,10,4.921358667547851,10
WP,2023-09-05,Deep,0.6086657389709081,28,2.24603625985483,28
WP,2023-10-18,Surface,17.47551147678559,10,7.038533421632619,10
WP,2023-10-18,Mid-Depth,25.97096576521396,10,6.803611750846206,10
WP,2023-10-18,Lower Photic,19.263179426372453,10,5.62774084256608,10
WP,2023-10-18,Deep,7.596744743272741,28,2.1425045708343458,28
WP,2023-11-14,Surface,2.2355193273023835,10,6.626412060421837,10
WP,2023-11-14,Mid-Depth,3.5261527415481604,10,6.361575563227011,10
WP,2023-11-14,Lower Photic,3.4542827150898474,10,6.240659336379596,10
WP,2023-11-14,Deep,1.2037342279493028,28,3.358471093870751,28
WP,2023-12-05,Surface,1.7470918416430046,10,6.615766634872022,10
WP,2023-12-05,Mid-Depth,2.993940459353297,10,6.387822541703274,10
WP,2023-12-05,Lower Photic,2.775316350751484,10,6.335756275701633,10
WP,2023-12-05,Deep,1.3118847192373868,28,3.79636618126489,28
