location,date,depth_group,value_ph,measurement_count_ph,value_dissolved_oxygen,measurement_count_dissolved_oxygen
SA,2014-02-18,Surface,9.285470688503809,10,7.60904752055894,10
SA,2014-02-18,Mid-Depth,9.093333333333334,10,7.266,10
SA,2014-02-18,Lower Photic,8.80875,10,6.8180000000000005,10
SA,2014-02-18,Deep,8.484700718079319,22,6.439069707308709,22
SA,2014-03-26,Surface,8.553,10,7.465999999999999,10
SA,2014-03-26,Mid-Depth,8.398,10,7.033,10
SA,2014-03-26,Lower Photic,7.970499999999999,10,5.949,10
SA,2014-03-26,Deep,7.779073999520548,22,4.264765373738981,22
SA,2014-04-22,Surface,8.728,10,6.988,10
SA,2014-04-22,Mid-Depth,8.647,10,6.726999999999999,10
SA,2014-04-22,Lower Photic,8.331,10,5.93,10
SA,2014-04-22,Deep,8.000584567736249,22,2.991327750740296,22
SA,2014-05-19,Surface,8.92,10,7.149499999999999,10
SA,2014-05-19,Mid-Depth,8.997,10,7.039,10
SA,2014-05-19,Lower Photic,8.860000000000001,10,6.697,10
SA,2014-05-19,Deep,8.328409090909092,22,4.114545454545454,22
SA,2014-06-24,Surface,8.754,10,7.42,10
SA,2014-06-24,Mid-Depth,9.084,10,7.303,10
SA,2014-06-24,Lower Photic,8.817,10,6.265,10
SA,2014-06-24,Deep,7.906742424242423,22,3.2624242424242422,22
SA,2014-07-22,Surface,9.098,10,6.968999999999999,10
SA,2014-07-22,Mid-Depth,9.376,10,6.919,10
SA,2014-07-22,Lower Photic,9.204,10,6.4590000000000005,10
SA,2014-07-22,Deep,8.390530303030303,22,3.060378787878788,22
SA,2014-08-12,Surface,9.010000000000002,10,7.287999999999999,10
SA,2014-08-12,Mid-Depth,9.010000000000002,10,7.108,10
SA,2014-08-12,Lower Photic,9.010000000000002,10,6.7,10
SA,2014-08-12,Deep,8.986852167271845,22,3.1313010598131386,22
SA,2014-09-08,Surface,8.22907692307692,10,8.089,10
SA,2014-09-08,Mid-Depth,7.260923076923078,10,7.796000000000001,10
SA,2014-09-08,Lower Photic,9.321000000000002,10,7.256,10
SA,2014-09-08,Deep,7.415909090909091,22,3.0979545454545456,22
SA,2014-10-07,Surface,7.710000000000001,10,8.476,10
SA,2014-10-07,Mid-Depth,10.271,10,8.123,10
SA,2014-10-07,Lower Photic,9.731000000000002,10,7.344999999999999,10
SA,2014-10-07,Deep,8.680652558504152,22,3.045806948316232,22
SA,2014-11-11,Surface,9.517,10,7.858,10
SA,2014-11-11,Mid-Depth,9.562,10,7.644,10
SA,2014-11-11,Lower Photic,9.599,10,7.152000000000001,10
SA,2014-11-11,Deep,8.542768855818862,22,4.6644136947709205,22
SA,2014-12-08,Surface,8.495,10,6.933,10
SA,2014-12-08,Mid-Depth,8.515,10,6.929,10
SA,2014-12-08,Lower Photic,8.479000000000001,10,6.961,10
SA,2014-12-08,Deep,8.427575757575756,22,6.9556818181818185,22
SA,2015-01-13,Surface,8.510000000000002,10,7.27223406870409,10
SA,2015-01-13,Mid-Depth,8.509,10,6.941262519495123,10
SA,2015-01-13,Lower Photic,8.470000000000002,10,5.994193200628852,10
SA,2015-01-13,Deep,8.429166666666667,22,3.644518914539619,22
SA,2015-02-10,Surface,8.278,10,6.416999999999999,10
SA,2015-02-10,Mid-Depth,8.142999999999999,10,4.615,10
SA,2015-02-10,Lower Photic,8.139,10,4.786,10
SA,2015-02-10,Deep,8.12371212121212,22,5.863484848484847,22
SA,2015-03-10,Surface,8.599,10,7.138000000000001,10
SA,2015-03-10,Mid-Depth,8.533999999999999,10,6.872,10
SA,2015-03-10,Lower Photic,8.438999999999998,10,6.272,10
SA,2015-03-10,Deep,8.359090909090908,22,6.674242424242425,22
SA,2015-04-14,Surface,8.673000000000002,10,7.633,10
SA,2015-04-14,Mid-Depth,8.674999999999999,10,7.189,10
SA,2015-04-14,Lower Photic,8.57,10,6.586,10
SA,2015-04-14,Deep,8.10469696969697,22,4.053484848484849,22
SA,2015-06-09,Surface,8.736999999999998,10,7.372999999999999,10
SA,2015-06-09,Mid-Depth,8.724,10,7.391999999999999,10
SA,2015-06-09,Lower Photic,8.315999999999999,10,6.138999999999999,10
SA,2015-06-09,Deep,7.950227272727272,22,3.6399242424242426,22
SA,2015-07-14,Surface,8.614,10,7.168000000000001,10
SA,2015-07-14,Mid-Depth,8.647000000000002,10,7.208999999999999,10
SA,2015-07-14,Lower Photic,8.641,10,7.083,10
SA,2015-07-14,Deep,8.062424242424242,22,3.436818181818182,22
SA,2015-08-10,Surface,8.817000000000002,10,7.478999999999999,10
SA,2015-08-10,Mid-Depth,8.819999999999999,10,7.390000000000001,10
SA,2015-08-10,Lower Photic,8.678999999999998,10,6.746,10
SA,2015-08-10,Deep,8.204166666666666,22,3.538863636363637,22
SA,2015-09-09,Surface,8.969999999999999,10,7.817,10
SA,2015-09-09,Mid-Depth,8.675999999999998,10,7.741,10
SA,2015-09-09,Lower Photic,8.338000000000001,10,6.681,10
SA,2015-09-09,Deep,7.86159090909091,22,2.564469696969697,22
SA,2015-10-06,Surface,8.957000000000003,10,7.973000000000001,10
SA,2015-10-06,Mid-Depth,8.867,10,7.608,10
SA,2015-10-06,Lower Photic,8.464,10,5.99,10
SA,2015-10-06,Deep,8.008712121212122,22,2.3795454545454544,22
SA,2015-11-11,Surface,8.906,10,7.259,10
SA,2015-11-11,Mid-Depth,8.842999999999998,10,6.906000000000001,10
SA,2015-11-11,Lower Photic,8.625,10,6.0920000000000005,10
SA,2015-11-11,Deep,7.890293943110866,22,2.7603388556645028,22
SA,2016-01-19,Surface,7.980999999999999,10,7.324000000000001,10
SA,2016-01-19,Mid-Depth,7.891,10,7.286,10
SA,2016-01-19,Lower Photic,7.770999999999999,10,7.079000000000001,10
SA,2016-01-19,Deep,7.559772727272726,22,5.8981818181818175,22
SA,2016-02-16,Surface,8.143,10,6.662999999999999,10
SA,2016-02-16,Mid-Depth,8.11,10,6.82,10
SA,2016-02-16,Lower Photic,8.048,10,6.856999999999999,10
SA,2016-02-16,Deep,8.067121212121211,22,7.017348484848484,22
SA,2016-03-01,Surface,8.652,10,8.027,10
SA,2016-03-01,Mid-Depth,8.559999999999999,10,7.239,10
SA,2016-03-01,Lower Photic,8.495000000000001,10,6.491,10
SA,2016-03-01,Deep,8.483030303030302,22,6.369545454545456,22
SA,2016-04-12,Surface,8.64,10,8.031,10
SA,2016-04-12,Mid-Depth,8.553,10,7.926999999999998,10
SA,2016-04-12,Lower Photic,8.273,10,6.105,10
SA,2016-04-12,Deep,8.24159090909091,22,4.406742424242424,22
SA,2016-05-17,Surface,8.4,10,7.8809999999999985,10
SA,2016-05-17,Mid-Depth,8.364,10,7.712999999999999,10
SA,2016-05-17,Lower Photic,7.929,10,5.159,10
SA,2016-05-17,Deep,7.803030303030303,22,3.300303030303031,22
SA,2016-06-14,Surface,8.747,10,7.832000000000001,10
SA,2016-06-14,Mid-Depth,8.624,10,7.786000000000001,10
SA,2016-06-14,Lower Photic,8.241,10,6.125,10
SA,2016-06-14,Deep,7.858712121212122,22,2.6539393939393943,22
SA,2016-07-12,Surface,8.743,10,7.536,10
SA,2016-07-12,Mid-Depth,8.716000000000001,10,7.499,10
SA,2016-07-12,Lower Photic,8.482000000000001,10,6.034000000000001,10
SA,2016-07-12,Deep,8.04651515151515,22,2.79939393939394,22
SA,2016-08-09,Surface,8.651000000000002,10,7.849000000000001,10
SA,2016-08-09,Mid-Depth,8.604999999999999,10,7.824,10
SA,2016-08-09,Lower Photic,8.393,10,7.100999999999999,10
SA,2016-08-09,Deep,7.919469696969698,22,3.031515151515152,22
SA,2016-09-06,Surface,9.91,10,7.577,10
SA,2016-09-06,Mid-Depth,9.873,10,7.501,10
SA,2016-09-06,Lower Photic,9.693,10,6.906000000000001,10
SA,2016-09-06,Deep,9.183939393939394,22,2.3403787878787883,22
SA,2016-10-11,Surface,8.922,10,7.354999999999999,10
SA,2016-10-11,Mid-Depth,8.864999999999998,10,7.319,10
SA,2016-10-11,Lower Photic,8.818999999999999,10,7.117,10
SA,2016-10-11,Deep,8.157704831629365,22,2.592860512202623,22
SA,2016-11-08,Surface,9.003,10,7.607000000000001,10
SA,2016-11-08,Mid-Depth,8.992999999999999,10,7.51,10
SA,2016-11-08,Lower Photic,8.881,10,7.162000000000001,10
SA,2016-11-08,Deep,8.39401515151515,22,3.709015151515152,22
SA,2016-12-05,Surface,8.446000000000002,10,7.794,10
SA,2016-12-05,Mid-Depth,8.373000000000001,10,7.624,10
SA,2016-12-05,Lower Photic,8.267,10,7.042,10
SA,2016-12-05,Deep,8.110530303030302,22,6.141666666666668,22
SA,2017-02-07,Surface,8.514000000000001,10,6.282,10
SA,2017-02-07,Mid-Depth,8.441999999999998,10,6.289,10
SA,2017-02-07,Lower Photic,8.409,10,6.161999999999999,10
SA,2017-02-07,Deep,8.398787878787878,22,6.657954545454545,22
SA,2017-03-13,Surface,8.084,10,7.699,10
SA,2017-03-13,Mid-Depth,8.088,10,7.011,10
SA,2017-03-13,Lower Photic,8.056999999999999,10,6.535000000000001,10
SA,2017-03-13,Deep,7.98090909090909,22,5.132651515151514,22
SA,2017-04-18,Surface,8.206999999999999,10,7.9,10
SA,2017-04-18,Mid-Depth,8.247,10,7.802000000000001,10
SA,2017-04-18,Lower Photic,8.186,10,7.253,10
SA,2017-04-18,Deep,7.957348484848485,22,4.93189393939394,22
SA,2017-05-16,Surface,8.174,10,7.943,10
SA,2017-05-16,Mid-Depth,8.114,10,7.467,10
SA,2017-05-16,Lower Photic,7.939,10,6.654000000000001,10
SA,2017-05-16,Deep,7.767803030303028,22,3.893787878787879,22
SA,2017-06-13,Surface,9.528000000000002,10,8.169,10
SA,2017-06-13,Mid-Depth,9.452,10,7.837000000000001,10
SA,2017-06-13,Lower Photic,9.192,10,5.957,10
SA,2017-06-13,Deep,9.026818181818182,22,3.3401515151515144,22
SA,2017-07-11,Surface,8.205000000000002,10,8.393,10
SA,2017-07-11,Mid-Depth,8.149999999999999,10,8.248000000000001,10
SA,2017-07-11,Lower Photic,7.948,10,6.863,10
SA,2017-07-11,Deep,7.730151515151514,22,3.501969696969698,22
SA,2017-08-08,Surface,9.098,10,8.045999999999998,10
SA,2017-08-08,Mid-Depth,9.050999999999998,10,7.901000000000001,10
SA,2017-08-08,Lower Photic,8.75,10,5.420999999999999,10
SA,2017-08-08,Deep,8.427121212121213,22,2.9421969696969694,22
SA,2017-09-12,Surface,10.341,10,7.270999999999999,10
SA,2017-09-12,Mid-Depth,10.358,10,7.108,10
SA,2017-09-12,Lower Photic,10.023,10,5.504,10
SA,2017-09-12,Deep,9.413030303030302,22,1.531439393939394,22
SA,2017-10-12,Surface,9.143,10,5.930000000000001,10
SA,2017-10-12,Mid-Depth,9.157,10,5.885,10
SA,2017-10-12,Lower Photic,9.042,10,5.537999999999999,10
SA,2017-10-12,Deep,8.085833333333333,22,1.4798484848484852,22
SA,2017-11-07,Surface,8.918,10,7.529000000000001,10
SA,2017-11-07,Mid-Depth,8.849,10,7.305,10
SA,2017-11-07,Lower Photic,8.600999999999999,10,6.441,10
SA,2017-11-07,Deep,7.86181818181818,22,2.138484848484848,22
SA,2017-12-13,Surface,8.52,10,3.883,10
SA,2017-12-13,Mid-Depth,8.547,10,3.796,10
SA,2017-12-13,Lower Photic,8.495000000000001,10,3.705000000000001,10
SA,2017-12-13,Deep,8.367121212121212,22,3.650227272727273,22
SA,2018-01-11,Surface,9.370496045700428,10,6.560410735436544,10
SA,2018-01-11,Mid-Depth,9.318117706603932,10,6.320161994352588,10
SA,2018-01-11,Lower Photic,9.288681834139968,10,6.242815082827719,10
SA,2018-01-11,Deep,9.220462929248448,22,6.1620758662859485,22
SA,2018-02-07,Surface,8.891050279925881,10,5.263232190617337,10
SA,2018-02-07,Mid-Depth,8.794570680776163,10,4.775561536605177,10
SA,2018-02-07,Lower Photic,8.808821776085846,10,5.174517277278414,10
SA,2018-02-07,Deep,8.719200621442546,22,5.025477598355542,22
SA,2018-03-13,Surface,8.921379204217654,10,6.615650826413787,10
SA,2018-03-13,Mid-Depth,8.779500108991439,10,5.887541883086101,10
SA,2018-03-13,Lower Photic,8.659646438533736,10,5.284195420680818,10
SA,2018-03-13,Deep,8.398874439808028,22,3.624359462475398,22
SA,2018-04-10,Surface,8.775691837871722,10,6.94987953362254,10
SA,2018-04-10,Mid-Depth,8.640576691963883,10,6.239647611958683,10
SA,2018-04-10,Lower Photic,8.298800437755183,10,5.431252556990252,10
SA,2018-04-10,Deep,8.112837313427859,22,2.7105738590463666,22
SA,2018-05-15,Surface,8.840345333333152,10,7.315734074903753,10
SA,2018-05-15,Mid-Depth,8.517717463335956,10,6.195670989729013,10
SA,2018-05-15,Lower Photic,8.002166700168837,10,4.263555409425228,10
SA,2018-05-15,Deep,7.936285110960304,22,1.6753320028319174,22
SA,2018-06-12,Surface,8.91840521577439,10,7.080478981907223,10
SA,2018-06-12,Mid-Depth,8.852357987897685,10,6.880760385833669,10
SA,2018-06-12,Lower Photic,8.225453284911206,10,4.491299094397064,10
SA,2018-06-12,Deep,7.945360313298534,22,2.058347708849234,22
SA,2018-07-17,Surface,8.880654588999999,10,6.969427111,10
SA,2018-07-17,Mid-Depth,8.863271948,10,6.925100509000001,10
SA,2018-07-17,Lower Photic,8.759926899,10,6.802457135999999,10
SA,2018-07-17,Deep,7.9965853439214705,22,2.360056605649941,22
SA,2018-08-14,Surface,8.92038111455692,10,7.063523944849656,10
SA,2018-08-14,Mid-Depth,8.844966254815592,10,6.611197963232501,10
SA,2018-08-14,Lower Photic,8.608454635697694,10,5.685541475903995,10
SA,2018-08-14,Deep,8.049588217364281,22,2.551204573746643,22
SA,2018-09-11,Surface,8.838192569059117,10,7.156022970970686,10
SA,2018-09-11,Mid-Depth,8.688811521561863,10,6.334349201449102,10
SA,2018-09-11,Lower Photic,8.185289126242427,10,4.89176710177402,10
SA,2018-09-11,Deep,7.821106937115162,22,1.7197900180424506,22
SA,2018-09-24,Surface,9.02141289103906,10,7.769823533711144,10
SA,2018-09-24,Mid-Depth,8.919309991820452,10,6.937945155122276,10
SA,2018-09-24,Lower Photic,8.304270154516896,10,5.233336013285579,10
SA,2018-09-24,Deep,7.766714092746718,22,1.2112746300466546,22
SA,2018-11-14,Surface,8.852648259627511,10,6.845965564599332,10
SA,2018-11-14,Mid-Depth,8.790706804300843,10,6.727807333616876,10
SA,2018-11-14,Lower Photic,8.725811512873936,10,6.290873050595509,10
SA,2018-11-14,Deep,7.912838746289986,22,1.8963316695012609,22
SA,2018-12-12,Surface,8.676075215531942,10,6.255746615238785,10
SA,2018-12-12,Mid-Depth,8.615440249407254,10,6.1643292209146106,10
SA,2018-12-12,Lower Photic,8.599289191534112,10,6.120936296475659,10
SA,2018-12-12,Deep,8.46777111563057,22,5.567159377917666,22
SA,2019-02-12,Surface,8.497697246313018,10,7.63,10
SA,2019-02-12,Mid-Depth,8.339603536175858,10,7.138,10
SA,2019-02-12,Lower Photic,8.242238519389108,10,6.922,10
SA,2019-02-12,Deep,8.186175639011905,22,8.983306446167711,22
SA,2019-03-12,Surface,8.708772872139386,10,7.487999999999999,10
SA,2019-03-12,Mid-Depth,8.593959602557291,10,6.897,10
SA,2019-03-12,Lower Photic,8.269856682906076,10,6.354,10
SA,2019-03-12,Deep,8.073915780625926,22,4.036377603078117,22
SA,2019-04-09,Surface,8.75340654469063,10,7.605000000000001,10
SA,2019-04-09,Mid-Depth,8.392549714649395,10,6.635,10
SA,2019-04-09,Lower Photic,8.065357496298699,10,6.224000000000001,10
SA,2019-04-09,Deep,7.619377198728706,22,4.701368404838752,22
SA,2019-05-14,Surface,8.716161317920578,10,7.41094767514623,10
SA,2019-05-14,Mid-Depth,8.62755968920068,10,6.7725729874141525,10
SA,2019-05-14,Lower Photic,8.110585970494906,10,4.9627518130873405,10
SA,2019-05-14,Deep,7.821089163971652,22,2.371295064893292,22
SA,2019-06-12,Surface,8.811402970470397,10,7.246239338688132,10
SA,2019-06-12,Mid-Depth,8.655031155333129,10,6.835452654296984,10
SA,2019-06-12,Lower Photic,8.019252729276438,10,4.002184310261304,10
SA,2019-06-12,Deep,7.746593821711352,22,2.13990787629888,22
SA,2019-07-12,Surface,8.783167602581928,10,6.945812312389551,10
SA,2019-07-12,Mid-Depth,8.52246658168685,10,6.859319908902317,10
SA,2019-07-12,Lower Photic,7.976717050978488,10,4.646375202254686,10
SA,2019-07-12,Deep,7.503307276393602,22,1.9904428174906847,22
SA,2019-08-13,Surface,8.807352946033737,10,7.182337049303806,10
SA,2019-08-13,Mid-Depth,8.372629711910635,10,6.905210936323508,10
SA,2019-08-13,Lower Photic,7.8774683659772124,10,5.397278236007285,10
SA,2019-08-13,Deep,7.1446744764502,22,1.7738307127940554,22
SA,2019-09-10,Surface,8.903791597257257,10,7.233249345056417,10
SA,2019-09-10,Mid-Depth,8.817169345994515,10,6.930656289846061,10
SA,2019-09-10,Lower Photic,8.507401135709161,10,5.374286236990499,10
SA,2019-09-10,Deep,7.7957832785920145,22,1.748197136041552,22
SA,2020-02-11,Surface,8.71440303178033,10,7.648947032904277,10
SA,2020-02-11,Mid-Depth,8.52407397771357,10,7.243582805343033,10
SA,2020-02-11,Lower Photic,8.327680282359578,10,6.515730928877645,10
SA,2020-02-11,Deep,8.079211865088844,22,5.227318578592189,22
SA,2020-05-12,Surface,8.711675063940195,10,7.42008373623676,10
SA,2020-05-12,Mid-Depth,8.383974347302678,10,7.030788551707028,10
SA,2020-05-12,Lower Photic,7.7724100204737,10,5.138995151856991,10
SA,2020-05-12,Deep,7.300672442745069,22,3.3721591677580607,22
SA,2020-06-09,Surface,8.626713764802945,10,7.4200472052231135,10
SA,2020-06-09,Mid-Depth,8.21346056101726,10,6.8196960100146695,10
SA,2020-06-09,Lower Photic,7.700576955467073,10,5.150150929157892,10
SA,2020-06-09,Deep,7.154176085024995,22,2.996893227267266,22
SA,2020-07-14,Surface,8.605098355901228,10,7.464983796464331,10
SA,2020-07-14,Mid-Depth,7.866086690034807,10,7.020546455225366,10
SA,2020-07-14,Lower Photic,7.164699306723898,10,4.866110641790605,10
SA,2020-07-14,Deep,6.4797759669039285,22,2.424898757822214,22
SA,2020-08-11,Surface,8.69748709451255,10,6.979406404668831,10
SA,2020-08-11,Mid-Depth,8.347161507270508,10,6.951488781205347,10
SA,2020-08-11,Lower Photic,7.748027104810413,10,4.685954587317112,10
SA,2020-08-11,Deep,6.981227903224448,22,2.304435770976691,22
SA,2020-09-08,Surface,8.616837644628717,10,7.003987218467924,10
SA,2020-09-08,Mid-Depth,8.427501418435755,10,6.729294824818206,10
SA,2020-09-08,Lower Photic,7.952292236419207,10,4.9112520114429,10
SA,2020-09-08,Deep,7.178490029670394,22,1.3311839010550244,22
SA,2020-10-13,Surface,8.632666991678317,10,7.022828492790953,10
SA,2020-10-13,Mid-Depth,7.966294387019092,10,6.758213405651953,10
SA,2020-10-13,Lower Photic,7.606617912186901,10,6.003245485480207,10
SA,2020-10-13,Deep,6.755970982421244,22,1.2665331756423357,22
SA,2020-11-10,Surface,8.45665415137645,10,7.389346680560726,10
SA,2020-11-10,Mid-Depth,7.990055198842688,10,6.717517412978936,10
SA,2020-11-10,Lower Photic,7.743321887740012,10,6.233899570380081,10
SA,2020-11-10,Deep,6.997399778976487,22,2.4218074331402053,22
SA,2020-12-08,Surface,8.14912562335805,10,6.663434939676565,10
SA,2020-12-08,Mid-Depth,7.968435266145919,10,6.577204972339514,10
SA,2020-12-08,Lower Photic,7.882296218648578,10,6.503495929640147,10
SA,2020-12-08,Deep,7.611545059139501,22,4.718539838855485,22
SA,2021-01-19,Surface,8.10216182166771,10,7.066336862612916,10
SA,2021-01-19,Mid-Depth,7.939919003233223,10,6.914628335874473,10
SA,2021-01-19,Lower Photic,7.790979522307735,10,6.608311222704297,10
SA,2021-01-19,Deep,7.601533319941902,22,6.2642641502453165,22
SA,2021-02-16,Surface,8.412557159105255,10,7.026148467431762,10
SA,2021-02-16,Mid-Depth,8.152206463081082,10,6.340759223347343,10
SA,2021-02-16,Lower Photic,7.991451356988105,10,6.058604069218902,10
SA,2021-02-16,Deep,7.813735599496027,22,5.421579280125022,22
SA,2021-03-16,Surface,8.617984164464692,10,7.037071882183331,10
SA,2021-03-16,Mid-Depth,8.41657826594078,10,6.4186158881442354,10
SA,2021-03-16,Lower Photic,7.97985216959203,10,6.136505397276963,10
SA,2021-03-16,Deep,7.800332578414722,22,5.155366965508839,22
SA,2021-04-13,Surface,8.617276117968466,10,7.409080996274639,10
SA,2021-04-13,Mid-Depth,8.490408154093284,10,6.649171833220803,10
SA,2021-04-13,Lower Photic,8.339260539791429,10,6.282484180024536,10
SA,2021-04-13,Deep,8.01813157031061,22,5.158419478548257,22
SA,2021-05-11,Surface,9.196334671022356,10,7.417648661183529,10
SA,2021-05-11,Mid-Depth,8.686566864979387,10,6.8981260387514265,10
SA,2021-05-11,Lower Photic,8.227443168228294,10,5.242440238605156,10
SA,2021-05-11,Deep,8.044658000041581,22,4.516082254801979,22
SA,2021-06-08,Surface,8.701769712911908,10,7.473341919395383,10
SA,2021-06-08,Mid-Depth,8.164088295670158,10,6.643858660921507,10
SA,2021-06-08,Lower Photic,7.508044724665043,10,4.871564203024917,10
SA,2021-06-08,Deep,7.163887473659273,22,3.6988415861505946,22
SA,2021-07-13,Surface,8.790574089420682,10,7.366769850491487,10
SA,2021-07-13,Mid-Depth,8.139767190772693,10,7.26781289562161,10
SA,2021-07-13,Lower Photic,7.328359039502503,10,4.731810765756382,10
SA,2021-07-13,Deep,6.821691548001204,22,3.224943007324073,22
SA,2021-08-10,Surface,8.81867005723878,10,7.397959563881547,10
SA,2021-08-10,Mid-Depth,8.274745714797737,10,7.219267880211079,10
SA,2021-08-10,Lower Photic,7.834496882963904,10,5.776673471054756,10
SA,2021-08-10,Deep,7.055353744288192,22,2.9804810481810544,22
SA,2021-09-07,Surface,8.460061440855526,10,7.39953755783893,10
SA,2021-09-07,Mid-Depth,7.941553032729457,10,6.98071169073976,10
SA,2021-09-07,Lower Photic,7.571098429885856,10,5.491963716927402,10
SA,2021-09-07,Deep,6.818276756363099,22,2.554726284313802,22
SA,2021-10-12,Surface,8.439161917933353,10,7.477838734081319,10
SA,2021-10-12,Mid-Depth,7.381892311371198,10,6.731880449009267,10
SA,2021-10-12,Lower Photic,6.846809061609268,10,5.086237004888838,10
SA,2021-10-12,Deep,6.2046426265934125,22,2.0086435714718567,22
SA,2021-11-09,Surface,8.523957968296644,10,6.992147713177356,10
SA,2021-11-09,Mid-Depth,7.895403876132072,10,6.819820424785695,10
SA,2021-11-09,Lower Photic,7.610040771435601,10,6.56563934618063,10
SA,2021-11-09,Deep,6.905632785602112,22,2.175244296653012,22
SA,2021-12-07,Surface,8.485185921378559,10,7.093130618294079,10
SA,2021-12-07,Mid-Depth,8.34657168525904,10,6.820217239276522,10
SA,2021-12-07,Lower Photic,8.205830431552096,10,6.344713050892549,10
SA,2021-12-07,Deep,8.121347648368031,22,6.07718680764306,22
SA,2022-01-18,Surface,8.443497405877482,10,6.764687170344553,10
SA,2022-01-18,Mid-Depth,7.896820311634963,10,6.604742297486278,10
SA,2022-01-18,Lower Photic,7.648760690556466,10,6.249096877853509,10
SA,2022-01-18,Deep,7.39700155642692,22,5.883061920984509,22
SA,2022-02-08,Surface,8.601195844553827,10,6.942781885177878,10
SA,2022-02-08,Mid-Depth,7.9919841416092705,10,6.64776085419341,10
SA,2022-02-08,Lower Photic,7.664514325812971,10,6.372147057911205,10
SA,2022-02-08,Deep,7.52901286788019,22,6.3158806110530925,22
SA,2022-03-08,Surface,7.818140404790677,10,7.546786116148387,10
SA,2022-03-08,Mid-Depth,7.76624073807469,10,6.732644118035337,10
SA,2022-03-08,Lower Photic,7.755379972720448,10,6.36797529646119,10
SA,2022-03-08,Deep,7.726128169603262,22,6.251899915390921,22
SA,2022-04-05,Surface,8.186896191007225,10,7.589467174910761,10
SA,2022-04-05,Mid-Depth,7.773333657727274,10,6.902209286162797,10
SA,2022-04-05,Lower Photic,7.419239627668167,10,5.911869194747479,10
SA,2022-04-05,Deep,7.293737360979855,22,4.725606697128234,22
SA,2022-05-10,Surface,8.508604717116302,10,7.926953991101852,10
SA,2022-05-10,Mid-Depth,8.106056949868748,10,7.459754439966706,10
SA,2022-05-10,Lower Photic,7.629428319188326,10,5.596262124239599,10
SA,2022-05-10,Deep,7.250936763111105,22,3.865950472175633,22
SA,2022-06-14,Surface,8.686991704305683,10,7.34256627063713,10
SA,2022-06-14,Mid-Depth,8.018405276524463,10,7.173493454981623,10
SA,2022-06-14,Lower Photic,7.353183471888464,10,5.322572177901788,10
SA,2022-06-14,Deep,6.718536309788487,22,3.2802743754507047,22
SA,2022-07-12,Surface,8.623072322266845,10,7.412561997881651,10
SA,2022-07-12,Mid-Depth,8.006605659726512,10,7.031974663445746,10
SA,2022-07-12,Lower Photic,7.511261952516783,10,5.8314303796369975,10
SA,2022-07-12,Deep,7.018226676340134,22,3.340157214465933,22
SA,2022-08-09,Surface,7.996239282129925,10,7.091904845258664,10
SA,2022-08-09,Mid-Depth,7.623406626006663,10,6.980453595553014,10
SA,2022-08-09,Lower Photic,7.402694098589746,10,6.521050695277928,10
SA,2022-08-09,Deep,6.635874307531373,22,2.7861259618171483,22
SA,2022-09-06,Surface,8.735566499468508,10,7.589672919998956,10
SA,2022-09-06,Mid-Depth,8.394361921326968,10,6.92949539092602,10
SA,2022-09-06,Lower Photic,7.8695547209986145,10,5.591720864450577,10
SA,2022-09-06,Deep,7.08640517640342,22,2.225875877088453,22
SA,2022-10-18,Surface,8.618268004910682,10,7.282552036428839,10
SA,2022-10-18,Mid-Depth,7.797636799307895,10,6.707720654825296,10
SA,2022-10-18,Lower Photic,7.459437624701636,10,6.156961293095253,10
SA,2022-10-18,Deep,6.552496912347763,22,1.9839446313430635,22
SA,2022-11-08,Surface,8.473295126734659,10,7.074862200613351,10
SA,2022-11-08,Mid-Depth,8.342123769794235,10,6.478442007722579,10
SA,2022-11-08,Lower Photic,8.162074171824395,10,5.52424120370511,10
SA,2022-11-08,Deep,7.479832725263178,22,1.8941342889468693,22
SA,2022-12-06,Surface,8.473870870849122,10,6.54163299661108,10
SA,2022-12-06,Mid-Depth,7.8390387091347025,10,6.353138514880082,10
SA,2022-12-06,Lower Photic,7.533497179858929,10,6.162844337694788,10
SA,2022-12-06,Deep,7.304393970958902,22,5.7240522542889165,22
SA,2023-01-17,Surface,8.05742321351455,10,6.907896067201811,10
SA,2023-01-17,Mid-Depth,7.500367870173849,10,6.583605761896966,10
SA,2023-01-17,Lower Photic,7.213929122819954,10,6.450935396649359,10
SA,2023-01-17,Deep,7.220624496024356,22,6.24688365037101,22
SA,2023-02-14,Surface,7.617233086385653,10,6.587865040944055,10
SA,2023-02-14,Mid-Depth,7.166284961077499,10,6.640716812312851,10
SA,2023-02-14,Lower Photic,6.842219082819604,10,6.584954458109034,10
SA,2023-02-14,Deep,6.257852135300104,22,6.313545611616655,22
SA,2023-03-14,Surface,8.23091705614107,10,7.7242253873154,10
SA,2023-03-14,Mid-Depth,7.761768658510901,10,7.04669398876103,10
SA,2023-03-14,Lower Photic,7.411533569919653,10,5.760694695987242,10
SA,2023-03-14,Deep,6.99960471317375,22,4.711602938533858,22
SA,2023-04-11,Surface,8.08301491558369,10,7.129059060071837,10
SA,2023-04-11,Mid-Depth,7.525652487433329,10,7.0028973388193005,10
SA,2023-04-11,Lower Photic,7.242870635532194,10,6.5520906892089625,10
SA,2023-04-11,Deep,6.546955771762196,22,2.735482420143129,22
SA,2023-05-09,Surface,7.509066357782487,10,7.769248012441736,10
SA,2023-05-09,Mid-Depth,7.063670897897576,10,7.500319832688578,10
SA,2023-05-09,Lower Photic,6.604859041917547,10,5.916004637863358,10
SA,2023-05-09,Deep,6.230406397695668,22,3.153840854757973,22
SA,2023-06-13,Surface,8.478696614769571,10,7.669910373224828,10
SA,2023-06-13,Mid-Depth,8.074114354269634,10,7.152626727731077,10
SA,2023-06-13,Lower Photic,7.433627216531202,10,4.562431190681585,10
SA,2023-06-13,Deep,6.874552264568025,22,2.161629860069328,22
SA,2023-07-18,Surface,7.963983282986677,10,7.142385958833844,10
SA,2023-07-18,Mid-Depth,7.400906052751113,10,7.04518731089036,10
SA,2023-07-18,Lower Photic,7.194161639013544,10,6.405243296702759,10
SA,2023-07-18,Deep,6.179677355282586,22,1.218818521264825,22
SA,2023-08-16,Surface,8.005407684527714,10,7.316590430940272,10
SA,2023-08-16,Mid-Depth,7.1943962344884085,10,7.067036678473192,10
SA,2023-08-16,Lower Photic,6.6796068048101205,10,5.068397557191462,10
SA,2023-08-16,Deep,6.007619517222573,22,1.5685345133896822,22
SA,2023-09-05,Surface,8.507137021142292,10,7.451776143362052,10
SA,2023-09-05,Mid-Depth,7.52270113962094,10,6.989184524926147,10
SA,2023-09-05,Lower Photic,6.7797028742921785,10,4.555586862796679,10
SA,2023-09-05,Deep,6.033430455329412,22,1.307332926511071,22
SA,2023-10-18,Surface,9.50335046020476,10,7.166338597484765,10
SA,2023-10-18,Mid-Depth,9.47648005977362,10,7.165019184236856,10
SA,2023-10-18,Lower Photic,9.400332529415476,10,6.726468708461337,10
SA,2023-10-18,Deep,8.520064604855639,22,1.172102618797883,22
SA,2023-11-14,Surface,8.148195976095923,10,7.015025945114149,10
SA,2023-11-14,Mid-Depth,7.42052275414774,10,6.7518036193456,10
SA,2023-11-14,Lower Photic,7.271787700404606,10,6.429547058034298,10
SA,2023-11-14,Deep,6.72316821273082,22,2.7760321969541986,22
SA,2023-12-05,Surface,8.285028243577896,10,6.751127747167956,10
SA,2023-12-05,Mid-Depth,8.05432393875876,10,6.67694070634114,10
SA,2023-12-05,Lower Photic,7.865226781201402,10,6.633135996520321,10
SA,2023-12-05,Deep,7.54433030858441,22,3.539818720581428,22
WG,2014-02-14,Surface,9.0625,10,7.582499999999999,10
WG,2014-02-14,Mid-Depth,9.093714285714286,10,6.966714285714285,10
WG,2014-02-14,Lower Photic,9.018928571428573,10,6.483928571428573,10
WG,2014-02-14,Deep,8.677467791543306,45,3.6716111004142338,45
WG,2014-02-19,Surface,9.455000000000002,10,7.606,10
WG,2014-02-19,Mid-Depth,9.378,10,7.339000000000001,10
WG,2014-02-19,Lower Photic,9.16,10,6.273000000000001,10
WG,2014-02-19,Deep,8.800041909407057,45,3.3489138510652627,45
WG,2014-03-26,Surface,8.667,10,7.318,10
WG,2014-03-26,Mid-Depth,8.680000000000001,10,7.147,10
WG,2014-03-26,Lower Photic,8.513500000000002,10,5.729,10
WG,2014-03-26,Deep,8.157616755572622,45,2.653875934693772,45
WG,2014-04-23,Surface,8.745271018062347,10,7.159925592657731,10
WG,2014-04-23,Mid-Depth,8.668,10,7.087999999999999,10
WG,2014-04-23,Lower Photic,8.655000000000001,10,7.019,10
WG,2014-04-23,Deep,8.142455914184891,45,3.087883643276498,45
WG,2014-04-27,Surface,8.709965250473754,10,7.134598799331288,10
WG,2014-04-27,Mid-Depth,8.697,10,7.178,10
WG,2014-04-27,Lower Photic,8.607000000000001,10,6.721000000000001,10
WG,2014-04-27,Deep,8.116161727022993,45,2.858001013963296,45
WG,2014-06-25,Surface,9.021000000000004,10,7.2,10
WG,2014-06-25,Mid-Depth,9.408,10,7.257,10
WG,2014-06-25,Lower Photic,9.044,10,6.911,10
WG,2014-06-25,Deep,8.192870040888225,45,2.6498326335783893,45
WG,2014-07-23,Surface,8.516,10,6.884,10
WG,2014-07-23,Mid-Depth,8.885,10,6.9,10
WG,2014-07-23,Lower Photic,9.011,10,6.883,10
WG,2014-07-23,Deep,7.875704868617739,45,2.615383134582534,45
WG,2014-08-13,Surface,9.010000000000002,10,7.465999999999999,10
WG,2014-08-13,Mid-Depth,9.010000000000002,10,7.456999999999999,10
WG,2014-08-13,Lower Photic,9.010000000000002,10,7.116999999999999,10
WG,2014-08-13,Deep,8.902087058149116,45,2.6911506924204494,45
WG,2014-09-09,Surface,10.039200000000005,10,8.127,10
WG,2014-09-09,Mid-Depth,7.122800000000001,10,8.113,10
WG,2014-09-09,Lower Photic,10.57,10,7.925999999999999,10
WG,2014-09-09,Deep,7.529936933692044,45,2.5741568774711188,45
WG,2014-09-25,Surface,8.281307692307692,10,8.037,10
WG,2014-09-25,Mid-Depth,8.491153846153846,10,8.021,10
WG,2014-09-25,Lower Photic,8.689538461538461,10,7.515000000000001,10
WG,2014-09-25,Deep,7.694318509403456,45,2.350039844208845,45
WG,2014-10-08,Surface,11.499,10,8.287,10
WG,2014-10-08,Mid-Depth,9.955,10,8.508,10
WG,2014-10-08,Lower Photic,8.588000000000001,10,7.700999999999999,10
WG,2014-10-08,Deep,7.325526672543575,45,2.5997313713079784,45
WG,2014-11-12,Surface,9.724,10,7.823,10
WG,2014-11-12,Mid-Depth,10.7235,10,7.842,10
WG,2014-11-12,Lower Photic,11.148,10,7.546000000000001,10
WG,2014-11-12,Deep,9.737148636665545,45,2.7737503865633046,45
WG,2014-12-09,Surface,8.644000000000002,10,6.504,10
WG,2014-12-09,Mid-Depth,8.669999999999998,10,6.491000000000001,10
WG,2014-12-09,Lower Photic,8.652000000000001,10,6.505,10
WG,2014-12-09,Deep,8.14753162178453,45,3.573994809202466,45
WG,2015-01-14,Surface,8.416,10,7.184898563205289,10
WG,2015-01-14,Mid-Depth,8.35,10,7.082475594054652,10
WG,2015-01-14,Lower Photic,8.384,10,6.251431764777943,10
WG,2015-01-14,Deep,8.157648109577776,45,2.80900972881628,45
WG,2015-02-11,Surface,8.443000000000001,10,5.813,10
WG,2015-02-11,Mid-Depth,8.389,10,5.805999999999999,10
WG,2015-02-11,Lower Photic,8.224,10,5.851999999999999,10
WG,2015-02-11,Deep,7.992262296702722,45,5.159681192016532,45
WG,2015-03-11,Surface,8.743999999999998,10,7.055,10
WG,2015-03-11,Mid-Depth,8.719000000000001,10,7.115,10
WG,2015-03-11,Lower Photic,8.611,10,6.666,10
WG,2015-03-11,Deep,8.356454300423463,45,4.137544514886158,45
WG,2015-04-14,Surface,8.741,10,7.193,10
WG,2015-04-14,Mid-Depth,8.715,10,7.2010000000000005,10
WG,2015-04-14,Lower Photic,8.599,10,6.814,10
WG,2015-04-14,Deep,8.231232220881397,45,3.540798923380489,45
WG,2015-05-05,Surface,8.746,10,7.248,10
WG,2015-05-05,Mid-Depth,8.693000000000001,10,7.286,10
WG,2015-05-05,Lower Photic,8.535,10,7.078000000000001,10
WG,2015-05-05,Deep,8.159231610244767,45,3.444313396923372,45
WG,2015-06-09,Surface,8.969999999999999,10,7.432,10
WG,2015-06-09,Mid-Depth,8.943999999999999,10,7.446000000000001,10
WG,2015-06-09,Lower Photic,8.74,10,7.061,10
WG,2015-06-09,Deep,8.25130657389047,45,3.2864336469548365,45
WG,2015-07-15,Surface,8.762,10,7.235000000000001,10
WG,2015-07-15,Mid-Depth,8.721,10,7.295999999999999,10
WG,2015-07-15,Lower Photic,8.663,10,7.296000000000001,10
WG,2015-07-15,Deep,8.011275892989927,45,3.40715654817002,45
WG,2015-08-11,Surface,8.914,10,7.868,10
WG,2015-08-11,Mid-Depth,8.861999999999998,10,7.892999999999999,10
WG,2015-08-11,Lower Photic,8.734,10,7.152000000000001,10
WG,2015-08-11,Deep,8.065812444586166,45,3.0035521340275584,45
WG,2015-09-09,Surface,8.883,10,8.043000000000001,10
WG,2015-09-09,Mid-Depth,8.708,10,8.013,10
WG,2015-09-09,Lower Photic,8.674,10,7.011,10
WG,2015-09-09,Deep,8.124810078224709,45,2.88554513046786,45
WG,2015-10-07,Surface,8.031,10,8.155,10
WG,2015-10-07,Mid-Depth,8.064,10,8.202,10
WG,2015-10-07,Lower Photic,8.134,10,7.619999999999999,10
WG,2015-10-07,Deep,7.752111364558914,45,2.9564852499559087,45
WG,2015-11-12,Surface,8.979,10,7.353,10
WG,2015-11-12,Mid-Depth,8.963000000000001,10,7.214000000000001,10
WG,2015-11-12,Lower Photic,8.851999999999999,10,6.452,10
WG,2015-11-12,Deep,7.9835309123545235,45,2.97635391844722,45
WG,2015-12-08,Surface,8.649000000000001,10,7.023999999999999,10
WG,2015-12-08,Mid-Depth,8.61,10,7.011,10
WG,2015-12-08,Lower Photic,8.593,10,7.037999999999999,10
WG,2015-12-08,Deep,8.177683673559653,45,3.6915554230601457,45
WG,2016-01-20,Surface,7.892,10,7.129,10
WG,2016-01-20,Mid-Depth,7.796000000000001,10,7.117,10
WG,2016-01-20,Lower Photic,7.763,10,7.133000000000001,10
WG,2016-01-20,Deep,7.568505769839381,45,4.26508312041354,45
WG,2016-02-17,Surface,8.695000000000002,10,7.290999999999999,10
WG,2016-02-17,Mid-Depth,8.651,10,7.078999999999999,10
WG,2016-02-17,Lower Photic,8.602,10,6.488,10
WG,2016-02-17,Deep,8.260602891958476,45,3.954408610005226,45
WG,2016-03-01,Surface,8.654,10,7.296000000000001,10
WG,2016-03-01,Mid-Depth,8.646,10,7.284000000000001,10
WG,2016-03-01,Lower Photic,8.597,10,7.174000000000001,10
WG,2016-03-01,Deep,8.310761638505076,45,4.104223243943876,45
WG,2016-03-09,Surface,8.619,10,8.397,10
WG,2016-03-09,Mid-Depth,8.573,10,8.354000000000001,10
WG,2016-03-09,Lower Photic,8.419,10,7.125,10
WG,2016-03-09,Deep,8.220242137916525,45,3.9224031091188913,45
WG,2016-04-13,Surface,8.483,10,8.291,10
WG,2016-04-13,Mid-Depth,8.293999999999999,10,7.923,10
WG,2016-04-13,Lower Photic,8.255,10,6.867,10
WG,2016-04-13,Deep,8.061189242202824,45,3.416449836658369,45
WG,2016-05-18,Surface,8.836000000000002,10,7.926,10
WG,2016-05-18,Mid-Depth,8.791000000000002,10,7.987999999999999,10
WG,2016-05-18,Lower Photic,8.478,10,5.951,10
WG,2016-05-18,Deep,8.147096324798715,45,2.939113036801153,45
WG,2016-06-15,Surface,8.658,10,8.029,10
WG,2016-06-15,Mid-Depth,8.628000000000002,10,8.100999999999999,10
WG,2016-06-15,Lower Photic,8.293999999999999,10,5.329,10
WG,2016-06-15,Deep,7.811958341833282,45,2.43367157469024,45
WG,2016-07-13,Surface,8.739,10,7.574,10
WG,2016-07-13,Mid-Depth,8.734,10,7.622,10
WG,2016-07-13,Lower Photic,8.542000000000002,10,6.692,10
WG,2016-07-13,Deep,8.063826394843245,45,2.422249432562137,45
WG,2016-08-10,Surface,8.600999999999999,10,7.711,10
WG,2016-08-10,Mid-Depth,8.572,10,7.825,10
WG,2016-08-10,Lower Photic,8.516,10,7.283000000000001,10
WG,2016-08-10,Deep,7.913930807605811,45,2.067809886783308,45
WG,2016-09-07,Surface,9.952,10,7.727000000000001,10
WG,2016-09-07,Mid-Depth,9.898,10,7.758000000000001,10
WG,2016-09-07,Lower Photic,9.791,10,7.222999999999999,10
WG,2016-09-07,Deep,9.09770137427094,45,1.9527194392469147,45
WG,2016-10-12,Surface,9.041,10,7.313999999999998,10
WG,2016-10-12,Mid-Depth,9.063,10,7.406000000000001,10
WG,2016-10-12,Lower Photic,8.992,10,7.404999999999999,10
WG,2016-10-12,Deep,8.220489860624285,45,1.8628272616662207,45
WG,2016-11-09,Surface,9.072,10,7.395,10
WG,2016-11-09,Mid-Depth,9.029,10,7.434,10
WG,2016-11-09,Lower Photic,8.997,10,7.448,10
WG,2016-11-09,Deep,8.380105350138287,45,2.776007760542305,45
WG,2016-12-05,Surface,8.457000000000003,10,7.927000000000001,10
WG,2016-12-05,Mid-Depth,8.441999999999998,10,7.947,10
WG,2016-12-05,Lower Photic,8.413,10,7.702,10
WG,2016-12-05,Deep,7.980349693056208,45,3.284234263529197,45
WG,2017-02-08,Surface,8.314999999999998,10,6.5840000000000005,10
WG,2017-02-08,Mid-Depth,8.302000000000001,10,6.605,10
WG,2017-02-08,Lower Photic,8.284,10,6.51,10
WG,2017-02-08,Deep,8.053009625070993,45,3.870066159198625,45
WG,2017-03-14,Surface,8.35,10,7.534999999999999,10
WG,2017-03-14,Mid-Depth,8.325,10,7.409000000000001,10
WG,2017-03-14,Lower Photic,8.298999999999998,10,6.928,10
WG,2017-03-14,Deep,8.078964703731744,45,4.1038837061682205,45
WG,2017-04-19,Surface,8.294,10,7.640000000000001,10
WG,2017-04-19,Mid-Depth,8.244,10,7.688000000000001,10
WG,2017-04-19,Lower Photic,8.159,10,7.659000000000001,10
WG,2017-04-19,Deep,7.89693530256533,45,4.005125161967508,45
WG,2017-05-17,Surface,7.968999999999999,10,7.218000000000001,10
WG,2017-05-17,Mid-Depth,8.081,10,7.387,10
WG,2017-05-17,Lower Photic,7.923999999999999,10,6.93,10
WG,2017-05-17,Deep,7.68082684043758,45,3.2942358236224254,45
WG,2017-06-21,Surface,8.328999999999999,10,6.728,10
WG,2017-06-21,Mid-Depth,8.39,10,6.7780000000000005,10
WG,2017-06-21,Lower Photic,8.147,10,6.132000000000001,10
WG,2017-06-21,Deep,7.848329602060212,45,2.7936195994954023,45
WG,2017-07-12,Surface,8.427000000000001,10,8.475999999999999,10
WG,2017-07-12,Mid-Depth,8.402,10,7.417,10
WG,2017-07-12,Lower Photic,8.136,10,4.893999999999999,10
WG,2017-07-12,Deep,7.866394437734537,45,2.36902111348946,45
WG,2017-08-09,Surface,9.272000000000002,10,8.225,10
WG,2017-08-09,Mid-Depth,9.205000000000002,10,8.296000000000001,10
WG,2017-08-09,Lower Photic,8.992,10,6.854000000000001,10
WG,2017-08-09,Deep,8.413576564329915,45,2.6370925982832607,45
WG,2017-09-13,Surface,10.289,10,7.242,10
WG,2017-09-13,Mid-Depth,10.132,10,6.539999999999999,10
WG,2017-09-13,Lower Photic,9.663,10,2.9880000000000004,10
WG,2017-09-13,Deep,9.28731302409603,45,1.8973159213753883,45
WG,2017-10-13,Surface,9.133,10,6.087,10
WG,2017-10-13,Mid-Depth,9.152,10,6.107,10
WG,2017-10-13,Lower Photic,9.033,10,5.852,10
WG,2017-10-13,Deep,8.155194510341406,45,1.7358883392404572,45
WG,2017-11-08,Surface,8.958,10,7.526000000000001,10
WG,2017-11-08,Mid-Depth,8.953000000000001,10,7.536999999999999,10
WG,2017-11-08,Lower Photic,8.925999999999998,10,7.383,10
WG,2017-11-08,Deep,8.0462427383848,45,2.258278669083531,45
WG,2017-12-14,Surface,8.639999999999999,10,5.987,10
WG,2017-12-14,Mid-Depth,8.622,10,5.882,10
WG,2017-12-14,Lower Photic,8.589,10,5.908,10
WG,2017-12-14,Deep,7.932260555594031,45,3.0040657990580377,45
WG,2018-01-11,Surface,9.188646601515742,10,5.852273698628558,10
WG,2018-01-11,Mid-Depth,9.193047125651088,10,5.883674113461977,10
WG,2018-01-11,Lower Photic,9.191600206827491,10,5.9107995900430925,10
WG,2018-01-11,Deep,8.871241657853346,45,3.22001164160418,45
WG,2018-02-07,Surface,8.806040040315121,10,4.34516803886447,10
WG,2018-02-07,Mid-Depth,8.80870402539904,10,4.288265795796299,10
WG,2018-02-07,Lower Photic,8.805254868852725,10,4.289987634995143,10
WG,2018-02-07,Deep,8.700043258922967,45,3.115431773784375,45
WG,2018-02-28,Surface,8.911778057932503,10,6.2170413423031246,10
WG,2018-02-28,Mid-Depth,8.822559694201512,10,5.772023957129335,10
WG,2018-02-28,Lower Photic,8.688189376355597,10,4.434338876116003,10
WG,2018-02-28,Deep,8.565487871540979,45,3.471458456148865,45
WG,2018-03-15,Surface,8.964204625164797,10,6.780581413123107,10
WG,2018-03-15,Mid-Depth,8.913084795984542,10,6.46843717026029,10
WG,2018-03-15,Lower Photic,8.68354576993531,10,4.615856420962792,10
WG,2018-03-15,Deep,8.532455027344055,45,3.2827894652428893,45
WG,2018-04-12,Surface,8.812434306790236,10,6.732023782607348,10
WG,2018-04-12,Mid-Depth,8.744980623013436,10,6.4796524224205045,10
WG,2018-04-12,Lower Photic,8.50623490160192,10,4.894428507818871,10
WG,2018-04-12,Deep,8.288790874716044,45,3.11779067653402,45
WG,2018-05-16,Surface,8.834800176722519,10,7.242183498398146,10
WG,2018-05-16,Mid-Depth,8.755889609679269,10,6.986013580628129,10
WG,2018-05-16,Lower Photic,8.405504658526501,10,4.76328863699732,10
WG,2018-05-16,Deep,8.14879072113943,45,2.902795057603273,45
WG,2018-06-13,Surface,8.894922060266014,10,7.107179308865369,10
WG,2018-06-13,Mid-Depth,8.80778260868384,10,6.8786311910060025,10
WG,2018-06-13,Lower Photic,8.39188942455836,10,4.780012895742966,10
WG,2018-06-13,Deep,8.126708082971017,45,2.8230886691859083,45
WG,2018-07-18,Surface,8.787404465083487,10,6.663514730356104,10
WG,2018-07-18,Mid-Depth,8.781321852197678,10,6.6669133034274335,10
WG,2018-07-18,Lower Photic,8.598498818166897,10,5.811918216023335,10
WG,2018-07-18,Deep,8.103488685329587,45,2.6548236089825523,45
WG,2018-08-16,Surface,8.931597092936489,10,7.07132838096292,10
WG,2018-08-16,Mid-Depth,8.854244274579527,10,6.923956201988448,10
WG,2018-08-16,Lower Photic,8.741006905752704,10,6.374598097784571,10
WG,2018-08-16,Deep,8.110182417452526,45,2.683954657462696,45
WG,2018-09-12,Surface,8.872369894426654,10,7.11155845838002,10
WG,2018-09-12,Mid-Depth,8.860706455389023,10,7.047396101749375,10
WG,2018-09-12,Lower Photic,8.647430481846197,10,5.833644685449135,10
WG,2018-09-12,Deep,8.105604492324328,45,2.439486862941449,45
WG,2018-09-24,Surface,9.138806955172909,10,7.890863764370816,10
WG,2018-09-24,Mid-Depth,9.008427667065387,10,7.7165475061026,10
WG,2018-09-24,Lower Photic,8.759699353237163,10,5.90495335495857,10
WG,2018-09-24,Deep,8.146839849152448,45,2.5261544503257665,45
WG,2018-10-10,Surface,9.0904325552463,10,6.916278505594301,10
WG,2018-10-10,Mid-Depth,9.00766368358028,10,6.873642042180867,10
WG,2018-10-10,Lower Photic,8.954491502335165,10,6.768734049200917,10
WG,2018-10-10,Deep,8.124675893387725,45,2.44119682689747,45
WG,2018-11-14,Surface,8.985271202143707,10,6.958515133241346,10
WG,2018-11-14,Mid-Depth,8.937426442363133,10,6.867874773130128,10
WG,2018-11-14,Lower Photic,8.845156362447568,10,6.326756347495588,10
WG,2018-11-14,Deep,7.9697223672735795,45,2.3936227483066586,45
WG,2018-12-12,Surface,8.303065721334471,10,6.390152017327416,10
WG,2018-12-12,Mid-Depth,8.520287914546937,10,6.317218538698201,10
WG,2018-12-12,Lower Photic,8.6412025873534,10,6.28837339013843,10
WG,2018-12-12,Deep,8.106570512013265,45,3.634765883802407,45
WG,2019-02-12,Surface,8.571286853710538,10,7.385440942340173,10
WG,2019-02-12,Mid-Depth,8.300986867478812,10,5.955,10
WG,2019-02-12,Lower Photic,8.209760356480901,10,5.654999999999999,10
WG,2019-02-12,Deep,7.853021008925985,45,5.008885093476591,45
WG,2019-03-12,Surface,8.902478246741978,10,7.507000000000001,10
WG,2019-03-12,Mid-Depth,8.779690753113332,10,6.885,10
WG,2019-03-12,Lower Photic,8.665521318729677,10,6.459999999999999,10
WG,2019-03-12,Deep,8.1574787165582,45,3.0240837857458063,45
WG,2019-04-09,Surface,8.798153417690846,10,7.651999999999999,10
WG,2019-04-09,Mid-Depth,8.461292977982193,10,7.312,10
WG,2019-04-09,Lower Photic,8.159625404180641,10,6.417,10
WG,2019-04-09,Deep,7.659893567162646,45,3.167416624714825,45
WG,2019-05-14,Surface,8.84497714797563,10,7.229429806689749,10
WG,2019-05-14,Mid-Depth,8.741453591997784,10,7.055025772506187,10
WG,2019-05-14,Lower Photic,8.491738404416168,10,5.323263208732181,10
WG,2019-05-14,Deep,8.071818091695446,45,2.7002445316721526,45
WG,2019-06-12,Surface,8.917858428373615,10,7.477274777082345,10
WG,2019-06-12,Mid-Depth,8.83936611398773,10,7.377882382324995,10
WG,2019-06-12,Lower Photic,8.49752288097419,10,5.0560649675067495,10
WG,2019-06-12,Deep,8.064815546006901,45,2.660313894270413,45
WG,2019-07-12,Surface,8.842034298712592,10,6.844231508738932,10
WG,2019-07-12,Mid-Depth,8.803504188748766,10,6.8247208862324245,10
WG,2019-07-12,Lower Photic,8.568627280909777,10,5.360055346069111,10
WG,2019-07-12,Deep,7.672046195157359,45,2.3959681700236963,45
WG,2019-08-13,Surface,8.802644649377635,10,7.013105894793597,10
WG,2019-08-13,Mid-Depth,8.692933606072902,10,6.944410026474847,10
WG,2019-08-13,Lower Photic,8.282729977214085,10,5.219049960083591,10
WG,2019-08-13,Deep,7.589112480457663,45,2.184097214797664,45
WG,2019-09-10,Surface,8.933486518842503,10,7.090487292026113,10
WG,2019-09-10,Mid-Depth,8.89230502750489,10,7.006731315513089,10
WG,2019-09-10,Lower Photic,8.722138085666506,10,5.84104836284208,10
WG,2019-09-10,Deep,7.880054827515336,45,1.9373676715130168,45
WG,2020-01-23,Surface,7.504081051502486,10,6.009065966005498,10
WG,2020-01-23,Mid-Depth,7.245847279939471,10,5.92364712951096,10
WG,2020-01-23,Lower Photic,6.681804997894273,10,5.7783498634345145,10
WG,2020-01-23,Deep,6.037252695327413,45,3.0275057246540693,45
WG,2020-02-11,Surface,8.677658552477151,10,7.612865083003415,10
WG,2020-02-11,Mid-Depth,8.529047027373851,10,7.548330807008661,10
WG,2020-02-11,Lower Photic,8.154180453383793,10,6.589809071492167,10
WG,2020-02-11,Deep,7.53375652024598,45,3.054420024627276,45
WG,2020-03-10,Surface,8.60301409535794,10,6.619955097793583,10
WG,2020-03-10,Mid-Depth,8.573959834267024,10,6.56294407187808,10
WG,2020-03-10,Lower Photic,8.519452670754657,10,6.541149559623959,10
WG,2020-03-10,Deep,7.896631143798432,45,3.4964586290786657,45
WG,2020-04-14,Surface,8.810272733010722,10,7.340920976376859,10
WG,2020-04-14,Mid-Depth,8.524301122848332,10,7.256236288049214,10
WG,2020-04-14,Lower Photic,8.14024497401221,10,6.021179925326877,10
WG,2020-04-14,Deep,7.6762557188305856,45,2.984948691849219,45
WG,2020-05-12,Surface,8.8124337934006,10,7.204639068234149,10
WG,2020-05-12,Mid-Depth,8.744103947630611,10,7.1667516045871,10
WG,2020-05-12,Lower Photic,8.038677416258512,10,5.605201236938203,10
WG,2020-05-12,Deep,7.353824916416557,45,2.692550473412465,45
WG,2020-06-09,Surface,8.757032901888799,10,7.288158161100884,10
WG,2020-06-09,Mid-Depth,8.701417776233553,10,7.307728301313203,10
WG,2020-06-09,Lower Photic,8.066790301588194,10,5.71720711713442,10
WG,2020-06-09,Deep,7.46653127126974,45,2.5526649216966413,45
WG,2020-07-14,Surface,8.545085855216316,10,7.170999378372855,10
WG,2020-07-14,Mid-Depth,8.212723151675192,10,7.110925940390122,10
WG,2020-07-14,Lower Photic,7.685825209968283,10,5.376201093034214,10
WG,2020-07-14,Deep,7.233813517754665,45,2.275071850275298,45
WG,2020-08-11,Surface,8.566773074663923,10,7.007066196893708,10
WG,2020-08-11,Mid-Depth,8.249866307066606,10,6.95324418565569,10
WG,2020-08-11,Lower Photic,7.796410817047748,10,5.292400187496341,10
WG,2020-08-11,Deep,6.956110969710344,45,2.039178660461835,45
WG,2020-09-08,Surface,7.714140819645541,10,7.116922550839315,10
WG,2020-09-08,Mid-Depth,8.163620243498894,10,7.008759034249708,10
WG,2020-09-08,Lower Photic,8.186307825278222,10,5.546512791018115,10
WG,2020-09-08,Deep,7.685453442940325,45,1.8821424155342896,45
WG,2020-10-13,Surface,8.781402452356733,10,7.0717290640625965,10
WG,2020-10-13,Mid-Depth,8.407395839609755,10,7.031383721253212,10
WG,2020-10-13,Lower Photic,7.961944237099165,10,5.545313840954361,10
WG,2020-10-13,Deep,7.053964029075459,45,1.7503744501688712,45
WG,2020-11-10,Surface,8.70231031477591,10,6.870830343796745,10
WG,2020-11-10,Mid-Depth,8.295228433579396,10,6.807354610747066,10
WG,2020-11-10,Lower Photic,7.907306151917351,10,6.6143137791111855,10
WG,2020-11-10,Deep,6.902107334685049,45,2.008318284888513,45
WG,2020-12-08,Surface,8.715629423090268,10,6.758705739324187,10
WG,2020-12-08,Mid-Depth,8.381011983755988,10,6.641951586000866,10
WG,2020-12-08,Lower Photic,8.083289881933986,10,6.541679117433397,10
WG,2020-12-08,Deep,7.377054459419278,45,2.4625732074159834,45
WG,2021-01-19,Surface,6.997165560776551,10,6.852006877827594,10
WG,2021-01-19,Mid-Depth,7.023097365873913,10,6.775991738367614,10
WG,2021-01-19,Lower Photic,7.06333559283302,10,6.749755340497669,10
WG,2021-01-19,Deep,6.997511141617319,45,3.145184141704711,45
WG,2021-02-16,Surface,8.801249428853644,10,7.37048810125313,10
WG,2021-02-16,Mid-Depth,8.514308272782097,10,7.128881336950572,10
WG,2021-02-16,Lower Photic,8.194097962312876,10,6.232941272316317,10
WG,2021-02-16,Deep,7.707691148704315,45,3.0237277252377983,45
WG,2021-03-16,Surface,8.680584282638547,10,7.065317854308374,10
WG,2021-03-16,Mid-Depth,8.625507817582053,10,6.853435267052184,10
WG,2021-03-16,Lower Photic,8.584391392089097,10,6.412459906178929,10
WG,2021-03-16,Deep,7.994843053021222,45,3.2076174312463044,45
WG,2021-04-13,Surface,8.673562904738992,10,7.577164557040066,10
WG,2021-04-13,Mid-Depth,8.629722610042215,10,7.30043300761548,10
WG,2021-04-13,Lower Photic,8.552487291354534,10,6.382362236250761,10
WG,2021-04-13,Deep,8.072853504609823,45,3.1152860331106984,45
WG,2021-05-11,Surface,8.746356567651521,10,7.226700355337906,10
WG,2021-05-11,Mid-Depth,8.717519427792519,10,6.980326158953099,10
WG,2021-05-11,Lower Photic,8.633565278346717,10,6.064603736171292,10
WG,2021-05-11,Deep,8.088918292883308,45,2.955726391253949,45
WG,2021-06-08,Surface,8.825553189791135,10,7.248931281985511,10
WG,2021-06-08,Mid-Depth,8.363169561028341,10,7.018452698105295,10
WG,2021-06-08,Lower Photic,7.789507138322492,10,5.5666308842307135,10
WG,2021-06-08,Deep,6.95256784856814,45,2.807716410977076,45
WG,2021-07-13,Surface,8.739777877553797,10,7.167915175297921,10
WG,2021-07-13,Mid-Depth,8.468571358014142,10,6.936114190002312,10
WG,2021-07-13,Lower Photic,7.772596391364109,10,4.84521835624394,10
WG,2021-07-13,Deep,7.237512983268808,45,2.6276848615950894,45
WG,2021-08-10,Surface,8.690364522263575,10,7.282955678538395,10
WG,2021-08-10,Mid-Depth,7.987918417935395,10,7.245259917773231,10
WG,2021-08-10,Lower Photic,7.423299336426488,10,5.531802538980738,10
WG,2021-08-10,Deep,6.517413550243439,45,2.4376804932764613,45
WG,2021-09-07,Surface,8.196666626045474,10,7.229522936686483,10
WG,2021-09-07,Mid-Depth,8.421998204950949,10,7.123870050046729,10
WG,2021-09-07,Lower Photic,8.07756336471791,10,5.800044781827292,10
WG,2021-09-07,Deep,7.28514096770922,45,2.215637514825828,45
WG,2021-10-12,Surface,8.863202158817804,10,7.301128828908301,10
WG,2021-10-12,Mid-Depth,8.778721303344213,10,7.177994751970564,10
WG,2021-10-12,Lower Photic,8.275466167895365,10,5.997062786891467,10
WG,2021-10-12,Deep,7.125212286798258,45,2.091074089689788,45
WG,2021-11-09,Surface,8.607801536250866,10,6.740236143683393,10
WG,2021-11-09,Mid-Depth,8.48177146773552,10,6.6478247789208655,10
WG,2021-11-09,Lower Photic,8.059082955148689,10,6.013791982159088,10
WG,2021-11-09,Deep,7.3725106252634305,45,1.957579220878748,45
WG,2021-12-07,Surface,8.115892792607697,10,6.920442736798672,10
WG,2021-12-07,Mid-Depth,8.309365851709847,10,6.882215352651359,10
WG,2021-12-07,Lower Photic,8.401130661935873,10,6.802772434461114,10
WG,2021-12-07,Deep,7.983097128270661,45,2.8482967827176564,45
WG,2022-01-18,Surface,8.623081658630095,10,6.878476075080256,10
WG,2022-01-18,Mid-Depth,8.500517431705495,10,6.816049052444788,10
WG,2022-01-18,Lower Photic,8.300547438249717,10,6.776602634802148,10
WG,2022-01-18,Deep,7.695488342850644,45,3.1765875823401006,45
WG,2022-02-08,Surface,8.391703695155822,10,6.440316666841075,10
WG,2022-02-08,Mid-Depth,8.260942547438685,10,6.381713722550627,10
WG,2022-02-08,Lower Photic,7.991709997366965,10,6.362516247975532,10
WG,2022-02-08,Deep,7.44706938617789,45,3.283359573208793,45
WG,2022-03-08,Surface,7.1986536395446326,10,7.424582611545229,10
WG,2022-03-08,Mid-Depth,7.184970355853496,10,7.164004275947451,10
WG,2022-03-08,Lower Photic,7.208526638952037,10,6.675901000997537,10
WG,2022-03-08,Deep,6.879807337218124,45,4.060878505993252,45
WG,2022-04-05,Surface,8.656088695601358,10,7.156726438433705,10
WG,2022-04-05,Mid-Depth,8.210337938033438,10,7.063446306469333,10
WG,2022-04-05,Lower Photic,7.911610058636538,10,6.414962863749125,10
WG,2022-04-05,Deep,7.365040690577305,45,3.005345752650933,45
WG,2022-05-10,Surface,8.71959278048529,10,7.413255927014662,10
WG,2022-05-10,Mid-Depth,8.342893220772613,10,7.400860791036907,10
WG,2022-05-10,Lower Photic,7.929264915530983,10,5.946715296574576,10
WG,2022-05-10,Deep,7.266301494561045,45,2.7698070298041464,45
WG,2022-06-14,Surface,8.827581182242609,10,7.274676246021258,10
WG,2022-06-14,Mid-Depth,8.49039983109451,10,7.1753505064511405,10
WG,2022-06-14,Lower Photic,8.06280806522032,10,5.84482446686934,10
WG,2022-06-14,Deep,7.203650169421597,45,2.562967740663082,45
WG,2022-07-12,Surface,8.740346535250195,10,7.196972857123508,10
WG,2022-07-12,Mid-Depth,8.517802182735585,10,7.144872276084032,10
WG,2022-07-12,Lower Photic,8.165926580822862,10,6.011757592444637,10
WG,2022-07-12,Deep,7.16631435623558,45,2.351681121059916,45
WG,2022-08-09,Surface,8.740958363619107,10,7.046548124626495,10
WG,2022-08-09,Mid-Depth,8.45855868169286,10,7.003327405144208,10
WG,2022-08-09,Lower Photic,7.980266685624679,10,6.276434539725589,10
WG,2022-08-09,Deep,6.9659555530442265,45,2.2831675556269886,45
WG,2022-09-06,Surface,8.537675544295027,10,7.427254032418356,10
WG,2022-09-06,Mid-Depth,8.366625426167506,10,7.400979166401974,10
WG,2022-09-06,Lower Photic,7.925655806855372,10,6.116851702180153,10
WG,2022-09-06,Deep,6.954056609630209,45,2.026514222715474,45
WG,2022-10-18,Surface,8.85473280522365,10,7.216991368610286,10
WG,2022-10-18,Mid-Depth,8.748367715445616,10,7.120013567917629,10
WG,2022-10-18,Lower Photic,8.398946736700506,10,6.391990796454907,10
WG,2022-10-18,Deep,7.216008060511581,45,1.8555019868897349,45
WG,2022-11-08,Surface,8.19861374790744,10,7.209197224445541,10
WG,2022-11-08,Mid-Depth,8.357656131808561,10,7.11318092344608,10
WG,2022-11-08,Lower Photic,8.29436370285861,10,6.705340252761829,10
WG,2022-11-08,Deep,7.505827486304276,45,1.792862226982463,45
WG,2022-12-06,Surface,8.398409873892513,10,6.511771525404693,10
WG,2022-12-06,Mid-Depth,8.289093801489392,10,6.381686514272364,10
WG,2022-12-06,Lower Photic,8.02110585439318,10,6.363338093562627,10
WG,2022-12-06,Deep,7.192662004620691,45,2.800734808335158,45
WG,2023-01-17,Surface,8.477310471684161,10,6.592148399180625,10
WG,2023-01-17,Mid-Depth,8.25348453561931,10,6.537165576608009,10
WG,2023-01-17,Lower Photic,8.044298667044782,10,6.439611763713806,10
WG,2023-01-17,Deep,7.126083309395447,45,3.1087997914468835,45
WG,2023-02-14,Surface,7.940843013756075,10,6.03250191013713,10
WG,2023-02-14,Mid-Depth,7.6756751317400305,10,5.894779720276981,10
WG,2023-02-14,Lower Photic,7.349327423513567,10,5.505836002191009,10
WG,2023-02-14,Deep,6.5249356769806015,45,2.926832792413246,45
WG,2023-03-14,Surface,8.5623170498,10,7.309642460000001,10
WG,2023-03-14,Mid-Depth,8.1688882982,10,7.127664853000001,10
WG,2023-03-14,Lower Photic,7.6114156353,10,5.6922322819,10
WG,2023-03-14,Deep,6.909962220031745,45,2.880858304726454,45
WG,2023-04-11,Surface,8.733216583034089,10,7.03316770343925,10
WG,2023-04-11,Mid-Depth,8.370223012371095,10,6.971184855771625,10
WG,2023-04-11,Lower Photic,7.905931835078168,10,6.134145512728665,10
WG,2023-04-11,Deep,7.231854310134958,45,2.723904782288887,45
WG,2023-05-09,Surface,8.314704991407893,10,7.428700809518669,10
WG,2023-05-09,Mid-Depth,7.981458922775817,10,7.363733683753351,10
WG,2023-05-09,Lower Photic,7.573227584378943,10,6.089374067277097,10
WG,2023-05-09,Deep,6.542717019655792,45,2.4251273300651404,45
WG,2023-06-13,Surface,8.627845232820892,10,7.288310030403705,10
WG,2023-06-13,Mid-Depth,8.656082157678362,10,7.271222545151535,10
WG,2023-06-13,Lower Photic,8.359110382202845,10,5.608636937888197,10
WG,2023-06-13,Deep,7.305530793818577,45,2.188734021181704,45
WG,2023-07-18,Surface,8.517386237579199,10,7.127888784727501,10
WG,2023-07-18,Mid-Depth,8.463744779329735,10,7.035389101609468,10
WG,2023-07-18,Lower Photic,8.112662221838209,10,5.629514530189132,10
WG,2023-07-18,Deep,6.915529627378728,45,1.9674108258526268,45
WG,2023-08-16,Surface,8.464826078296005,10,7.270920659066502,10
WG,2023-08-16,Mid-Depth,8.326758118019132,10,7.231524805255025,10
WG,2023-08-16,Lower Photic,7.84223971389752,10,5.293015262007037,10
WG,2023-08-16,Deep,6.6148653917547,45,1.7955975156177093,45
WG,2023-09-05,Surface,8.50477034953144,10,7.382138229383791,10
WG,2023-09-05,Mid-Depth,8.132878302588614,10,7.318839331736392,10
WG,2023-09-05,Lower Photic,7.927354062703438,10,6.123765857560941,10
WG,2023-09-05,Deep,6.694320276885241,45,1.6173097406711874,45
WG,2023-10-18,Surface,9.354221576663708,10,7.274266141172743,10
WG,2023-10-18,Mid-Depth,9.634093778512971,10,7.415781018330032,10
WG,2023-10-18,Lower Photic,9.54965185371386,10,6.005601123643365,10
WG,2023-10-18,Deep,8.924481189031017,45,1.679575643559969,45
WG,2023-11-14,Surface,8.421613848181227,10,6.62229102713413,10
WG,2023-11-14,Mid-Depth,8.403934746511464,10,6.5209503840688425,10
WG,2023-11-14,Lower Photic,7.6224134940291774,10,6.477222770705093,10
WG,2023-11-14,Deep,6.930293587944912,45,1.8449077187595628,45
WG,2023-12-05,Surface,8.664454196651231,10,6.907667143567356,10
WG,2023-12-05,Mid-Depth,8.524819796654207,10,6.6826118189225125,10
WG,2023-12-05,Lower Photic,8.223436242749717,10,6.656891686298724,10
WG,2023-12-05,Deep,6.988360546210477,45,2.0610149540278515,45
WP,2014-02-26,Surface,8.586553146262139,10,7.922,10
WP,2014-02-26,Mid-Depth,8.373181254153582,10,6.487,10
WP,2014-02-26,Lower Photic,8.200243818058953,10,5.487,10
WP,2014-02-26,Deep,7.858827659275434,28,4.343876464631824,28
WP,2014-03-26,Surface,8.556000000000001,10,7.322500000000001,10
WP,2014-03-26,Mid-Depth,8.569999999999999,10,7.313000000000001,10
WP,2014-03-26,Lower Photic,8.512,10,6.855500000000001,10
WP,2014-03-26,Deep,8.16093792737654,28,4.624587824101312,28
WP,2014-04-22,Surface,8.688804552455554,10,7.029259034210144,10
WP,2014-04-22,Mid-Depth,8.686000000000002,10,7.074000000000001,10
WP,2014-04-22,Lower Photic,8.652,10,7.059,10
WP,2014-04-22,Deep,8.236051220089548,28,4.582334614440917,28
WP,2014-06-24,Surface,8.539999999999997,10,7.07,10
WP,2014-06-24,Mid-Depth,8.864,10,7.086999999999999,10
WP,2014-06-24,Lower Photic,8.548,10,6.412999999999999,10
WP,2014-06-24,Deep,7.949897358860165,28,3.303345421423143,28
WP,2014-07-23,Surface,8.788,10,6.754,10
WP,2014-07-23,Mid-Depth,9.112,10,6.598999999999999,10
WP,2014-07-23,Lower Photic,9.015,10,6.129,10
WP,2014-07-23,Deep,8.971459266883013,28,3.088464004016925,28
WP,2014-08-12,Surface,9.010000000000002,10,7.468999999999999,10
WP,2014-08-12,Mid-Depth,9.010000000000002,10,7.405000000000001,10
WP,2014-08-12,Lower Photic,9.010000000000002,10,6.535000000000001,10
WP,2014-08-12,Deep,8.96284680016358,28,3.043464376395076,28
WP,2014-09-08,Surface,7.3195,10,8.227,10
WP,2014-09-08,Mid-Depth,7.075,10,8.091000000000001,10
WP,2014-09-08,Lower Photic,8.204,10,6.76,10
WP,2014-09-08,Deep,7.831138182511858,28,3.1993719015933584,28
WP,2014-10-07,Surface,9.661,10,8.796000000000001,10
WP,2014-10-07,Mid-Depth,9.831,10,8.199000000000002,10
WP,2014-10-07,Lower Photic,9.786,10,7.1240000000000006,10
WP,2014-10-07,Deep,8.9285773621602,28,2.890131881287136,28
WP,2014-11-11,Surface,10.867,10,7.695,10
WP,2014-11-11,Mid-Depth,11.184,10,7.047,10
WP,2014-11-11,Lower Photic,11.351,10,6.715000000000001,10
WP,2014-11-11,Deep,10.35109082853048,28,4.252633529415206,28
WP,2014-12-08,Surface,8.499,10,6.396,10
WP,2014-12-08,Mid-Depth,8.512,10,6.338,10
WP,2014-12-08,Lower Photic,8.501,10,6.269,10
WP,2014-12-08,Deep,8.151254709103906,28,3.873199125350234,28
WP,2015-01-14,Surface,8.433,10,7.169559132390569,10
WP,2015-01-14,Mid-Depth,8.409,10,6.872843833940081,10
WP,2015-01-14,Lower Photic,8.401,10,5.950619590630389,10
WP,2015-01-14,Deep,8.37763690751375,28,3.85460386090022,28
WP,2015-02-10,Surface,8.427000000000001,10,6.684,10
WP,2015-02-10,Mid-Depth,8.294,10,6.742999999999999,10
WP,2015-02-10,Lower Photic,8.166,10,6.767999999999999,10
WP,2015-02-10,Deep,8.107080434767513,28,6.5844980554522055,28
WP,2015-03-10,Surface,8.647,10,6.590999999999999,10
WP,2015-03-10,Mid-Depth,8.571000000000002,10,6.371,10
WP,2015-03-10,Lower Photic,8.489999999999998,10,5.502999999999999,10
WP,2015-03-10,Deep,8.427080561771378,28,4.968472297118564,28
WP,2015-04-14,Surface,8.774,10,7.175999999999999,10
WP,2015-04-14,Mid-Depth,8.77,10,7.238000000000001,10
WP,2015-04-14,Lower Photic,8.687,10,7.053,10
WP,2015-04-14,Deep,8.445594174741947,28,5.121744315435806,28
WP,2015-05-05,Surface,8.782,10,6.746,10
WP,2015-05-05,Mid-Depth,8.648,10,7.4300000000000015,10
WP,2015-05-05,Lower Photic,8.537,10,6.993,10
WP,2015-05-05,Deep,8.234239781937758,28,4.601400663297592,28
WP,2015-06-09,Surface,8.988,10,7.414,10
WP,2015-06-09,Mid-Depth,8.931999999999999,10,7.437,10
WP,2015-06-09,Lower Photic,8.636999999999997,10,6.374,10
WP,2015-06-09,Deep,8.332374999999999,28,4.078017857142856,28
WP,2015-07-14,Surface,8.692,10,7.306,10
WP,2015-07-14,Mid-Depth,8.655999999999999,10,7.208,10
WP,2015-07-14,Lower Photic,8.549000000000001,10,6.737,10
WP,2015-07-14,Deep,8.077233473335033,28,3.775828197978658,28
WP,2015-08-10,Surface,8.867,10,7.801,10
WP,2015-08-10,Mid-Depth,8.846,10,7.871,10
WP,2015-08-10,Lower Photic,8.716999999999999,10,6.7700000000000005,10
WP,2015-08-10,Deep,8.243498078073154,28,3.3554683838262136,28
WP,2015-09-09,Surface,9.051,10,8.177999999999999,10
WP,2015-09-09,Mid-Depth,8.815,10,7.947000000000001,10
WP,2015-09-09,Lower Photic,8.551999999999998,10,6.575999999999999,10
WP,2015-09-09,Deep,8.046731281869803,28,3.068585944868278,28
WP,2015-10-06,Surface,8.748999999999999,10,8.117,10
WP,2015-10-06,Mid-Depth,8.363,10,7.654999999999999,10
WP,2015-10-06,Lower Photic,8.206999999999997,10,6.049999999999999,10
WP,2015-10-06,Deep,7.914764661150396,28,2.866165395270072,28
WP,2015-11-12,Surface,8.969000000000001,10,7.114,10
WP,2015-11-12,Mid-Depth,8.943,10,6.415000000000001,10
WP,2015-11-12,Lower Photic,8.716999999999999,10,5.264999999999999,10
WP,2015-11-12,Deep,7.9265594082732544,28,2.824428829029815,28
WP,2015-12-08,Surface,8.373000000000001,10,7.26,10
WP,2015-12-08,Mid-Depth,8.381,10,7.220999999999999,10
WP,2015-12-08,Lower Photic,8.358999999999998,10,7.079000000000001,10
WP,2015-12-08,Deep,8.092026867320463,28,4.6778776526220325,28
WP,2016-01-19,Surface,7.775,10,7.321000000000001,10
WP,2016-01-19,Mid-Depth,7.718999999999999,10,7.1720000000000015,10
WP,2016-01-19,Lower Photic,7.69,10,6.911999999999999,10
WP,2016-01-19,Deep,7.52385861502746,28,5.418130485791225,28
WP,2016-02-16,Surface,7.982999999999999,10,7.4300000000000015,10
WP,2016-02-16,Mid-Depth,7.910000000000001,10,7.199000000000001,10
WP,2016-02-16,Lower Photic,7.921000000000001,10,6.705000000000001,10
WP,2016-02-16,Deep,7.893810380521401,28,5.686856551307464,28
WP,2016-03-08,Surface,8.685,10,8.180000000000001,10
WP,2016-03-08,Mid-Depth,8.562999999999999,10,7.816999999999998,10
WP,2016-03-08,Lower Photic,8.494,10,6.920999999999999,10
WP,2016-03-08,Deep,8.486984527923811,28,5.687210988119195,28
WP,2016-04-13,Surface,8.036,10,8.329,10
WP,2016-04-13,Mid-Depth,7.87,10,8.092,10
WP,2016-04-13,Lower Photic,7.703,10,6.461,10
WP,2016-04-13,Deep,7.673873627137024,28,4.647550532365473,28
WP,2016-05-17,Surface,8.578000000000001,10,8.019,10
WP,2016-05-17,Mid-Depth,8.535,10,8.222999999999999,10
WP,2016-05-17,Lower Photic,8.221999999999998,10,5.718,10
WP,2016-05-17,Deep,8.076926350664271,28,3.973363117442227,28
WP,2016-06-14,Surface,8.606,10,8.071000000000002,10
WP,2016-06-14,Mid-Depth,8.553999999999998,10,8.045999999999998,10
WP,2016-06-14,Lower Photic,8.322000000000001,10,5.649,10
WP,2016-06-14,Deep,8.052420236022828,28,3.2681523983473206,28
WP,2016-07-12,Surface,8.760000000000002,10,7.510000000000001,10
WP,2016-07-12,Mid-Depth,8.707999999999998,10,7.462999999999999,10
WP,2016-07-12,Lower Photic,8.391,10,4.426,10
WP,2016-07-12,Deep,8.136829424359568,28,2.92617067130562,28
WP,2016-08-10,Surface,8.398,10,7.749,10
WP,2016-08-10,Mid-Depth,8.376000000000001,10,7.922,10
WP,2016-08-10,Lower Photic,8.311000000000002,10,7.531000000000001,10
WP,2016-08-10,Deep,7.865535342094433,28,2.917056378234032,28
WP,2016-09-07,Surface,9.841,10,7.764999999999999,10
WP,2016-09-07,Mid-Depth,9.821,10,7.800999999999999,10
WP,2016-09-07,Lower Photic,9.73,10,7.161,10
WP,2016-09-07,Deep,9.178428730654009,28,2.9210601147170285,28
WP,2016-10-12,Surface,8.875,10,7.244,10
WP,2016-10-12,Mid-Depth,8.870999999999999,10,7.259,10
WP,2016-10-12,Lower Photic,8.761,10,6.472,10
WP,2016-10-12,Deep,8.252464285714286,28,2.1831428571428573,28
WP,2016-11-09,Surface,8.839000000000002,10,7.537999999999999,10
WP,2016-11-09,Mid-Depth,8.879000000000001,10,7.511999999999999,10
WP,2016-11-09,Lower Photic,8.851999999999999,10,7.237,10
WP,2016-11-09,Deep,8.392517701142518,28,3.036025153399657,28
WP,2016-12-05,Surface,8.398,10,7.93,10
WP,2016-12-05,Mid-Depth,8.317000000000002,10,7.644,10
WP,2016-12-05,Lower Photic,8.257,10,6.910000000000001,10
WP,2016-12-05,Deep,8.061606621743596,28,4.641783043750786,28
WP,2017-02-08,Surface,8.277000000000001,10,6.405000000000001,10
WP,2017-02-08,Mid-Depth,8.207000000000003,10,6.115,10
WP,2017-02-08,Lower Photic,8.171000000000001,10,5.373,10
WP,2017-02-08,Deep,8.13919509049759,28,4.642203912404544,28
WP,2017-03-14,Surface,8.347,10,7.396000000000001,10
WP,2017-03-14,Mid-Depth,8.278,10,6.496,10
WP,2017-03-14,Lower Photic,8.257,10,5.792,10
WP,2017-03-14,Deep,8.20808419796773,28,4.846658331653394,28
WP,2017-04-19,Surface,8.290000000000001,10,7.601000000000001,10
WP,2017-04-19,Mid-Depth,8.220000000000002,10,7.505,10
WP,2017-04-19,Lower Photic,8.190999999999999,10,7.097999999999999,10
WP,2017-04-19,Deep,8.099440738127086,28,5.372386257965104,28
WP,2017-05-16,Surface,8.152,10,7.823,10
WP,2017-05-16,Mid-Depth,8.064999999999998,10,7.834999999999999,10
WP,2017-05-16,Lower Photic,7.997,10,7.167999999999999,10
WP,2017-05-16,Deep,7.971490454301453,28,4.978771868281113,28
WP,2017-06-13,Surface,9.358999999999998,10,8.091,10
WP,2017-06-13,Mid-Depth,9.329,10,7.886999999999999,10
WP,2017-06-13,Lower Photic,9.215,10,6.564,10
WP,2017-06-13,Deep,9.089427500765217,28,4.53158607226407,28
WP,2017-07-11,Surface,8.184000000000001,10,8.538,10
WP,2017-07-11,Mid-Depth,8.072999999999999,10,7.824,10
WP,2017-07-11,Lower Photic,7.949,10,6.103,10
WP,2017-07-11,Deep,7.850938934899532,28,3.978683315626394,28
WP,2017-08-08,Surface,9.025,10,8.116,10
WP,2017-08-08,Mid-Depth,9.004999999999999,10,8.196,10
WP,2017-08-08,Lower Photic,8.870999999999999,10,6.824,10
WP,2017-08-08,Deep,8.449307461352186,28,3.420843768863425,28
WP,2017-09-12,Surface,10.371,10,7.318,10
WP,2017-09-12,Mid-Depth,10.339,10,7.148000000000001,10
WP,2017-09-12,Lower Photic,10.091,10,5.284999999999999,10
WP,2017-09-12,Deep,9.495071148671665,28,2.519770908592036,28
WP,2017-10-12,Surface,9.105,10,6.0840000000000005,10
WP,2017-10-12,Mid-Depth,9.071000000000002,10,5.99,10
WP,2017-10-12,Lower Photic,8.955000000000002,10,5.33,10
WP,2017-10-12,Deep,8.195025087155267,28,2.1212470581010647,28
WP,2017-11-07,Surface,8.944999999999999,10,7.736,10
WP,2017-11-07,Mid-Depth,8.895000000000001,10,7.266999999999999,10
WP,2017-11-07,Lower Photic,8.853000000000002,10,6.825,10
WP,2017-11-07,Deep,8.093634394037249,28,2.744725600597463,28
WP,2017-12-13,Surface,8.567000000000002,10,4.601999999999999,10
WP,2017-12-13,Mid-Depth,8.56,10,4.6450000000000005,10
WP,2017-12-13,Lower Photic,8.556000000000001,10,4.6,10
WP,2017-12-13,Deep,8.409884188550608,28,3.827177329238359,28
WP,2018-01-11,Surface,9.306963719106426,10,6.832807484017145,10
WP,2018-01-11,Mid-Depth,9.181070438907732,10,5.406894123068633,10
WP,2018-01-11,Lower Photic,9.088707516963948,10,4.967269666902449,10
WP,2018-01-11,Deep,9.004585792364804,28,4.531883470386251,28
WP,2018-02-07,Surface,8.851125147044062,10,4.088988575432203,10
WP,2018-02-07,Mid-Depth,8.704093444818517,10,3.027145667155224,10
WP,2018-02-07,Lower Photic,8.69636047333123,10,3.030612204561657,10
WP,2018-02-07,Deep,8.579603925501315,28,2.836664945131185,28
WP,2018-02-28,Surface,8.699494196556127,10,5.242853720726248,10
WP,2018-02-28,Mid-Depth,8.54932952275322,10,3.8233349019101817,10
WP,2018-02-28,Lower Photic,8.510502653251184,10,3.524572588131281,10
WP,2018-02-28,Deep,8.457628703395462,28,3.050156738045001,28
WP,2018-03-13,Surface,8.833505673026952,10,6.328672046938283,10
WP,2018-03-13,Mid-Depth,8.640637772386473,10,4.649091489302416,10
WP,2018-03-13,Lower Photic,8.589881152643118,10,4.274481645258261,10
WP,2018-03-13,Deep,8.485030378760866,28,3.4083691601748027,28
WP,2018-04-10,Surface,8.89011172679975,10,6.84209164622218,10
WP,2018-04-10,Mid-Depth,8.826137754713352,10,6.698896839003399,10
WP,2018-04-10,Lower Photic,8.653402575995491,10,5.603822549639864,10
WP,2018-04-10,Deep,8.358310070366995,28,3.326077914892877,28
WP,2018-05-15,Surface,8.713900029867423,10,7.325109273778745,10
WP,2018-05-15,Mid-Depth,8.576368918634198,10,7.002865846313318,10
WP,2018-05-15,Lower Photic,8.351329169402158,10,5.5724730963642655,10
WP,2018-05-15,Deep,8.047821449264196,28,3.382603777191165,28
WP,2018-06-12,Surface,8.872666709726905,10,7.035633129217297,10
WP,2018-06-12,Mid-Depth,8.666317095172564,10,6.273982566374345,10
WP,2018-06-12,Lower Photic,8.291975320847039,10,4.214252392543126,10
WP,2018-06-12,Deep,8.072395852791024,28,2.794287558524394,28
WP,2018-07-17,Surface,8.787238583813927,10,6.614298728285689,10
WP,2018-07-17,Mid-Depth,8.74393701547463,10,6.484498956866044,10
WP,2018-07-17,Lower Photic,8.498309776395423,10,5.196334308373964,10
WP,2018-07-17,Deep,8.053908711367276,28,2.473150887858882,28
WP,2018-08-14,Surface,8.844043223776023,10,7.00893985272605,10
WP,2018-08-14,Mid-Depth,8.76208359220876,10,6.861045867954014,10
WP,2018-08-14,Lower Photic,8.626030784712492,10,6.142171481250903,10
WP,2018-08-14,Deep,8.0778108793543,28,2.7924976524239464,28
WP,2018-09-11,Surface,8.818702189334363,10,7.23588162100724,10
WP,2018-09-11,Mid-Depth,8.737731318868269,10,7.0772773937266695,10
WP,2018-09-11,Lower Photic,8.482720563610966,10,5.504410314507718,10
WP,2018-09-11,Deep,7.987823086912596,28,2.5331078130853286,28
WP,2018-12-12,Surface,8.572200442342917,10,5.7969988594139865,10
WP,2018-12-12,Mid-Depth,8.57119668789667,10,5.781349460642111,10
WP,2018-12-12,Lower Photic,8.551255933257334,10,5.618874769972146,10
WP,2018-12-12,Deep,8.19856773301055,28,3.302660732077626,28
WP,2019-02-12,Surface,8.419938411440159,10,6.883,10
WP,2019-02-12,Mid-Depth,8.142812422846067,10,6.324,10
WP,2019-02-12,Lower Photic,8.03647423267722,10,5.997999999999999,10
WP,2019-02-12,Deep,7.958400197864933,28,7.146249609653334,28
WP,2019-03-12,Surface,8.476287765220608,10,7.044000000000001,10
WP,2019-03-12,Mid-Depth,8.376567205202814,10,6.289,10
WP,2019-03-12,Lower Photic,8.30414511984478,10,5.917,10
WP,2019-03-12,Deep,8.185871312298804,28,4.819727396809043,28
WP,2019-04-09,Surface,8.68740753129411,10,7.489,10
WP,2019-04-09,Mid-Depth,8.42174500527983,10,6.682,10
WP,2019-04-09,Lower Photic,8.285193113188356,10,6.117,10
WP,2019-04-09,Deep,8.119552819922802,28,4.556708070814591,28
WP,2019-05-14,Surface,8.85580255219803,10,7.663388640401498,10
WP,2019-05-14,Mid-Depth,8.72455585456172,10,6.888368524818205,10
WP,2019-05-14,Lower Photic,8.488480515209684,10,5.0991034488551765,10
WP,2019-05-14,Deep,8.245538269105575,28,3.770802920999444,28
WP,2019-06-12,Surface,8.847199264753408,10,7.040495497423756,10
WP,2019-06-12,Mid-Depth,8.751362244075677,10,6.821973260548778,10
WP,2019-06-12,Lower Photic,8.39470968061135,10,4.634086725132006,10
WP,2019-06-12,Deep,8.125051335716865,28,3.324823584162566,28
WP,2019-07-12,Surface,8.825514829677326,10,6.830180703093423,10
WP,2019-07-12,Mid-Depth,8.603632124966579,10,6.775990405432606,10
WP,2019-07-12,Lower Photic,8.268176335166682,10,4.884856484246746,10
WP,2019-07-12,Deep,7.860425043789866,28,3.240852733780348,28
WP,2019-08-13,Surface,8.686674040737778,10,7.245586744375744,10
WP,2019-08-13,Mid-Depth,8.541702004525089,10,6.883878015328255,10
WP,2019-08-13,Lower Photic,8.386934470108878,10,5.921040774724335,10
WP,2019-08-13,Deep,7.876533279196076,28,3.033759373727341,28
WP,2019-09-10,Surface,8.885224199106721,10,7.200876271314874,10
WP,2019-09-10,Mid-Depth,8.77366240966847,10,6.644413473875666,10
WP,2019-09-10,Lower Photic,8.48619749763271,10,4.569111208768785,10
WP,2019-09-10,Deep,8.030429950290683,28,2.668971056086904,28
WP,2020-01-23,Surface,8.368314299501655,10,6.335848093098865,10
WP,2020-01-23,Mid-Depth,7.772130819019639,10,6.28125957403624,10
WP,2020-01-23,Lower Photic,7.778533276439569,10,6.174819361273171,10
WP,2020-01-23,Deep,7.337198524494929,28,5.122441938675883,28
WP,2020-02-11,Surface,8.42839009293899,10,7.52830324752995,10
WP,2020-02-11,Mid-Depth,8.109882564148846,10,7.008601289296733,10
WP,2020-02-11,Lower Photic,7.989380231312367,10,6.310705447232463,10
WP,2020-02-11,Deep,7.799302884455501,28,4.616227989821224,28
WP,2020-03-10,Surface,6.992814035938378,10,6.500392180198216,10
WP,2020-03-10,Mid-Depth,7.273635558967169,10,6.129893714890609,10
WP,2020-03-10,Lower Photic,7.618592061932939,10,5.956787393916513,10
WP,2020-03-10,Deep,7.844462003667382,28,5.0961966820340425,28
WP,2020-08-11,Surface,8.778173245374203,10,7.035147387485495,10
WP,2020-08-11,Mid-Depth,8.180328911655218,10,6.841608308397056,10
WP,2020-08-11,Lower Photic,7.772678255664618,10,5.181510828898157,10
WP,2020-08-11,Deep,7.1455814818224495,28,3.1363273119128925,28
WP,2020-09-08,Surface,8.813248210223405,10,7.216914037596399,10
WP,2020-09-08,Mid-Depth,8.676778144655142,10,6.890210419367932,10
WP,2020-09-08,Lower Photic,8.449858988372043,10,5.445179624779054,10
WP,2020-09-08,Deep,7.936663307276885,28,2.9005386664019537,28
WP,2020-10-13,Surface,8.588388001458416,10,7.054449248472167,10
WP,2020-10-13,Mid-Depth,7.930236757276904,10,6.659598255720264,10
WP,2020-10-13,Lower Photic,7.535735213893584,10,5.045089715615772,10
WP,2020-10-13,Deep,6.969973307367847,28,2.758344609036528,28
WP,2020-11-10,Surface,8.355568704959014,10,6.905031464437414,10
WP,2020-11-10,Mid-Depth,7.700514563457121,10,6.554443080577729,10
WP,2020-11-10,Lower Photic,7.549528878267803,10,6.235661531106151,10
WP,2020-11-10,Deep,7.065398470724577,28,3.045579131565656,28
WP,2020-12-08,Surface,7.693624202962719,10,6.426168501765517,10
WP,2020-12-08,Mid-Depth,7.312878506078178,10,6.294453928835151,10
WP,2020-12-08,Lower Photic,6.515252054110206,10,6.295116038791193,10
WP,2020-12-08,Deep,5.551009665692193,28,4.008575871791509,28
WP,2021-01-19,Surface,8.132340880460868,10,6.488935678034641,10
WP,2021-01-19,Mid-Depth,7.992688139099505,10,6.421262787307008,10
WP,2021-01-19,Lower Photic,7.941804143955048,10,6.359652662243395,10
WP,2021-01-19,Deep,7.733952337384229,28,5.100070603784956,28
WP,2021-02-16,Surface,8.688711420752623,10,7.468965258847021,10
WP,2021-02-16,Mid-Depth,8.237163864928105,10,7.052658585313783,10
WP,2021-02-16,Lower Photic,8.137869551493136,10,6.547203630788262,10
WP,2021-02-16,Deep,7.951163603306646,28,5.054401743808752,28
WP,2021-03-16,Surface,8.027194262967424,10,7.244941371173125,10
WP,2021-03-16,Mid-Depth,7.865764584914811,10,6.825299761668108,10
WP,2021-03-16,Lower Photic,7.761806480339788,10,6.178917211188063,10
WP,2021-03-16,Deep,7.679565674738462,28,5.079508626804814,28
WP,2021-04-13,Surface,8.594334824139926,10,7.496495110896964,10
WP,2021-04-13,Mid-Depth,8.361304320894723,10,7.098614824828087,10
WP,2021-04-13,Lower Photic,8.08764893687888,10,6.754932520394822,10
WP,2021-04-13,Deep,7.895199824552437,28,5.255527781501748,28
WP,2021-05-11,Surface,8.78615473354667,10,7.255289221390237,10
WP,2021-05-11,Mid-Depth,8.71108586870821,10,6.82291448923749,10
WP,2021-05-11,Lower Photic,8.582669369316523,10,5.995708361099196,10
WP,2021-05-11,Deep,8.378227971603803,28,4.705948428215087,28
WP,2021-06-08,Surface,8.753044863989377,10,7.302313347228482,10
WP,2021-06-08,Mid-Depth,8.249429623245893,10,6.848264432714369,10
WP,2021-06-08,Lower Photic,7.779917348788848,10,5.321212560411159,10
WP,2021-06-08,Deep,7.473415375183037,28,4.3469470609596135,28
WP,2021-07-13,Surface,8.802821099623369,10,7.42896455955696,10
WP,2021-07-13,Mid-Depth,8.146281636142826,10,7.070691428226104,10
WP,2021-07-13,Lower Photic,7.577034676005442,10,4.9892537800484025,10
WP,2021-07-13,Deep,7.198792419077583,28,4.006853177750606,28
WP,2021-08-10,Surface,8.870392364523202,10,7.493678830419123,10
WP,2021-08-10,Mid-Depth,8.078338292682659,10,7.11867100090453,10
WP,2021-08-10,Lower Photic,7.193901934053217,10,5.871678735743343,10
WP,2021-08-10,Deep,6.389400743775851,28,3.836626639686653,28
WP,2021-09-07,Surface,8.416691005070247,10,7.32590973438919,10
WP,2021-09-07,Mid-Depth,7.958723192186921,10,7.09863379514289,10
WP,2021-09-07,Lower Photic,7.7707030276578495,10,6.218879366931659,10
WP,2021-09-07,Deep,7.186604088430004,28,3.3896729672337087,28
WP,2021-10-12,Surface,8.789718242740403,10,7.329613720415077,10
WP,2021-10-12,Mid-Depth,8.279761224915433,10,7.403743587431082,10
WP,2021-10-12,Lower Photic,7.7775448304235155,10,5.754076803176401,10
WP,2021-10-12,Deep,7.266935751385697,28,3.237937273534263,28
WP,2021-11-09,Surface,8.467067711982452,10,6.783403148552489,10
WP,2021-11-09,Mid-Depth,7.84887231664001,10,6.667929379921797,10
WP,2021-11-09,Lower Photic,7.77202378887322,10,6.374768668161933,10
WP,2021-11-09,Deep,7.265891854568729,28,2.856611781781285,28
WP,2021-12-07,Surface,8.628901231332085,10,6.959943041955997,10
WP,2021-12-07,Mid-Depth,8.36712080578172,10,6.85835438386597,10
WP,2021-12-07,Lower Photic,8.275957148658756,10,6.741850015733645,10
WP,2021-12-07,Deep,7.893334985897479,28,4.275333857398258,28
WP,2022-01-18,Surface,8.482565014503441,10,6.7209522775541926,10
WP,2022-01-18,Mid-Depth,7.967725949419207,10,6.005535010453704,10
WP,2022-01-18,Lower Photic,7.763232837164061,10,5.708152865170077,10
WP,2022-01-18,Deep,7.453767332856756,28,4.470624950820818,28
WP,2022-02-08,Surface,8.52885469180291,10,6.524381518137143,10
WP,2022-02-08,Mid-Depth,8.008406118152921,10,6.265651694588199,10
WP,2022-02-08,Lower Photic,7.754240072561595,10,5.879528570958953,10
WP,2022-02-08,Deep,7.619737442973404,28,5.056422102250402,28
WP,2022-03-08,Surface,7.853049755332462,10,7.493687423573286,10
WP,2022-03-08,Mid-Depth,7.803439569747947,10,6.638364041130727,10
WP,2022-03-08,Lower Photic,7.792182193302333,10,6.058230533067445,10
WP,2022-03-08,Deep,7.711384415945051,28,5.450287680782765,28
WP,2022-04-05,Surface,7.970435550063131,10,7.105142085845076,10
WP,2022-04-05,Mid-Depth,7.73734038247463,10,7.052260886981154,10
WP,2022-04-05,Lower Photic,7.582634204995128,10,6.425206995088153,10
WP,2022-04-05,Deep,7.443465919171425,28,4.889056283917858,28
WP,2022-05-10,Surface,8.598861810231535,10,7.451125349514707,10
WP,2022-05-10,Mid-Depth,8.135462805674244,10,7.247968240721934,10
WP,2022-05-10,Lower Photic,7.8960728500494355,10,5.826416634789838,10
WP,2022-05-10,Deep,7.741107195474982,28,4.400329737234238,28
WP,2022-06-14,Surface,8.755386479483082,10,7.264273564230143,10
WP,2022-06-14,Mid-Depth,8.150690688247376,10,6.908566438242319,10
WP,2022-06-14,Lower Photic,7.81355063793178,10,5.610099810326768,10
WP,2022-06-14,Deep,7.345172028945312,28,3.933401668220553,28
WP,2022-07-12,Surface,8.55198912065489,10,7.345525120989478,10
WP,2022-07-12,Mid-Depth,7.926576482073986,10,7.223689475200956,10
WP,2022-07-12,Lower Photic,7.689375879207918,10,5.982409924694454,10
WP,2022-07-12,Deep,7.194308347004302,28,3.5598739520776923,28
WP,2022-08-09,Surface,7.678660874645418,10,7.121435244638391,10
WP,2022-08-09,Mid-Depth,7.567825756176157,10,7.134868020516317,10
WP,2022-08-09,Lower Photic,7.283354392140595,10,6.408789154316662,10
WP,2022-08-09,Deep,6.6932262941772205,28,3.376321373679352,28
WP,2022-09-06,Surface,8.345549304084788,10,7.6260790148617135,10
WP,2022-09-06,Mid-Depth,7.856010920425765,10,7.222698502763674,10
WP,2022-09-06,Lower Photic,7.627381087038704,10,6.057194034144175,10
WP,2022-09-06,Deep,7.107682157888843,28,3.281831800050519,28
WP,2022-10-18,Surface,8.588689756285651,10,7.139528106121981,10
WP,2022-10-18,Mid-Depth,8.023020967196901,10,6.554359472048932,10
WP,2022-10-18,Lower Photic,7.749102208109035,10,6.3180598561865855,10
WP,2022-10-18,Deep,7.09874240815194,28,3.0419137062120574,28
WP,2022-11-08,Surface,8.651827971533354,10,7.274334239645303,10
WP,2022-11-08,Mid-Depth,8.505597315819637,10,6.616832768975259,10
WP,2022-11-08,Lower Photic,8.360078342180962,10,6.145791676177901,10
WP,2022-11-08,Deep,7.782565365588235,28,2.7677437758999943,28
WP,2022-12-06,Surface,8.437880916820397,10,6.385192728169757,10
WP,2022-12-06,Mid-Depth,8.05279066760023,10,6.263987038763118,10
WP,2022-12-06,Lower Photic,7.89088276104169,10,6.188045307992141,10
WP,2022-12-06,Deep,7.456796406034021,28,4.022589753100443,28
WP,2023-01-17,Surface,8.16241184257605,10,6.47515149900386,10
WP,2023-01-17,Mid-Depth,7.956660160779362,10,6.309286564427331,10
WP,2023-01-17,Lower Photic,7.745989750590198,10,5.945738580121877,10
WP,2023-01-17,Deep,7.286274824106728,28,4.968988938878508,28
WP,2023-02-14,Surface,7.595331075121384,10,5.743212947194588,10
WP,2023-02-14,Mid-Depth,7.121286177745944,10,5.557036533090875,10
WP,2023-02-14,Lower Photic,6.769869169508317,10,5.478321056607438,10
WP,2023-02-14,Deep,6.8312014970184425,28,4.894774553369195,28
WP,2023-03-14,Surface,8.157470383791388,10,7.495216034541437,10
WP,2023-03-14,Mid-Depth,7.663771283782045,10,7.09842821657473,10
WP,2023-03-14,Lower Photic,7.30502098183381,10,5.224445549232814,10
WP,2023-03-14,Deep,7.055690227053697,28,4.172061505340077,28
WP,2023-04-11,Surface,8.201406219140015,10,7.123211012038534,10
WP,2023-04-11,Mid-Depth,7.943237515766981,10,7.041921119011652,10
WP,2023-04-11,Lower Photic,7.744456763859162,10,6.203455990580685,10
WP,2023-04-11,Deep,7.275050579943269,28,3.9536407714304778,28
WP,2023-05-09,Surface,7.516324199784928,10,7.629857205722752,10
WP,2023-05-09,Mid-Depth,7.054956729649808,10,7.555051265947801,10
WP,2023-05-09,Lower Photic,6.525486510605562,10,5.813991491097372,10
WP,2023-05-09,Deep,6.137143947971338,28,3.5951388461859586,28
WP,2023-06-13,Surface,8.400209180944207,10,7.504079356709165,10
WP,2023-06-13,Mid-Depth,8.056076412880683,10,7.494067156308223,10
WP,2023-06-13,Lower Photic,7.622933937475508,10,5.335613492923909,10
WP,2023-06-13,Deep,7.163959725049907,28,3.2801674513587487,28
WP,2023-07-18,Surface,8.454466075005291,10,7.194278190913813,10
WP,2023-07-18,Mid-Depth,7.95017448200546,10,6.903628505218866,10
WP,2023-07-18,Lower Photic,7.206548565473485,10,4.245341566302455,10
WP,2023-07-18,Deep,6.647435319170005,28,2.96990530946432,28
WP,2023-08-16,Surface,7.660738048169219,10,7.447942195524229,10
WP,2023-08-16,Mid-Depth,6.395345896221915,10,6.809705539746913,10
WP,2023-08-16,Lower Photic,6.046700034447917,10,4.613970068711329,10
WP,2023-08-16,Deep,5.451081010071136,28,2.3948475055785168,28
WP,2023-09-05,Surface,8.094802209524204,10,7.608909412579578,10
WP,2023-09-05,Mid-Depth,7.221068405285015,10,7.360260065096696,10
WP,2023-09-05,Lower Photic,6.557268623748979,10,4.921358667547851,10
WP,2023-09-05,Deep,5.755714726445489,28,2.24603625985483,28
WP,2023-10-18,Surface,10.028574783057426,10,7.038533421632619,10
WP,2023-10-18,Mid-Depth,9.857157168634323,10,6.803611750846206,10
WP,2023-10-18,Lower Photic,9.617781238995851,10,5.62774084256608,10
WP,2023-10-18,Deep,8.94872981346169,28,2.1425045708343458,28
WP,2023-11-14,Surface,7.670510927390057,10,6.626412060421837,10
WP,2023-11-14,Mid-Depth,6.888121981962115,10,6.361575563227011,10
WP,2023-11-14,Lower Photic,6.858962910523968,10,6.240659336379596,10
WP,2023-11-14,Deep,6.54263105140533,28,3.358471093870751,28
WP,2023-12-05,Surface,8.453548071584933,10,6.615766634872022,10
WP,2023-12-05,Mid-Depth,8.102787828351005,10,6.387822541703274,10
WP,2023-12-05,Lower Photic,8.005755498234581,10,6.335756275701633,10
WP,2023-12-05,Deep,7.685099094068968,28,3.79636618126489,28
