location,date,depth_group,value_temp,measurement_count_temp,value_ph,measurement_count_ph
SA,2014-02-18,Surface,20.816331114433734,10,9.285470688503809,10
SA,2014-02-18,Mid-Depth,20.603,10,9.093333333333334,10
SA,2014-02-18,Lower Photic,20.48,10,8.80875,10
SA,2014-02-18,Deep,20.441551738464373,22,8.484700718079319,22
SA,2014-03-26,Surface,22.4,10,8.553,10
SA,2014-03-26,Mid-Depth,21.97,10,8.398,10
SA,2014-03-26,Lower Photic,21.520000000000003,10,7.970499999999999,10
SA,2014-03-26,Deep,21.01063808710936,22,7.779073999520548,22
SA,2014-04-22,Surface,22.303,10,8.728,10
SA,2014-04-22,Mid-Depth,22.048,10,8.647,10
SA,2014-04-22,Lower Photic,21.842,10,8.331,10
SA,2014-04-22,Deep,20.66855098477049,22,8.000584567736249,22
SA,2014-05-19,Surface,22.9155,10,8.92,10
SA,2014-05-19,Mid-Depth,22.599,10,8.997,10
SA,2014-05-19,Lower Photic,22.4,10,8.860000000000001,10
SA,2014-05-19,Deep,20.99924242424242,22,8.328409090909092,22
SA,2014-06-24,Surface,23.541,10,8.754,10
SA,2014-06-24,Mid-Depth,23.133,10,9.084,10
SA,2014-06-24,Lower Photic,22.654000000000003,10,8.817,10
SA,2014-06-24,Deep,21.05348484848485,22,7.906742424242423,22
SA,2014-07-22,Surface,23.356,10,9.098,10
SA,2014-07-22,Mid-Depth,23.296,10,9.376,10
SA,2014-07-22,Lower Photic,22.997,10,9.204,10
SA,2014-07-22,Deep,21.07992424242424,22,8.390530303030303,22
SA,2014-08-12,Surface,23.23,10,9.010000000000002,10
SA,2014-08-12,Mid-Depth,22.876,10,9.010000000000002,10
SA,2014-08-12,Lower Photic,22.722,10,9.010000000000002,10
SA,2014-08-12,Deep,21.24153783549198,22,8.986852167271845,22
SA,2014-09-08,Surface,23.408,10,8.22907692307692,10
SA,2014-09-08,Mid-Depth,23.258,10,7.260923076923078,10
SA,2014-09-08,Lower Photic,22.981,10,9.321000000000002,10
SA,2014-09-08,Deep,21.29742424242424,22,7.415909090909091,22
SA,2014-10-07,Surface,23.492,10,7.710000000000001,10
SA,2014-10-07,Mid-Depth,23.29,10,10.271,10
SA,2014-10-07,Lower Photic,23.025,10,9.731000000000002,10
SA,2014-10-07,Deep,21.42108675155601,22,8.680652558504152,22
SA,2014-11-11,Surface,22.344,10,9.517,10
SA,2014-11-11,Mid-Depth,22.249,10,9.562,10
SA,2014-11-11,Lower Photic,22.201,10,9.599,10
SA,2014-11-11,Deep,21.467100365661487,22,8.542768855818862,22
SA,2014-12-08,Surface,21.139,10,8.495,10
SA,2014-12-08,Mid-Depth,21.133,10,8.515,10
SA,2014-12-08,Lower Photic,21.131,10,8.479000000000001,10
SA,2014-12-08,Deep,21.12462121212121,22,8.427575757575756,22
SA,2015-01-13,Surface,20.436,10,8.510000000000002,10
SA,2015-01-13,Mid-Depth,20.357,10,8.509,10
SA,2015-01-13,Lower Photic,20.237,10,8.470000000000002,10
SA,2015-01-13,Deep,20.19439393939394,22,8.429166666666667,22
SA,2015-02-10,Surface,20.545,10,8.278,10
SA,2015-02-10,Mid-Depth,20.323,10,8.142999999999999,10
SA,2015-02-10,Lower Photic,20.225,10,8.139,10
SA,2015-02-10,Deep,20.176893939393945,22,8.12371212121212,22
SA,2015-03-10,Surface,20.569,10,8.599,10
SA,2015-03-10,Mid-Depth,20.451,10,8.533999999999999,10
SA,2015-03-10,Lower Photic,20.369,10,8.438999999999998,10
SA,2015-03-10,Deep,20.305909090909097,22,8.359090909090908,22
SA,2015-04-14,Surface,22.049,10,8.673000000000002,10
SA,2015-04-14,Mid-Depth,21.45,10,8.674999999999999,10
SA,2015-04-14,Lower Photic,21.24,10,8.57,10
SA,2015-04-14,Deep,20.531136363636367,22,8.10469696969697,22
SA,2015-06-09,Surface,23.843,10,8.736999999999998,10
SA,2015-06-09,Mid-Depth,23.772,10,8.724,10
SA,2015-06-09,Lower Photic,22.211,10,8.315999999999999,10
SA,2015-06-09,Deep,20.6980303030303,22,7.950227272727272,22
SA,2015-07-14,Surface,22.84,10,8.614,10
SA,2015-07-14,Mid-Depth,22.804,10,8.647000000000002,10
SA,2015-07-14,Lower Photic,22.655,10,8.641,10
SA,2015-07-14,Deep,20.87621212121212,22,8.062424242424242,22
SA,2015-08-10,Surface,23.6,10,8.817000000000002,10
SA,2015-08-10,Mid-Depth,23.409,10,8.819999999999999,10
SA,2015-08-10,Lower Photic,22.787,10,8.678999999999998,10
SA,2015-08-10,Deep,21.0689393939394,22,8.204166666666666,22
SA,2015-09-09,Surface,23.729000000000003,10,8.969999999999999,10
SA,2015-09-09,Mid-Depth,23.603,10,8.675999999999998,10
SA,2015-09-09,Lower Photic,23.267000000000003,10,8.338000000000001,10
SA,2015-09-09,Deep,21.08113636363636,22,7.86159090909091,22
SA,2015-10-06,Surface,23.903,10,8.957000000000003,10
SA,2015-10-06,Mid-Depth,23.627,10,8.867,10
SA,2015-10-06,Lower Photic,23.235000000000003,10,8.464,10
SA,2015-10-06,Deep,21.183636363636364,22,8.008712121212122,22
SA,2015-11-11,Surface,23.53,10,8.906,10
SA,2015-11-11,Mid-Depth,23.5,10,8.842999999999998,10
SA,2015-11-11,Lower Photic,23.41,10,8.625,10
SA,2015-11-11,Deep,21.748565435402423,22,7.890293943110866,22
SA,2016-01-19,Surface,21.549,10,7.980999999999999,10
SA,2016-01-19,Mid-Depth,21.534,10,7.891,10
SA,2016-01-19,Lower Photic,21.51,10,7.770999999999999,10
SA,2016-01-19,Deep,21.36431818181818,22,7.559772727272726,22
SA,2016-02-16,Surface,20.9,10,8.143,10
SA,2016-02-16,Mid-Depth,20.811,10,8.11,10
SA,2016-02-16,Lower Photic,20.686,10,8.048,10
SA,2016-02-16,Deep,20.638484848484847,22,8.067121212121211,22
SA,2016-03-01,Surface,21.147,10,8.652,10
SA,2016-03-01,Mid-Depth,20.798,10,8.559999999999999,10
SA,2016-03-01,Lower Photic,20.732,10,8.495000000000001,10
SA,2016-03-01,Deep,20.64598484848485,22,8.483030303030302,22
SA,2016-04-12,Surface,22.469,10,8.64,10
SA,2016-04-12,Mid-Depth,22.258000000000003,10,8.553,10
SA,2016-04-12,Lower Photic,21.311,10,8.273,10
SA,2016-04-12,Deep,20.72515151515152,22,8.24159090909091,22
SA,2016-05-17,Surface,23.731,10,8.4,10
SA,2016-05-17,Mid-Depth,23.499,10,8.364,10
SA,2016-05-17,Lower Photic,21.894,10,7.929,10
SA,2016-05-17,Deep,20.83318181818182,22,7.803030303030303,22
SA,2016-06-14,Surface,23.969,10,8.747,10
SA,2016-06-14,Mid-Depth,23.884000000000004,10,8.624,10
SA,2016-06-14,Lower Photic,23.028,10,8.241,10
SA,2016-06-14,Deep,20.852954545454548,22,7.858712121212122,22
SA,2016-07-12,Surface,23.888,10,8.743,10
SA,2016-07-12,Mid-Depth,23.694,10,8.716000000000001,10
SA,2016-07-12,Lower Photic,22.484,10,8.482000000000001,10
SA,2016-07-12,Deep,20.864469696969703,22,8.04651515151515,22
SA,2016-08-09,Surface,23.555,10,8.651000000000002,10
SA,2016-08-09,Mid-Depth,23.322,10,8.604999999999999,10
SA,2016-08-09,Lower Photic,23.053000000000004,10,8.393,10
SA,2016-08-09,Deep,21.07159090909091,22,7.919469696969698,22
SA,2016-09-06,Surface,23.697,10,9.91,10
SA,2016-09-06,Mid-Depth,23.622,10,9.873,10
SA,2016-09-06,Lower Photic,23.374,10,9.693,10
SA,2016-09-06,Deep,21.13462121212121,22,9.183939393939394,22
SA,2016-10-11,Surface,23.465,10,8.922,10
SA,2016-10-11,Mid-Depth,23.409,10,8.864999999999998,10
SA,2016-10-11,Lower Photic,23.364,10,8.818999999999999,10
SA,2016-10-11,Deep,21.35894400464632,22,8.157704831629365,22
SA,2016-11-08,Surface,22.714,10,9.003,10
SA,2016-11-08,Mid-Depth,22.659,10,8.992999999999999,10
SA,2016-11-08,Lower Photic,22.597,10,8.881,10
SA,2016-11-08,Deep,21.37280303030303,22,8.39401515151515,22
SA,2016-12-05,Surface,21.665000000000003,10,8.446000000000002,10
SA,2016-12-05,Mid-Depth,21.624,10,8.373000000000001,10
SA,2016-12-05,Lower Photic,21.546,10,8.267,10
SA,2016-12-05,Deep,21.409469696969698,22,8.110530303030302,22
SA,2017-02-07,Surface,20.512,10,8.514000000000001,10
SA,2017-02-07,Mid-Depth,20.504,10,8.441999999999998,10
SA,2017-02-07,Lower Photic,20.463,10,8.409,10
SA,2017-02-07,Deep,20.359015151515152,22,8.398787878787878,22
SA,2017-03-13,Surface,20.99,10,8.084,10
SA,2017-03-13,Mid-Depth,20.618,10,8.088,10
SA,2017-03-13,Lower Photic,20.538,10,8.056999999999999,10
SA,2017-03-13,Deep,20.448181818181816,22,7.98090909090909,22
SA,2017-04-18,Surface,21.621,10,8.206999999999999,10
SA,2017-04-18,Mid-Depth,21.455,10,8.247,10
SA,2017-04-18,Lower Photic,21.263,10,8.186,10
SA,2017-04-18,Deep,20.57977272727273,22,7.957348484848485,22
SA,2017-05-16,Surface,22.95,10,8.174,10
SA,2017-05-16,Mid-Depth,22.441,10,8.114,10
SA,2017-05-16,Lower Photic,21.528,10,7.939,10
SA,2017-05-16,Deep,20.648030303030303,22,7.767803030303028,22
SA,2017-06-13,Surface,23.515,10,9.528000000000002,10
SA,2017-06-13,Mid-Depth,23.335,10,9.452,10
SA,2017-06-13,Lower Photic,22.251,10,9.192,10
SA,2017-06-13,Deep,20.717575757575755,22,9.026818181818182,22
SA,2017-07-11,Surface,23.498,10,8.205000000000002,10
SA,2017-07-11,Mid-Depth,23.262,10,8.149999999999999,10
SA,2017-07-11,Lower Photic,22.642000000000003,10,7.948,10
SA,2017-07-11,Deep,20.85636363636364,22,7.730151515151514,22
SA,2017-08-08,Surface,23.689000000000004,10,9.098,10
SA,2017-08-08,Mid-Depth,23.432,10,9.050999999999998,10
SA,2017-08-08,Lower Photic,22.146,10,8.75,10
SA,2017-08-08,Deep,20.7614393939394,22,8.427121212121213,22
SA,2017-09-12,Surface,23.688,10,10.341,10
SA,2017-09-12,Mid-Depth,23.575,10,10.358,10
SA,2017-09-12,Lower Photic,22.954,10,10.023,10
SA,2017-09-12,Deep,20.93454545454546,22,9.413030303030302,22
SA,2017-10-12,Surface,23.228,10,9.143,10
SA,2017-10-12,Mid-Depth,23.182,10,9.157,10
SA,2017-10-12,Lower Photic,23.004,10,9.042,10
SA,2017-10-12,Deep,21.053030303030305,22,8.085833333333333,22
SA,2017-11-07,Surface,22.895,10,8.918,10
SA,2017-11-07,Mid-Depth,22.808,10,8.849,10
SA,2017-11-07,Lower Photic,22.695,10,8.600999999999999,10
SA,2017-11-07,Deep,21.20151515151516,22,7.86181818181818,22
SA,2017-12-13,Surface,22.63241002344351,10,8.52,10
SA,2017-12-13,Mid-Depth,22.442656658235443,10,8.547,10
SA,2017-12-13,Lower Photic,21.971324115781748,10,8.495000000000001,10
SA,2017-12-13,Deep,20.908685248937186,22,8.367121212121212,22
SA,2018-01-11,Surface,20.5202380383076,10,9.370496045700428,10
SA,2018-01-11,Mid-Depth,20.436552796366065,10,9.318117706603932,10
SA,2018-01-11,Lower Photic,20.332573311857,10,9.288681834139968,10
SA,2018-01-11,Deep,20.29292117647401,22,9.220462929248448,22
SA,2018-02-07,Surface,20.33826735312335,10,8.891050279925881,10
SA,2018-02-07,Mid-Depth,20.256593756312583,10,8.794570680776163,10
SA,2018-02-07,Lower Photic,20.191629611233147,10,8.808821776085846,10
SA,2018-02-07,Deep,20.1158127404174,22,8.719200621442546,22
SA,2018-03-13,Surface,20.690840305194644,10,8.921379204217654,10
SA,2018-03-13,Mid-Depth,20.46092734295344,10,8.779500108991439,10
SA,2018-03-13,Lower Photic,20.34979156229295,10,8.659646438533736,10
SA,2018-03-13,Deep,20.27849406022767,22,8.398874439808028,22
SA,2018-04-10,Surface,21.511399298186973,10,8.775691837871722,10
SA,2018-04-10,Mid-Depth,21.22498172447224,10,8.640576691963883,10
SA,2018-04-10,Lower Photic,20.939183357766613,10,8.298800437755183,10
SA,2018-04-10,Deep,20.39089836215005,22,8.112837313427859,22
SA,2018-05-15,Surface,22.710955471453925,10,8.840345333333152,10
SA,2018-05-15,Mid-Depth,22.184185827617448,10,8.517717463335956,10
SA,2018-05-15,Lower Photic,21.24861990815593,10,8.002166700168837,10
SA,2018-05-15,Deep,20.478883309169262,22,7.936285110960304,22
SA,2018-06-12,Surface,23.26055297076557,10,8.91840521577439,10
SA,2018-06-12,Mid-Depth,23.17331601919259,10,8.852357987897685,10
SA,2018-06-12,Lower Photic,21.71986499259691,10,8.225453284911206,10
SA,2018-06-12,Deep,20.56912464818173,22,7.945360313298534,22
SA,2018-07-17,Surface,22.59701799,10,8.880654588999999,10
SA,2018-07-17,Mid-Depth,22.58838491,10,8.863271948,10
SA,2018-07-17,Lower Photic,22.439195179999995,10,8.759926899,10
SA,2018-07-17,Deep,20.7074876742559,22,7.9965853439214705,22
SA,2018-08-14,Surface,23.27504728986564,10,8.92038111455692,10
SA,2018-08-14,Mid-Depth,23.022039496632893,10,8.844966254815592,10
SA,2018-08-14,Lower Photic,22.45664567510169,10,8.608454635697694,10
SA,2018-08-14,Deep,20.895598871292023,22,8.049588217364281,22
SA,2018-09-11,Surface,23.56241387824533,10,8.838192569059117,10
SA,2018-09-11,Mid-Depth,23.24280565034285,10,8.688811521561863,10
SA,2018-09-11,Lower Photic,22.50914837250721,10,8.185289126242427,10
SA,2018-09-11,Deep,20.79615820121716,22,7.821106937115162,22
SA,2018-09-24,Surface,23.65690985695093,10,9.02141289103906,10
SA,2018-09-24,Mid-Depth,23.45309175460323,10,8.919309991820452,10
SA,2018-09-24,Lower Photic,22.82425325018124,10,8.304270154516896,10
SA,2018-09-24,Deep,20.886285770818407,22,7.766714092746718,22
SA,2018-11-14,Surface,22.6598544066547,10,8.852648259627511,10
SA,2018-11-14,Mid-Depth,22.65445147699692,10,8.790706804300843,10
SA,2018-11-14,Lower Photic,22.571739745858384,10,8.725811512873936,10
SA,2018-11-14,Deep,21.100684129810304,22,7.912838746289986,22
SA,2018-12-12,Surface,21.487154458427337,10,8.676075215531942,10
SA,2018-12-12,Mid-Depth,21.45700746456115,10,8.615440249407254,10
SA,2018-12-12,Lower Photic,21.449602824713885,10,8.599289191534112,10
SA,2018-12-12,Deep,21.34848891258049,22,8.46777111563057,22
SA,2019-02-12,Surface,20.702490192694547,10,8.497697246313018,10
SA,2019-02-12,Mid-Depth,20.60797782834327,10,8.339603536175858,10
SA,2019-02-12,Lower Photic,20.558585812170616,10,8.242238519389108,10
SA,2019-02-12,Deep,20.496594781807104,22,8.186175639011905,22
SA,2019-03-12,Surface,21.21877371856285,10,8.708772872139386,10
SA,2019-03-12,Mid-Depth,21.02425102986736,10,8.593959602557291,10
SA,2019-03-12,Lower Photic,20.88785264887316,10,8.269856682906076,10
SA,2019-03-12,Deep,20.6101112283476,22,8.073915780625926,22
SA,2019-04-09,Surface,21.52861237700457,10,8.75340654469063,10
SA,2019-04-09,Mid-Depth,21.24029360043394,10,8.392549714649395,10
SA,2019-04-09,Lower Photic,21.068945156218007,10,8.065357496298699,10
SA,2019-04-09,Deep,20.781646093611258,22,7.619377198728706,22
SA,2019-05-14,Surface,23.30046823987769,10,8.716161317920578,10
SA,2019-05-14,Mid-Depth,22.664766642694683,10,8.62755968920068,10
SA,2019-05-14,Lower Photic,21.61179392160413,10,8.110585970494906,10
SA,2019-05-14,Deep,20.81963741835721,22,7.821089163971652,22
SA,2019-06-12,Surface,23.624793725729923,10,8.811402970470397,10
SA,2019-06-12,Mid-Depth,23.18571659052753,10,8.655031155333129,10
SA,2019-06-12,Lower Photic,21.59846992422645,10,8.019252729276438,10
SA,2019-06-12,Deep,20.911966944415376,22,7.746593821711352,22
SA,2019-07-12,Surface,23.44526641339656,10,8.783167602581928,10
SA,2019-07-12,Mid-Depth,23.41489277023116,10,8.52246658168685,10
SA,2019-07-12,Lower Photic,22.07190712065769,10,7.976717050978488,10
SA,2019-07-12,Deep,20.83351881493023,22,7.503307276393602,22
SA,2019-08-13,Surface,23.85895613334602,10,8.807352946033737,10
SA,2019-08-13,Mid-Depth,23.696775076208013,10,8.372629711910635,10
SA,2019-08-13,Lower Photic,22.92072659253109,10,7.8774683659772124,10
SA,2019-08-13,Deep,20.941336049420617,22,7.1446744764502,22
SA,2019-09-10,Surface,23.77249476160109,10,8.903791597257257,10
SA,2019-09-10,Mid-Depth,23.66507000815718,10,8.817169345994515,10
SA,2019-09-10,Lower Photic,22.94854041810324,10,8.507401135709161,10
SA,2019-09-10,Deep,20.98607116600324,22,7.7957832785920145,22
SA,2020-02-11,Surface,21.33902148354723,10,8.71440303178033,10
SA,2020-02-11,Mid-Depth,21.15303414762065,10,8.52407397771357,10
SA,2020-02-11,Lower Photic,20.98359721532198,10,8.327680282359578,10
SA,2020-02-11,Deep,20.861395591701694,22,8.079211865088844,22
SA,2020-05-12,Surface,23.53035793049672,10,8.711675063940195,10
SA,2020-05-12,Mid-Depth,23.28963210304729,10,8.383974347302678,10
SA,2020-05-12,Lower Photic,21.946302393916163,10,7.7724100204737,10
SA,2020-05-12,Deep,20.9243775319908,22,7.300672442745069,22
SA,2020-06-09,Surface,23.28527303818646,10,8.626713764802945,10
SA,2020-06-09,Mid-Depth,22.92885147960438,10,8.21346056101726,10
SA,2020-06-09,Lower Photic,22.069566129616632,10,7.700576955467073,10
SA,2020-06-09,Deep,20.96450511988979,22,7.154176085024995,22
SA,2020-07-14,Surface,23.73168301290067,10,8.605098355901228,10
SA,2020-07-14,Mid-Depth,23.55061825773791,10,7.866086690034807,10
SA,2020-07-14,Lower Photic,22.4497737157579,10,7.164699306723898,10
SA,2020-07-14,Deep,21.020885273841063,22,6.4797759669039285,22
SA,2020-08-11,Surface,24.002584446308955,10,8.69748709451255,10
SA,2020-08-11,Mid-Depth,23.982929243013803,10,8.347161507270508,10
SA,2020-08-11,Lower Photic,22.59068701149853,10,7.748027104810413,10
SA,2020-08-11,Deep,20.992283404305155,22,6.981227903224448,22
SA,2020-09-08,Surface,23.567815874440647,10,8.616837644628717,10
SA,2020-09-08,Mid-Depth,23.49386867580756,10,8.427501418435755,10
SA,2020-09-08,Lower Photic,22.73356598934182,10,7.952292236419207,10
SA,2020-09-08,Deep,21.07127958435399,22,7.178490029670394,22
SA,2020-10-13,Surface,23.68452260164621,10,8.632666991678317,10
SA,2020-10-13,Mid-Depth,23.57620104138033,10,7.966294387019092,10
SA,2020-10-13,Lower Photic,23.26372722012307,10,7.606617912186901,10
SA,2020-10-13,Deep,21.11999166335087,22,6.755970982421244,22
SA,2020-11-10,Surface,22.68513224743012,10,8.45665415137645,10
SA,2020-11-10,Mid-Depth,22.63383639794833,10,7.990055198842688,10
SA,2020-11-10,Lower Photic,22.55730522005738,10,7.743321887740012,10
SA,2020-11-10,Deep,21.27074877578288,22,6.997399778976487,22
SA,2020-12-08,Surface,21.89535406059401,10,8.14912562335805,10
SA,2020-12-08,Mid-Depth,21.88242209780194,10,7.968435266145919,10
SA,2020-12-08,Lower Photic,21.87396259143295,10,7.882296218648578,10
SA,2020-12-08,Deep,21.501875063508702,22,7.611545059139501,22
SA,2021-01-19,Surface,21.318093289451973,10,8.10216182166771,10
SA,2021-01-19,Mid-Depth,21.26967256850358,10,7.939919003233223,10
SA,2021-01-19,Lower Photic,21.202129083092068,10,7.790979522307735,10
SA,2021-01-19,Deep,21.099721950993366,22,7.601533319941902,22
SA,2021-02-16,Surface,21.04430226843254,10,8.412557159105255,10
SA,2021-02-16,Mid-Depth,20.87808176675496,10,8.152206463081082,10
SA,2021-02-16,Lower Photic,20.76622462600214,10,7.991451356988105,10
SA,2021-02-16,Deep,20.65961150723865,22,7.813735599496027,22
SA,2021-03-16,Surface,21.21687267998319,10,8.617984164464692,10
SA,2021-03-16,Mid-Depth,20.99446653770507,10,8.41657826594078,10
SA,2021-03-16,Lower Photic,20.938718685518783,10,7.97985216959203,10
SA,2021-03-16,Deep,20.831462046159047,22,7.800332578414722,22
SA,2021-04-13,Surface,21.49837767428468,10,8.617276117968466,10
SA,2021-04-13,Mid-Depth,21.12307115703946,10,8.490408154093284,10
SA,2021-04-13,Lower Photic,21.04343107862851,10,8.339260539791429,10
SA,2021-04-13,Deep,20.91615465896217,22,8.01813157031061,22
SA,2021-05-11,Surface,22.71575840948448,10,9.196334671022356,10
SA,2021-05-11,Mid-Depth,22.17472233805529,10,8.686566864979387,10
SA,2021-05-11,Lower Photic,21.2261641363141,10,8.227443168228294,10
SA,2021-05-11,Deep,20.93310838098945,22,8.044658000041581,22
SA,2021-06-08,Surface,23.97214504348512,10,8.701769712911908,10
SA,2021-06-08,Mid-Depth,23.21454280506806,10,8.164088295670158,10
SA,2021-06-08,Lower Photic,21.635146854114293,10,7.508044724665043,10
SA,2021-06-08,Deep,20.98233890788356,22,7.163887473659273,22
SA,2021-07-13,Surface,23.637088826781,10,8.790574089420682,10
SA,2021-07-13,Mid-Depth,23.581186706274742,10,8.139767190772693,10
SA,2021-07-13,Lower Photic,21.77977259339487,10,7.328359039502503,10
SA,2021-07-13,Deep,20.986901956747715,22,6.821691548001204,22
SA,2021-08-10,Surface,23.4723743180766,10,8.81867005723878,10
SA,2021-08-10,Mid-Depth,23.394414329983217,10,8.274745714797737,10
SA,2021-08-10,Lower Photic,22.63520186573403,10,7.834496882963904,10
SA,2021-08-10,Deep,21.06558508094619,22,7.055353744288192,22
SA,2021-09-07,Surface,23.64865212461325,10,8.460061440855526,10
SA,2021-09-07,Mid-Depth,23.43973852220048,10,7.941553032729457,10
SA,2021-09-07,Lower Photic,22.79920547149565,10,7.571098429885856,10
SA,2021-09-07,Deep,21.09516175265877,22,6.818276756363099,22
SA,2021-10-12,Surface,23.91843202366131,10,8.439161917933353,10
SA,2021-10-12,Mid-Depth,23.668386636279827,10,7.381892311371198,10
SA,2021-10-12,Lower Photic,22.88367298621655,10,6.846809061609268,10
SA,2021-10-12,Deep,21.171577356621206,22,6.2046426265934125,22
SA,2021-11-09,Surface,23.21460974665881,10,8.523957968296644,10
SA,2021-11-09,Mid-Depth,23.14459473654102,10,7.895403876132072,10
SA,2021-11-09,Lower Photic,23.11274069543379,10,7.610040771435601,10
SA,2021-11-09,Deep,21.287797147488224,22,6.905632785602112,22
SA,2021-12-07,Surface,21.73407955308554,10,8.485185921378559,10
SA,2021-12-07,Mid-Depth,21.61226953339574,10,8.34657168525904,10
SA,2021-12-07,Lower Photic,21.513934535556366,10,8.205830431552096,10
SA,2021-12-07,Deep,21.414312478631164,22,8.121347648368031,22
SA,2022-01-18,Surface,20.979447418688785,10,8.443497405877482,10
SA,2022-01-18,Mid-Depth,20.9261216310288,10,7.896820311634963,10
SA,2022-01-18,Lower Photic,20.82401081396794,10,7.648760690556466,10
SA,2022-01-18,Deep,20.752829789988457,22,7.39700155642692,22
SA,2022-02-08,Surface,20.89531004891047,10,8.601195844553827,10
SA,2022-02-08,Mid-Depth,20.81919509627165,10,7.9919841416092705,10
SA,2022-02-08,Lower Photic,20.7386000697548,10,7.664514325812971,10
SA,2022-02-08,Deep,20.6892353408594,22,7.52901286788019,22
SA,2022-03-08,Surface,20.79481648245192,10,7.818140404790677,10
SA,2022-03-08,Mid-Depth,20.62708532308785,10,7.76624073807469,10
SA,2022-03-08,Lower Photic,20.56657232825661,10,7.755379972720448,10
SA,2022-03-08,Deep,20.484888386366865,22,7.726128169603262,22
SA,2022-04-05,Surface,22.04143080555235,10,8.186896191007225,10
SA,2022-04-05,Mid-Depth,21.45218521634355,10,7.773333657727274,10
SA,2022-04-05,Lower Photic,21.12027963243515,10,7.419239627668167,10
SA,2022-04-05,Deep,20.789974039058368,22,7.293737360979855,22
SA,2022-05-10,Surface,23.60113244295531,10,8.508604717116302,10
SA,2022-05-10,Mid-Depth,22.990012113870712,10,8.106056949868748,10
SA,2022-05-10,Lower Photic,21.91127491570488,10,7.629428319188326,10
SA,2022-05-10,Deep,20.899117134833773,22,7.250936763111105,22
SA,2022-06-14,Surface,23.1490580841854,10,8.686991704305683,10
SA,2022-06-14,Mid-Depth,22.89423499131033,10,8.018405276524463,10
SA,2022-06-14,Lower Photic,21.93445781238029,10,7.353183471888464,10
SA,2022-06-14,Deep,20.880725246295256,22,6.718536309788487,22
SA,2022-07-12,Surface,23.14589007774057,10,8.623072322266845,10
SA,2022-07-12,Mid-Depth,22.96731487492772,10,8.006605659726512,10
SA,2022-07-12,Lower Photic,22.409516453136284,10,7.511261952516783,10
SA,2022-07-12,Deep,20.94544761634553,22,7.018226676340134,22
SA,2022-08-09,Surface,23.15486612914331,10,7.996239282129925,10
SA,2022-08-09,Mid-Depth,23.13345573819465,10,7.623406626006663,10
SA,2022-08-09,Lower Photic,22.89073174473745,10,7.402694098589746,10
SA,2022-08-09,Deep,20.96581485429999,22,6.635874307531373,22
SA,2022-09-06,Surface,23.603896433486472,10,8.735566499468508,10
SA,2022-09-06,Mid-Depth,23.36575426807469,10,8.394361921326968,10
SA,2022-09-06,Lower Photic,22.87928640486259,10,7.8695547209986145,10
SA,2022-09-06,Deep,21.090495369490505,22,7.08640517640342,22
SA,2022-10-18,Surface,22.987001608477613,10,8.618268004910682,10
SA,2022-10-18,Mid-Depth,22.85825357348567,10,7.797636799307895,10
SA,2022-10-18,Lower Photic,22.73009417710439,10,7.459437624701636,10
SA,2022-10-18,Deep,21.15101931072091,22,6.552496912347763,22
SA,2022-11-08,Surface,23.029686201586152,10,8.473295126734659,10
SA,2022-11-08,Mid-Depth,22.919283037309192,10,8.342123769794235,10
SA,2022-11-08,Lower Photic,22.7356576244023,10,8.162074171824395,10
SA,2022-11-08,Deep,21.25323473593189,22,7.479832725263178,22
SA,2022-12-06,Surface,21.72060968170988,10,8.473870870849122,10
SA,2022-12-06,Mid-Depth,21.672852444521887,10,7.8390387091347025,10
SA,2022-12-06,Lower Photic,21.64657819269556,10,7.533497179858929,10
SA,2022-12-06,Deep,21.51537942984412,22,7.304393970958902,22
SA,2023-01-17,Surface,20.938439566885123,10,8.05742321351455,10
SA,2023-01-17,Mid-Depth,20.85816685994233,10,7.500367870173849,10
SA,2023-01-17,Lower Photic,20.768130396513307,10,7.213929122819954,10
SA,2023-01-17,Deep,20.70566967242512,22,7.220624496024356,22
SA,2023-02-14,Surface,20.83061160114912,10,7.617233086385653,10
SA,2023-02-14,Mid-Depth,20.66615562444602,10,7.166284961077499,10
SA,2023-02-14,Lower Photic,20.54856773758646,10,6.842219082819604,10
SA,2023-02-14,Deep,20.49154892367017,22,6.257852135300104,22
SA,2023-03-14,Surface,21.40490334748377,10,8.23091705614107,10
SA,2023-03-14,Mid-Depth,21.112834548673952,10,7.761768658510901,10
SA,2023-03-14,Lower Photic,20.77647796465125,10,7.411533569919653,10
SA,2023-03-14,Deep,20.61518950744179,22,6.99960471317375,22
SA,2023-04-11,Surface,22.011858426280376,10,8.08301491558369,10
SA,2023-04-11,Mid-Depth,21.95857409551358,10,7.525652487433329,10
SA,2023-04-11,Lower Photic,21.72534656143653,10,7.242870635532194,10
SA,2023-04-11,Deep,20.723242603468865,22,6.546955771762196,22
SA,2023-05-09,Surface,23.48376528140427,10,7.509066357782487,10
SA,2023-05-09,Mid-Depth,23.12381909326664,10,7.063670897897576,10
SA,2023-05-09,Lower Photic,22.20310464491324,10,6.604859041917547,10
SA,2023-05-09,Deep,20.793855790424576,22,6.230406397695668,22
SA,2023-06-13,Surface,24.40102551373953,10,8.478696614769571,10
SA,2023-06-13,Mid-Depth,23.98260342734861,10,8.074114354269634,10
SA,2023-06-13,Lower Photic,22.42845849279155,10,7.433627216531202,10
SA,2023-06-13,Deep,20.842219013918942,22,6.874552264568025,22
SA,2023-07-18,Surface,24.01553039797433,10,7.963983282986677,10
SA,2023-07-18,Mid-Depth,23.973309219520424,10,7.400906052751113,10
SA,2023-07-18,Lower Photic,23.476491696471648,10,7.194161639013544,10
SA,2023-07-18,Deep,20.906705594148463,22,6.179677355282586,22
SA,2023-08-16,Surface,24.16439281920859,10,8.005407684527714,10
SA,2023-08-16,Mid-Depth,24.07372474505152,10,7.1943962344884085,10
SA,2023-08-16,Lower Photic,23.15871335337293,10,6.6796068048101205,10
SA,2023-08-16,Deep,20.900620520799524,22,6.007619517222573,22
SA,2023-09-05,Surface,24.183804766761263,10,8.507137021142292,10
SA,2023-09-05,Mid-Depth,24.03944664692825,10,7.52270113962094,10
SA,2023-09-05,Lower Photic,23.1005337073431,10,6.7797028742921785,10
SA,2023-09-05,Deep,21.00557364111044,22,6.033430455329412,22
SA,2023-10-18,Surface,24.085130290989248,10,9.50335046020476,10
SA,2023-10-18,Mid-Depth,24.080549242520046,10,9.47648005977362,10
SA,2023-10-18,Lower Photic,23.93011531465962,10,9.400332529415476,10
SA,2023-10-18,Deep,21.210566850422744,22,8.520064604855639,22
SA,2023-11-14,Surface,22.89817489598571,10,8.148195976095923,10
SA,2023-11-14,Mid-Depth,22.7849497672902,10,7.42052275414774,10
SA,2023-11-14,Lower Photic,22.64763868728762,10,7.271787700404606,10
SA,2023-11-14,Deep,21.364073189646643,22,6.72316821273082,22
SA,2023-12-05,Surface,22.41830809054872,10,8.285028243577896,10
SA,2023-12-05,Mid-Depth,22.409414662221213,10,8.05432393875876,10
SA,2023-12-05,Lower Photic,22.3964662927465,10,7.865226781201402,10
SA,2023-12-05,Deep,21.52855896312328,22,7.54433030858441,22
WG,2014-02-14,Surface,21.0925,10,9.0625,10
WG,2014-02-14,Mid-Depth,20.53114285714286,10,9.093714285714286,10
WG,2014-02-14,Lower Photic,20.49678571428571,10,9.018928571428573,10
WG,2014-02-14,Deep,20.385451515278223,45,8.677467791543306,45
WG,2014-02-19,Surface,20.7,10,9.455000000000002,10
WG,2014-02-19,Mid-Depth,20.695,10,9.378,10
WG,2014-02-19,Lower Photic,20.54475,10,9.16,10
WG,2014-02-19,Deep,20.386923459901304,45,8.800041909407057,45
WG,2014-03-26,Surface,22.39,10,8.667,10
WG,2014-03-26,Mid-Depth,22.160000000000004,10,8.680000000000001,10
WG,2014-03-26,Lower Photic,21.21,10,8.513500000000002,10
WG,2014-03-26,Deep,20.46064777955452,45,8.157616755572622,45
WG,2014-04-23,Surface,22.37842684241384,10,8.745271018062347,10
WG,2014-04-23,Mid-Depth,22.245,10,8.668,10
WG,2014-04-23,Lower Photic,22.06,10,8.655000000000001,10
WG,2014-04-23,Deep,20.55157659040656,45,8.142455914184891,45
WG,2014-04-27,Surface,22.720068279303987,10,8.709965250473754,10
WG,2014-04-27,Mid-Depth,22.615,10,8.697,10
WG,2014-04-27,Lower Photic,21.985,10,8.607000000000001,10
WG,2014-04-27,Deep,20.55356467286104,45,8.116161727022993,45
WG,2014-06-25,Surface,23.677,10,9.021000000000004,10
WG,2014-06-25,Mid-Depth,23.541,10,9.408,10
WG,2014-06-25,Lower Photic,22.855,10,9.044,10
WG,2014-06-25,Deep,20.646584343974386,45,8.192870040888225,45
WG,2014-07-23,Surface,23.242,10,8.516,10
WG,2014-07-23,Mid-Depth,23.255000000000003,10,8.885,10
WG,2014-07-23,Lower Photic,23.135,10,9.011,10
WG,2014-07-23,Deep,20.727665051697905,45,7.875704868617739,45
WG,2014-08-13,Surface,23.385,10,9.010000000000002,10
WG,2014-08-13,Mid-Depth,23.197,10,9.010000000000002,10
WG,2014-08-13,Lower Photic,22.877,10,9.010000000000002,10
WG,2014-08-13,Deep,20.800260386416195,45,8.902087058149116,45
WG,2014-09-09,Surface,23.437,10,10.039200000000005,10
WG,2014-09-09,Mid-Depth,23.382,10,7.122800000000001,10
WG,2014-09-09,Lower Photic,23.177,10,10.57,10
WG,2014-09-09,Deep,20.797278106812985,45,7.529936933692044,45
WG,2014-09-25,Surface,23.57,10,8.281307692307692,10
WG,2014-09-25,Mid-Depth,23.416,10,8.491153846153846,10
WG,2014-09-25,Lower Photic,23.129,10,8.689538461538461,10
WG,2014-09-25,Deep,20.831864766622623,45,7.694318509403456,45
WG,2014-10-08,Surface,23.695,10,11.499,10
WG,2014-10-08,Mid-Depth,23.626,10,9.955,10
WG,2014-10-08,Lower Photic,23.095,10,8.588000000000001,10
WG,2014-10-08,Deep,20.859253915239066,45,7.325526672543575,45
WG,2014-11-12,Surface,22.408,10,9.724,10
WG,2014-11-12,Mid-Depth,22.394,10,10.7235,10
WG,2014-11-12,Lower Photic,22.319,10,11.148,10
WG,2014-11-12,Deep,20.88588826848705,45,9.737148636665545,45
WG,2014-12-09,Surface,21.078,10,8.644000000000002,10
WG,2014-12-09,Mid-Depth,21.081,10,8.669999999999998,10
WG,2014-12-09,Lower Photic,21.081,10,8.652000000000001,10
WG,2014-12-09,Deep,20.70073574346136,45,8.14753162178453,45
WG,2015-01-14,Surface,20.418,10,8.416,10
WG,2015-01-14,Mid-Depth,20.420000000000005,10,8.35,10
WG,2015-01-14,Lower Photic,20.419000000000004,10,8.384,10
WG,2015-01-14,Deep,20.39370549971461,45,8.157648109577776,45
WG,2015-02-11,Surface,20.708,10,8.443000000000001,10
WG,2015-02-11,Mid-Depth,20.678,10,8.389,10
WG,2015-02-11,Lower Photic,20.449,10,8.224,10
WG,2015-02-11,Deep,20.3200354422918,45,7.992262296702722,45
WG,2015-03-11,Surface,20.869,10,8.743999999999998,10
WG,2015-03-11,Mid-Depth,20.833,10,8.719000000000001,10
WG,2015-03-11,Lower Photic,20.547000000000004,10,8.611,10
WG,2015-03-11,Deep,20.328823322750207,45,8.356454300423463,45
WG,2015-04-14,Surface,22.204,10,8.741,10
WG,2015-04-14,Mid-Depth,21.905,10,8.715,10
WG,2015-04-14,Lower Photic,21.214,10,8.599,10
WG,2015-04-14,Deep,20.41555889139692,45,8.231232220881397,45
WG,2015-05-05,Surface,23.315,10,8.746,10
WG,2015-05-05,Mid-Depth,23.281,10,8.693000000000001,10
WG,2015-05-05,Lower Photic,21.69,10,8.535,10
WG,2015-05-05,Deep,20.40734929105715,45,8.159231610244767,45
WG,2015-06-09,Surface,24.026,10,8.969999999999999,10
WG,2015-06-09,Mid-Depth,23.943,10,8.943999999999999,10
WG,2015-06-09,Lower Photic,22.25,10,8.74,10
WG,2015-06-09,Deep,20.548126686833488,45,8.25130657389047,45
WG,2015-07-15,Surface,23.028,10,8.762,10
WG,2015-07-15,Mid-Depth,22.979000000000003,10,8.721,10
WG,2015-07-15,Lower Photic,22.751,10,8.663,10
WG,2015-07-15,Deep,20.585092881632324,45,8.011275892989927,45
WG,2015-08-11,Surface,23.893,10,8.914,10
WG,2015-08-11,Mid-Depth,23.568,10,8.861999999999998,10
WG,2015-08-11,Lower Photic,22.925,10,8.734,10
WG,2015-08-11,Deep,20.631675356735222,45,8.065812444586166,45
WG,2015-09-09,Surface,23.821,10,8.883,10
WG,2015-09-09,Mid-Depth,23.777,10,8.708,10
WG,2015-09-09,Lower Photic,23.343,10,8.674,10
WG,2015-09-09,Deep,20.733739045137806,45,8.124810078224709,45
WG,2015-10-07,Surface,23.940000000000005,10,8.031,10
WG,2015-10-07,Mid-Depth,23.913,10,8.064,10
WG,2015-10-07,Lower Photic,23.531,10,8.134,10
WG,2015-10-07,Deep,20.69948825364345,45,7.752111364558914,45
WG,2015-11-12,Surface,23.52,10,8.979,10
WG,2015-11-12,Mid-Depth,23.5,10,8.963000000000001,10
WG,2015-11-12,Lower Photic,23.35,10,8.851999999999999,10
WG,2015-11-12,Deep,21.25009919144707,45,7.9835309123545235,45
WG,2015-12-08,Surface,22.007,10,8.649000000000001,10
WG,2015-12-08,Mid-Depth,22.003000000000004,10,8.61,10
WG,2015-12-08,Lower Photic,22.0,10,8.593,10
WG,2015-12-08,Deep,20.86639391022003,45,8.177683673559653,45
WG,2016-01-20,Surface,21.562,10,7.892,10
WG,2016-01-20,Mid-Depth,21.57,10,7.796000000000001,10
WG,2016-01-20,Lower Photic,21.568,10,7.763,10
WG,2016-01-20,Deep,20.85181776769048,45,7.568505769839381,45
WG,2016-02-17,Surface,21.022,10,8.695000000000002,10
WG,2016-02-17,Mid-Depth,20.895,10,8.651,10
WG,2016-02-17,Lower Photic,20.81,10,8.602,10
WG,2016-02-17,Deep,20.55390852686228,45,8.260602891958476,45
WG,2016-03-01,Surface,20.904,10,8.654,10
WG,2016-03-01,Mid-Depth,20.893,10,8.646,10
WG,2016-03-01,Lower Photic,20.808,10,8.597,10
WG,2016-03-01,Deep,20.516244618647704,45,8.310761638505076,45
WG,2016-03-09,Surface,21.564,10,8.619,10
WG,2016-03-09,Mid-Depth,21.328,10,8.573,10
WG,2016-03-09,Lower Photic,20.770000000000003,10,8.419,10
WG,2016-03-09,Deep,20.521270520103617,45,8.220242137916525,45
WG,2016-04-13,Surface,22.911,10,8.483,10
WG,2016-04-13,Mid-Depth,22.320000000000004,10,8.293999999999999,10
WG,2016-04-13,Lower Photic,21.598000000000003,10,8.255,10
WG,2016-04-13,Deep,20.548304927263395,45,8.061189242202824,45
WG,2016-05-18,Surface,24.011000000000003,10,8.836000000000002,10
WG,2016-05-18,Mid-Depth,23.713,10,8.791000000000002,10
WG,2016-05-18,Lower Photic,21.89,10,8.478,10
WG,2016-05-18,Deep,20.86343411741682,45,8.147096324798715,45
WG,2016-06-15,Surface,24.142,10,8.658,10
WG,2016-06-15,Mid-Depth,24.129,10,8.628000000000002,10
WG,2016-06-15,Lower Photic,22.161,10,8.293999999999999,10
WG,2016-06-15,Deep,20.657319960424218,45,7.811958341833282,45
WG,2016-07-13,Surface,23.598,10,8.739,10
WG,2016-07-13,Mid-Depth,23.592,10,8.734,10
WG,2016-07-13,Lower Photic,22.776,10,8.542000000000002,10
WG,2016-07-13,Deep,20.66531290406377,45,8.063826394843245,45
WG,2016-08-10,Surface,23.807,10,8.600999999999999,10
WG,2016-08-10,Mid-Depth,23.477,10,8.572,10
WG,2016-08-10,Lower Photic,23.065,10,8.516,10
WG,2016-08-10,Deep,20.6546131223021,45,7.913930807605811,45
WG,2016-09-07,Surface,23.864,10,9.952,10
WG,2016-09-07,Mid-Depth,23.788,10,9.898,10
WG,2016-09-07,Lower Photic,23.341,10,9.791,10
WG,2016-09-07,Deep,20.7476311339916,45,9.09770137427094,45
WG,2016-10-12,Surface,23.35,10,9.041,10
WG,2016-10-12,Mid-Depth,23.35,10,9.063,10
WG,2016-10-12,Lower Photic,23.33,10,8.992,10
WG,2016-10-12,Deep,20.77459180787249,45,8.220489860624285,45
WG,2016-11-09,Surface,22.654,10,9.072,10
WG,2016-11-09,Mid-Depth,22.66,10,9.029,10
WG,2016-11-09,Lower Photic,22.658,10,8.997,10
WG,2016-11-09,Deep,20.991332353532165,45,8.380105350138287,45
WG,2016-12-05,Surface,21.957,10,8.457000000000003,10
WG,2016-12-05,Mid-Depth,21.893,10,8.441999999999998,10
WG,2016-12-05,Lower Photic,21.741000000000003,10,8.413,10
WG,2016-12-05,Deep,20.867670588539912,45,7.980349693056208,45
WG,2017-02-08,Surface,20.573999999999995,10,8.314999999999998,10
WG,2017-02-08,Mid-Depth,20.579999999999995,10,8.302000000000001,10
WG,2017-02-08,Lower Photic,20.543,10,8.284,10
WG,2017-02-08,Deep,20.378412483492628,45,8.053009625070993,45
WG,2017-03-14,Surface,21.221,10,8.35,10
WG,2017-03-14,Mid-Depth,20.728,10,8.325,10
WG,2017-03-14,Lower Photic,20.58300000000001,10,8.298999999999998,10
WG,2017-03-14,Deep,20.39916836043616,45,8.078964703731744,45
WG,2017-04-19,Surface,21.732000000000003,10,8.294,10
WG,2017-04-19,Mid-Depth,21.722,10,8.244,10
WG,2017-04-19,Lower Photic,21.28,10,8.159,10
WG,2017-04-19,Deep,20.43190367746892,45,7.89693530256533,45
WG,2017-05-17,Surface,23.344,10,7.968999999999999,10
WG,2017-05-17,Mid-Depth,23.089,10,8.081,10
WG,2017-05-17,Lower Photic,21.799,10,7.923999999999999,10
WG,2017-05-17,Deep,20.515759090701643,45,7.68082684043758,45
WG,2017-06-21,Surface,23.293,10,8.328999999999999,10
WG,2017-06-21,Mid-Depth,23.281,10,8.39,10
WG,2017-06-21,Lower Photic,22.252,10,8.147,10
WG,2017-06-21,Deep,20.55363019677576,45,7.848329602060212,45
WG,2017-07-12,Surface,23.679,10,8.427000000000001,10
WG,2017-07-12,Mid-Depth,23.230000000000004,10,8.402,10
WG,2017-07-12,Lower Photic,21.956,10,8.136,10
WG,2017-07-12,Deep,20.475992413497654,45,7.866394437734537,45
WG,2017-08-09,Surface,23.582,10,9.272000000000002,10
WG,2017-08-09,Mid-Depth,23.544,10,9.205000000000002,10
WG,2017-08-09,Lower Photic,22.648000000000003,10,8.992,10
WG,2017-08-09,Deep,20.614991379013915,45,8.413576564329915,45
WG,2017-09-13,Surface,23.941,10,10.289,10
WG,2017-09-13,Mid-Depth,23.791000000000004,10,10.132,10
WG,2017-09-13,Lower Photic,22.106,10,9.663,10
WG,2017-09-13,Deep,20.64096937762638,45,9.28731302409603,45
WG,2017-10-13,Surface,23.402,10,9.133,10
WG,2017-10-13,Mid-Depth,23.346,10,9.152,10
WG,2017-10-13,Lower Photic,23.118,10,9.033,10
WG,2017-10-13,Deep,20.68150366509782,45,8.155194510341406,45
WG,2017-11-08,Surface,22.931,10,8.958,10
WG,2017-11-08,Mid-Depth,22.934000000000005,10,8.953000000000001,10
WG,2017-11-08,Lower Photic,22.892,10,8.925999999999998,10
WG,2017-11-08,Deep,20.74151295007791,45,8.0462427383848,45
WG,2017-12-14,Surface,25.165,10,8.639999999999999,10
WG,2017-12-14,Mid-Depth,25.263,10,8.622,10
WG,2017-12-14,Lower Photic,25.217,10,8.589,10
WG,2017-12-14,Deep,24.101474020553905,45,7.932260555594031,45
WG,2018-01-11,Surface,20.50254019936034,10,9.188646601515742,10
WG,2018-01-11,Mid-Depth,20.504818759554247,10,9.193047125651088,10
WG,2018-01-11,Lower Photic,20.50465872880245,10,9.191600206827491,10
WG,2018-01-11,Deep,20.43296965444189,45,8.871241657853346,45
WG,2018-02-07,Surface,20.28661874880616,10,8.806040040315121,10
WG,2018-02-07,Mid-Depth,20.28765811019393,10,8.80870402539904,10
WG,2018-02-07,Lower Photic,20.28665848666561,10,8.805254868852725,10
WG,2018-02-07,Deep,20.268329160062983,45,8.700043258922967,45
WG,2018-02-28,Surface,20.72675696884076,10,8.911778057932503,10
WG,2018-02-28,Mid-Depth,20.60376841660206,10,8.822559694201512,10
WG,2018-02-28,Lower Photic,20.33008088691096,10,8.688189376355597,10
WG,2018-02-28,Deep,20.25406271636788,45,8.565487871540979,45
WG,2018-03-15,Surface,20.93175281930091,10,8.964204625164797,10
WG,2018-03-15,Mid-Depth,20.85663568912817,10,8.913084795984542,10
WG,2018-03-15,Lower Photic,20.469731866080885,10,8.68354576993531,10
WG,2018-03-15,Deep,20.27582922368289,45,8.532455027344055,45
WG,2018-04-12,Surface,21.741219438026043,10,8.812434306790236,10
WG,2018-04-12,Mid-Depth,21.44059728205266,10,8.744980623013436,10
WG,2018-04-12,Lower Photic,20.73680172765109,10,8.50623490160192,10
WG,2018-04-12,Deep,20.29534188816889,45,8.288790874716044,45
WG,2018-05-16,Surface,22.92111457327196,10,8.834800176722519,10
WG,2018-05-16,Mid-Depth,22.57123302400964,10,8.755889609679269,10
WG,2018-05-16,Lower Photic,21.194329930567147,10,8.405504658526501,10
WG,2018-05-16,Deep,20.34019488499996,45,8.14879072113943,45
WG,2018-06-13,Surface,23.58063616343097,10,8.894922060266014,10
WG,2018-06-13,Mid-Depth,23.186742343956347,10,8.80778260868384,10
WG,2018-06-13,Lower Photic,21.46602433444124,10,8.39188942455836,10
WG,2018-06-13,Deep,20.397576265715088,45,8.126708082971017,45
WG,2018-07-18,Surface,22.38932945812005,10,8.787404465083487,10
WG,2018-07-18,Mid-Depth,22.39276811095322,10,8.781321852197678,10
WG,2018-07-18,Lower Photic,21.929362049483338,10,8.598498818166897,10
WG,2018-07-18,Deep,20.398134801154768,45,8.103488685329587,45
WG,2018-08-16,Surface,23.3568156965777,10,8.931597092936489,10
WG,2018-08-16,Mid-Depth,23.1650871912624,10,8.854244274579527,10
WG,2018-08-16,Lower Photic,22.50972301095203,10,8.741006905752704,10
WG,2018-08-16,Deep,20.58341089202617,45,8.110182417452526,45
WG,2018-09-12,Surface,23.830470569214363,10,8.872369894426654,10
WG,2018-09-12,Mid-Depth,23.65538617092249,10,8.860706455389023,10
WG,2018-09-12,Lower Photic,22.633293977358257,10,8.647430481846197,10
WG,2018-09-12,Deep,20.47286457902727,45,8.105604492324328,45
WG,2018-09-24,Surface,23.85313504047441,10,9.138806955172909,10
WG,2018-09-24,Mid-Depth,23.71903665096578,10,9.008427667065387,10
WG,2018-09-24,Lower Photic,22.94217542807638,10,8.759699353237163,10
WG,2018-09-24,Deep,20.62646118339382,45,8.146839849152448,45
WG,2018-10-10,Surface,23.02549204861018,10,9.0904325552463,10
WG,2018-10-10,Mid-Depth,23.03362353882774,10,9.00766368358028,10
WG,2018-10-10,Lower Photic,22.99035174933568,10,8.954491502335165,10
WG,2018-10-10,Deep,20.666799208071456,45,8.124675893387725,45
WG,2018-11-14,Surface,22.82577535180112,10,8.985271202143707,10
WG,2018-11-14,Mid-Depth,22.72278104332662,10,8.937426442363133,10
WG,2018-11-14,Lower Photic,22.59035971026043,10,8.845156362447568,10
WG,2018-11-14,Deep,20.73229857381504,45,7.9697223672735795,45
WG,2018-12-12,Surface,21.595873508884928,10,8.303065721334471,10
WG,2018-12-12,Mid-Depth,21.60805269451639,10,8.520287914546937,10
WG,2018-12-12,Lower Photic,21.60981186166937,10,8.6412025873534,10
WG,2018-12-12,Deep,20.82025208602122,45,8.106570512013265,45
WG,2019-02-12,Surface,20.6648197494572,10,8.571286853710538,10
WG,2019-02-12,Mid-Depth,20.57600170435297,10,8.300986867478812,10
WG,2019-02-12,Lower Photic,20.55493987314021,10,8.209760356480901,10
WG,2019-02-12,Deep,20.40386392619124,45,7.853021008925985,45
WG,2019-03-12,Surface,21.48788778287119,10,8.902478246741978,10
WG,2019-03-12,Mid-Depth,21.09021063704976,10,8.779690753113332,10
WG,2019-03-12,Lower Photic,20.88024409187492,10,8.665521318729677,10
WG,2019-03-12,Deep,20.430704843299072,45,8.1574787165582,45
WG,2019-04-09,Surface,22.11172467388945,10,8.798153417690846,10
WG,2019-04-09,Mid-Depth,21.53079336229225,10,8.461292977982193,10
WG,2019-04-09,Lower Photic,21.09763815499557,10,8.159625404180641,10
WG,2019-04-09,Deep,20.497100016520072,45,7.659893567162646,45
WG,2019-05-14,Surface,23.7159759008314,10,8.84497714797563,10
WG,2019-05-14,Mid-Depth,23.05813025414588,10,8.741453591997784,10
WG,2019-05-14,Lower Photic,21.50459209730461,10,8.491738404416168,10
WG,2019-05-14,Deep,20.510243279876747,45,8.071818091695446,45
WG,2019-06-12,Surface,23.896194270596528,10,8.917858428373615,10
WG,2019-06-12,Mid-Depth,23.62376786736806,10,8.83936611398773,10
WG,2019-06-12,Lower Photic,21.63439518829778,10,8.49752288097419,10
WG,2019-06-12,Deep,20.564805072132515,45,8.064815546006901,45
WG,2019-07-12,Surface,23.423865509862843,10,8.842034298712592,10
WG,2019-07-12,Mid-Depth,23.4363732449368,10,8.803504188748766,10
WG,2019-07-12,Lower Photic,22.25499475928802,10,8.568627280909777,10
WG,2019-07-12,Deep,20.567886151402817,45,7.672046195157359,45
WG,2019-08-13,Surface,23.73191733349412,10,8.802644649377635,10
WG,2019-08-13,Mid-Depth,23.685560191062617,10,8.692933606072902,10
WG,2019-08-13,Lower Photic,22.52034574289154,10,8.282729977214085,10
WG,2019-08-13,Deep,20.591689788860563,45,7.589112480457663,45
WG,2019-09-10,Surface,23.88658508405673,10,8.933486518842503,10
WG,2019-09-10,Mid-Depth,23.870456532341272,10,8.89230502750489,10
WG,2019-09-10,Lower Photic,23.157482090752573,10,8.722138085666506,10
WG,2019-09-10,Deep,20.607860252369463,45,7.880054827515336,45
WG,2020-01-23,Surface,20.8715127407328,10,7.504081051502486,10
WG,2020-01-23,Mid-Depth,20.87145667216466,10,7.245847279939471,10
WG,2020-01-23,Lower Photic,20.86813234674529,10,6.681804997894273,10
WG,2020-01-23,Deep,20.58815171087592,45,6.037252695327413,45
WG,2020-02-11,Surface,21.62144029067217,10,8.677658552477151,10
WG,2020-02-11,Mid-Depth,21.5242931645574,10,8.529047027373851,10
WG,2020-02-11,Lower Photic,21.02663962478009,10,8.154180453383793,10
WG,2020-02-11,Deep,20.58189870904361,45,7.53375652024598,45
WG,2020-03-10,Surface,20.95525799600408,10,8.60301409535794,10
WG,2020-03-10,Mid-Depth,20.95902191892576,10,8.573959834267024,10
WG,2020-03-10,Lower Photic,20.963317779686104,10,8.519452670754657,10
WG,2020-03-10,Deep,20.63866571594418,45,7.896631143798432,45
WG,2020-04-14,Surface,23.30386970336312,10,8.810272733010722,10
WG,2020-04-14,Mid-Depth,22.54298044658733,10,8.524301122848332,10
WG,2020-04-14,Lower Photic,21.202791715776023,10,8.14024497401221,10
WG,2020-04-14,Deep,20.62990515883056,45,7.6762557188305856,45
WG,2020-05-12,Surface,23.764931666924006,10,8.8124337934006,10
WG,2020-05-12,Mid-Depth,23.468962057848053,10,8.744103947630611,10
WG,2020-05-12,Lower Photic,21.45914153148399,10,8.038677416258512,10
WG,2020-05-12,Deep,20.644551980837647,45,7.353824916416557,45
WG,2020-06-09,Surface,23.5288257048878,10,8.757032901888799,10
WG,2020-06-09,Mid-Depth,23.27636849427758,10,8.701417776233553,10
WG,2020-06-09,Lower Photic,21.88981516632773,10,8.066790301588194,10
WG,2020-06-09,Deep,20.63814354330908,45,7.46653127126974,45
WG,2020-07-14,Surface,23.86359254249907,10,8.545085855216316,10
WG,2020-07-14,Mid-Depth,23.67088189335634,10,8.212723151675192,10
WG,2020-07-14,Lower Photic,22.20119831285778,10,7.685825209968283,10
WG,2020-07-14,Deep,20.661876665009903,45,7.233813517754665,45
WG,2020-08-11,Surface,24.05082664084537,10,8.566773074663923,10
WG,2020-08-11,Mid-Depth,24.00160835670283,10,8.249866307066606,10
WG,2020-08-11,Lower Photic,22.64212166125636,10,7.796410817047748,10
WG,2020-08-11,Deep,20.66418788070221,45,6.956110969710344,45
WG,2020-09-08,Surface,23.72666569577573,10,7.714140819645541,10
WG,2020-09-08,Mid-Depth,23.72863278292303,10,8.163620243498894,10
WG,2020-09-08,Lower Photic,22.85365072463052,10,8.186307825278222,10
WG,2020-09-08,Deep,20.67945338331577,45,7.685453442940325,45
WG,2020-10-13,Surface,23.86313073239155,10,8.781402452356733,10
WG,2020-10-13,Mid-Depth,23.86500163154724,10,8.407395839609755,10
WG,2020-10-13,Lower Photic,23.10193919106639,10,7.961944237099165,10
WG,2020-10-13,Deep,20.734814612879592,45,7.053964029075459,45
WG,2020-11-10,Surface,22.89514043926344,10,8.70231031477591,10
WG,2020-11-10,Mid-Depth,22.831282049260743,10,8.295228433579396,10
WG,2020-11-10,Lower Photic,22.697653714763668,10,7.907306151917351,10
WG,2020-11-10,Deep,20.788130689754823,45,6.902107334685049,45
WG,2020-12-08,Surface,21.97079506411464,10,8.715629423090268,10
WG,2020-12-08,Mid-Depth,21.97231674017445,10,8.381011983755988,10
WG,2020-12-08,Lower Photic,21.97299823706265,10,8.083289881933986,10
WG,2020-12-08,Deep,20.873282538789145,45,7.377054459419278,45
WG,2021-01-19,Surface,21.26166460948445,10,6.997165560776551,10
WG,2021-01-19,Mid-Depth,21.259671248373586,10,7.023097365873913,10
WG,2021-01-19,Lower Photic,21.25540664466981,10,7.06333559283302,10
WG,2021-01-19,Deep,20.76386353818785,45,6.997511141617319,45
WG,2021-02-16,Surface,21.49196274764358,10,8.801249428853644,10
WG,2021-02-16,Mid-Depth,21.16748453119388,10,8.514308272782097,10
WG,2021-02-16,Lower Photic,20.92876382143629,10,8.194097962312876,10
WG,2021-02-16,Deep,20.605722668986893,45,7.707691148704315,45
WG,2021-03-16,Surface,21.408138900037947,10,8.680584282638547,10
WG,2021-03-16,Mid-Depth,21.1403495801895,10,8.625507817582053,10
WG,2021-03-16,Lower Photic,20.95503247005284,10,8.584391392089097,10
WG,2021-03-16,Deep,20.628568296328886,45,7.994843053021222,45
WG,2021-04-13,Surface,22.15604263215267,10,8.673562904738992,10
WG,2021-04-13,Mid-Depth,21.423854843478445,10,8.629722610042215,10
WG,2021-04-13,Lower Photic,21.03885930216673,10,8.552487291354534,10
WG,2021-04-13,Deep,20.65444713740663,45,8.072853504609823,45
WG,2021-05-11,Surface,22.94321421760512,10,8.746356567651521,10
WG,2021-05-11,Mid-Depth,22.24288594530537,10,8.717519427792519,10
WG,2021-05-11,Lower Photic,21.19402355304762,10,8.633565278346717,10
WG,2021-05-11,Deep,20.66863491329225,45,8.088918292883308,45
WG,2021-06-08,Surface,24.346388326734257,10,8.825553189791135,10
WG,2021-06-08,Mid-Depth,23.37652310140451,10,8.363169561028341,10
WG,2021-06-08,Lower Photic,21.3469470204221,10,7.789507138322492,10
WG,2021-06-08,Deep,20.67443237635561,45,6.95256784856814,45
WG,2021-07-13,Surface,23.64384583404123,10,8.739777877553797,10
WG,2021-07-13,Mid-Depth,23.45569941167604,10,8.468571358014142,10
WG,2021-07-13,Lower Photic,21.50681511386549,10,7.772596391364109,10
WG,2021-07-13,Deep,20.679544901325503,45,7.237512983268808,45
WG,2021-08-10,Surface,23.56599855577727,10,8.690364522263575,10
WG,2021-08-10,Mid-Depth,23.535307074654988,10,7.987918417935395,10
WG,2021-08-10,Lower Photic,22.0640686314642,10,7.423299336426488,10
WG,2021-08-10,Deep,20.69083526693801,45,6.517413550243439,45
WG,2021-09-07,Surface,23.67404799308376,10,8.196666626045474,10
WG,2021-09-07,Mid-Depth,23.6424528036408,10,8.421998204950949,10
WG,2021-09-07,Lower Photic,22.76170024488624,10,8.07756336471791,10
WG,2021-09-07,Deep,20.723776129482093,45,7.28514096770922,45
WG,2021-10-12,Surface,23.86666560357757,10,8.863202158817804,10
WG,2021-10-12,Mid-Depth,23.85669179258312,10,8.778721303344213,10
WG,2021-10-12,Lower Photic,23.04268603878825,10,8.275466167895365,10
WG,2021-10-12,Deep,20.73151775285949,45,7.125212286798258,45
WG,2021-11-09,Surface,23.12010424938336,10,8.607801536250866,10
WG,2021-11-09,Mid-Depth,23.12589750454297,10,8.48177146773552,10
WG,2021-11-09,Lower Photic,22.928003424787462,10,8.059082955148689,10
WG,2021-11-09,Deep,20.8162737882368,45,7.3725106252634305,45
WG,2021-12-07,Surface,21.70790354099384,10,8.115892792607697,10
WG,2021-12-07,Mid-Depth,21.705731581671703,10,8.309365851709847,10
WG,2021-12-07,Lower Photic,21.69769566781067,10,8.401130661935873,10
WG,2021-12-07,Deep,20.88575907083909,45,7.983097128270661,45
WG,2022-01-18,Surface,21.07453471350397,10,8.623081658630095,10
WG,2022-01-18,Mid-Depth,21.072927972667888,10,8.500517431705495,10
WG,2022-01-18,Lower Photic,21.06849132698768,10,8.300547438249717,10
WG,2022-01-18,Deep,20.69917026756331,45,7.695488342850644,45
WG,2022-02-08,Surface,20.89766157260516,10,8.391703695155822,10
WG,2022-02-08,Mid-Depth,20.9022882064072,10,8.260942547438685,10
WG,2022-02-08,Lower Photic,20.904288259452382,10,7.991709997366965,10
WG,2022-02-08,Deep,20.64274947210781,45,7.44706938617789,45
WG,2022-03-08,Surface,21.17413326691836,10,7.1986536395446326,10
WG,2022-03-08,Mid-Depth,20.885228937760573,10,7.184970355853496,10
WG,2022-03-08,Lower Photic,20.64440116059964,10,7.208526638952037,10
WG,2022-03-08,Deep,20.4766756750085,45,6.879807337218124,45
WG,2022-04-05,Surface,22.39372774446548,10,8.656088695601358,10
WG,2022-04-05,Mid-Depth,21.90553897870628,10,8.210337938033438,10
WG,2022-04-05,Lower Photic,21.19788413430036,10,7.911610058636538,10
WG,2022-04-05,Deep,20.597871274952595,45,7.365040690577305,45
WG,2022-05-10,Surface,23.81797645405339,10,8.71959278048529,10
WG,2022-05-10,Mid-Depth,23.380417686843607,10,8.342893220772613,10
WG,2022-05-10,Lower Photic,21.57515729339436,10,7.929264915530983,10
WG,2022-05-10,Deep,20.623378416627485,45,7.266301494561045,45
WG,2022-06-14,Surface,23.19544964262516,10,8.827581182242609,10
WG,2022-06-14,Mid-Depth,23.208821379084988,10,8.49039983109451,10
WG,2022-06-14,Lower Photic,22.15342492546678,10,8.06280806522032,10
WG,2022-06-14,Deep,20.621746643898184,45,7.203650169421597,45
WG,2022-07-12,Surface,23.23836849855636,10,8.740346535250195,10
WG,2022-07-12,Mid-Depth,23.196234721738684,10,8.517802182735585,10
WG,2022-07-12,Lower Photic,22.34871715037267,10,8.165926580822862,10
WG,2022-07-12,Deep,20.659107772208905,45,7.16631435623558,45
WG,2022-08-09,Surface,22.97930542983302,10,8.740958363619107,10
WG,2022-08-09,Mid-Depth,22.97901980105248,10,8.45855868169286,10
WG,2022-08-09,Lower Photic,22.537957699691145,10,7.980266685624679,10
WG,2022-08-09,Deep,20.655145760220588,45,6.9659555530442265,45
WG,2022-09-06,Surface,23.848185020639672,10,8.537675544295027,10
WG,2022-09-06,Mid-Depth,23.59172025226024,10,8.366625426167506,10
WG,2022-09-06,Lower Photic,22.84054628134117,10,7.925655806855372,10
WG,2022-09-06,Deep,20.71038174278795,45,6.954056609630209,45
WG,2022-10-18,Surface,23.149471259312,10,8.85473280522365,10
WG,2022-10-18,Mid-Depth,23.10881056173056,10,8.748367715445616,10
WG,2022-10-18,Lower Photic,22.79593779532329,10,8.398946736700506,10
WG,2022-10-18,Deep,20.75667723795907,45,7.216008060511581,45
WG,2022-11-08,Surface,23.137659347807947,10,8.19861374790744,10
WG,2022-11-08,Mid-Depth,23.10930718821313,10,8.357656131808561,10
WG,2022-11-08,Lower Photic,22.9109951721017,10,8.29436370285861,10
WG,2022-11-08,Deep,20.77707357171192,45,7.505827486304276,45
WG,2022-12-06,Surface,21.73569819817535,10,8.398409873892513,10
WG,2022-12-06,Mid-Depth,21.7440733546971,10,8.289093801489392,10
WG,2022-12-06,Lower Photic,21.742548009152465,10,8.02110585439318,10
WG,2022-12-06,Deep,20.93766457515671,45,7.192662004620691,45
WG,2023-01-17,Surface,20.99394838414328,10,8.477310471684161,10
WG,2023-01-17,Mid-Depth,21.001556870661048,10,8.25348453561931,10
WG,2023-01-17,Lower Photic,20.97586294406288,10,8.044298667044782,10
WG,2023-01-17,Deep,20.65266571246744,45,7.126083309395447,45
WG,2023-02-14,Surface,20.68506813242942,10,7.940843013756075,10
WG,2023-02-14,Mid-Depth,20.68484479950747,10,7.6756751317400305,10
WG,2023-02-14,Lower Photic,20.65669576680004,10,7.349327423513567,10
WG,2023-02-14,Deep,20.53698834073008,45,6.5249356769806015,45
WG,2023-03-14,Surface,21.680289721,10,8.5623170498,10
WG,2023-03-14,Mid-Depth,21.428955057,10,8.1688882982,10
WG,2023-03-14,Lower Photic,20.768000625,10,7.6114156353,10
WG,2023-03-14,Deep,20.51439655012381,45,6.909962220031745,45
WG,2023-04-11,Surface,22.20287535275284,10,8.733216583034089,10
WG,2023-04-11,Mid-Depth,22.20223245510116,10,8.370223012371095,10
WG,2023-04-11,Lower Photic,21.44133599370464,10,7.905931835078168,10
WG,2023-04-11,Deep,20.552258485421337,45,7.231854310134958,45
WG,2023-05-09,Surface,23.53277389795064,10,8.314704991407893,10
WG,2023-05-09,Mid-Depth,23.38643000916425,10,7.981458922775817,10
WG,2023-05-09,Lower Photic,21.79851709558028,10,7.573227584378943,10
WG,2023-05-09,Deep,20.563203765936468,45,6.542717019655792,45
WG,2023-06-13,Surface,24.662187705101303,10,8.627845232820892,10
WG,2023-06-13,Mid-Depth,24.45609847191324,10,8.656082157678362,10
WG,2023-06-13,Lower Photic,22.30218891645024,10,8.359110382202845,10
WG,2023-06-13,Deep,20.606345142456256,45,7.305530793818577,45
WG,2023-07-18,Surface,24.00403711135161,10,8.517386237579199,10
WG,2023-07-18,Mid-Depth,24.02036642623318,10,8.463744779329735,10
WG,2023-07-18,Lower Photic,23.042115273372296,10,8.112662221838209,10
WG,2023-07-18,Deep,20.66625243529616,45,6.915529627378728,45
WG,2023-08-16,Surface,24.27790046496804,10,8.464826078296005,10
WG,2023-08-16,Mid-Depth,24.24322023882467,10,8.326758118019132,10
WG,2023-08-16,Lower Photic,23.14881260659314,10,7.84223971389752,10
WG,2023-08-16,Deep,20.685054734587474,45,6.6148653917547,45
WG,2023-09-05,Surface,24.34232993579075,10,8.50477034953144,10
WG,2023-09-05,Mid-Depth,24.31208305958459,10,8.132878302588614,10
WG,2023-09-05,Lower Photic,23.47239551609574,10,7.927354062703438,10
WG,2023-09-05,Deep,20.66604424554727,45,6.694320276885241,45
WG,2023-10-18,Surface,24.28494131434696,10,9.354221576663708,10
WG,2023-10-18,Mid-Depth,24.25192950606664,10,9.634093778512971,10
WG,2023-10-18,Lower Photic,23.756535783174968,10,9.54965185371386,10
WG,2023-10-18,Deep,20.81672168583737,45,8.924481189031017,45
WG,2023-11-14,Surface,22.65865215849052,10,8.421613848181227,10
WG,2023-11-14,Mid-Depth,22.66167667350738,10,8.403934746511464,10
WG,2023-11-14,Lower Photic,22.64538838169514,10,7.6224134940291774,10
WG,2023-11-14,Deep,20.91564527014057,45,6.930293587944912,45
WG,2023-12-05,Surface,22.44864300491028,10,8.664454196651231,10
WG,2023-12-05,Mid-Depth,22.46159031008896,10,8.524819796654207,10
WG,2023-12-05,Lower Photic,22.46699504908942,10,8.223436242749717,10
WG,2023-12-05,Deep,20.951747948101094,45,6.988360546210477,45
WP,2014-02-26,Surface,21.82,10,8.586553146262139,10
WP,2014-02-26,Mid-Depth,20.8,10,8.373181254153582,10
WP,2014-02-26,Lower Photic,20.69,10,8.200243818058953,10
WP,2014-02-26,Deep,20.65474181879689,28,7.858827659275434,28
WP,2014-03-26,Surface,23.16,10,8.556000000000001,10
WP,2014-03-26,Mid-Depth,22.43,10,8.569999999999999,10
WP,2014-03-26,Lower Photic,21.81,10,8.512,10
WP,2014-03-26,Deep,20.948728602559736,28,8.16093792737654,28
WP,2014-04-22,Surface,22.820819755123388,10,8.688804552455554,10
WP,2014-04-22,Mid-Depth,22.117,10,8.686000000000002,10
WP,2014-04-22,Lower Photic,21.929,10,8.652,10
WP,2014-04-22,Deep,20.754674013902616,28,8.236051220089548,28
WP,2014-06-24,Surface,24.111999999999995,10,8.539999999999997,10
WP,2014-06-24,Mid-Depth,23.344999999999995,10,8.864,10
WP,2014-06-24,Lower Photic,22.773,10,8.548,10
WP,2014-06-24,Deep,20.94130878536389,28,7.949897358860165,28
WP,2014-07-23,Surface,23.404,10,8.788,10
WP,2014-07-23,Mid-Depth,23.028,10,9.112,10
WP,2014-07-23,Lower Photic,22.741000000000003,10,9.015,10
WP,2014-07-23,Deep,20.92910966421949,28,8.971459266883013,28
WP,2014-08-12,Surface,23.902000000000005,10,9.010000000000002,10
WP,2014-08-12,Mid-Depth,23.266,10,9.010000000000002,10
WP,2014-08-12,Lower Photic,22.73,10,9.010000000000002,10
WP,2014-08-12,Deep,20.96016837074225,28,8.96284680016358,28
WP,2014-09-08,Surface,23.926,10,7.3195,10
WP,2014-09-08,Mid-Depth,23.277,10,7.075,10
WP,2014-09-08,Lower Photic,22.743,10,8.204,10
WP,2014-09-08,Deep,21.231102632094167,28,7.831138182511858,28
WP,2014-10-07,Surface,24.179,10,9.661,10
WP,2014-10-07,Mid-Depth,23.27,10,9.831,10
WP,2014-10-07,Lower Photic,22.986,10,9.786,10
WP,2014-10-07,Deep,21.22412062092228,28,8.9285773621602,28
WP,2014-11-11,Surface,22.958,10,10.867,10
WP,2014-11-11,Mid-Depth,22.273000000000003,10,11.184,10
WP,2014-11-11,Lower Photic,22.222,10,11.351,10
WP,2014-11-11,Deep,21.401960662327426,28,10.35109082853048,28
WP,2014-12-08,Surface,21.148000000000003,10,8.499,10
WP,2014-12-08,Mid-Depth,21.095,10,8.512,10
WP,2014-12-08,Lower Photic,21.087,10,8.501,10
WP,2014-12-08,Deep,20.775458590872216,28,8.151254709103906,28
WP,2015-01-14,Surface,20.468,10,8.433,10
WP,2015-01-14,Mid-Depth,20.39,10,8.409,10
WP,2015-01-14,Lower Photic,20.39,10,8.401,10
WP,2015-01-14,Deep,20.390099098755165,28,8.37763690751375,28
WP,2015-02-10,Surface,20.578000000000003,10,8.427000000000001,10
WP,2015-02-10,Mid-Depth,20.501,10,8.294,10
WP,2015-02-10,Lower Photic,20.4,10,8.166,10
WP,2015-02-10,Deep,20.34625494187224,28,8.107080434767513,28
WP,2015-03-10,Surface,21.092,10,8.647,10
WP,2015-03-10,Mid-Depth,20.555,10,8.571000000000002,10
WP,2015-03-10,Lower Photic,20.353,10,8.489999999999998,10
WP,2015-03-10,Deep,20.34041464057534,28,8.427080561771378,28
WP,2015-04-14,Surface,22.788,10,8.774,10
WP,2015-04-14,Mid-Depth,22.023000000000003,10,8.77,10
WP,2015-04-14,Lower Photic,21.469,10,8.687,10
WP,2015-04-14,Deep,20.687730124514,28,8.445594174741947,28
WP,2015-05-05,Surface,23.741,10,8.782,10
WP,2015-05-05,Mid-Depth,22.761000000000003,10,8.648,10
WP,2015-05-05,Lower Photic,21.568,10,8.537,10
WP,2015-05-05,Deep,20.5871921486204,28,8.234239781937758,28
WP,2015-06-09,Surface,24.01,10,8.988,10
WP,2015-06-09,Mid-Depth,23.934,10,8.931999999999999,10
WP,2015-06-09,Lower Photic,21.673,10,8.636999999999997,10
WP,2015-06-09,Deep,20.55391666666668,28,8.332374999999999,28
WP,2015-07-14,Surface,23.291000000000004,10,8.692,10
WP,2015-07-14,Mid-Depth,22.752,10,8.655999999999999,10
WP,2015-07-14,Lower Photic,22.503000000000004,10,8.549000000000001,10
WP,2015-07-14,Deep,20.688275087764485,28,8.077233473335033,28
WP,2015-08-10,Surface,24.422,10,8.867,10
WP,2015-08-10,Mid-Depth,23.609,10,8.846,10
WP,2015-08-10,Lower Photic,22.789,10,8.716999999999999,10
WP,2015-08-10,Deep,20.819477764658853,28,8.243498078073154,28
WP,2015-09-09,Surface,24.099,10,9.051,10
WP,2015-09-09,Mid-Depth,23.721,10,8.815,10
WP,2015-09-09,Lower Photic,23.198,10,8.551999999999998,10
WP,2015-09-09,Deep,20.977994204971093,28,8.046731281869803,28
WP,2015-10-06,Surface,24.536,10,8.748999999999999,10
WP,2015-10-06,Mid-Depth,23.736,10,8.363,10
WP,2015-10-06,Lower Photic,23.105,10,8.206999999999997,10
WP,2015-10-06,Deep,21.01324290557008,28,7.914764661150396,28
WP,2015-11-12,Surface,23.48,10,8.969000000000001,10
WP,2015-11-12,Mid-Depth,23.4,10,8.943,10
WP,2015-11-12,Lower Photic,23.21,10,8.716999999999999,10
WP,2015-11-12,Deep,21.74257642076336,28,7.9265594082732544,28
WP,2015-12-08,Surface,22.055,10,8.373000000000001,10
WP,2015-12-08,Mid-Depth,21.993,10,8.381,10
WP,2015-12-08,Lower Photic,21.966,10,8.358999999999998,10
WP,2015-12-08,Deep,21.22329094279192,28,8.092026867320463,28
WP,2016-01-19,Surface,21.597,10,7.775,10
WP,2016-01-19,Mid-Depth,21.505000000000003,10,7.718999999999999,10
WP,2016-01-19,Lower Photic,21.476,10,7.69,10
WP,2016-01-19,Deep,21.13638095819075,28,7.52385861502746,28
WP,2016-02-16,Surface,21.178,10,7.982999999999999,10
WP,2016-02-16,Mid-Depth,20.888,10,7.910000000000001,10
WP,2016-02-16,Lower Photic,20.821,10,7.921000000000001,10
WP,2016-02-16,Deep,20.71841587288776,28,7.893810380521401,28
WP,2016-03-08,Surface,21.840000000000003,10,8.685,10
WP,2016-03-08,Mid-Depth,20.972,10,8.562999999999999,10
WP,2016-03-08,Lower Photic,20.796,10,8.494,10
WP,2016-03-08,Deep,20.655870576258604,28,8.486984527923811,28
WP,2016-04-13,Surface,23.517000000000003,10,8.036,10
WP,2016-04-13,Mid-Depth,22.404000000000003,10,7.87,10
WP,2016-04-13,Lower Photic,21.546,10,7.703,10
WP,2016-04-13,Deep,20.7268459351996,28,7.673873627137024,28
WP,2016-05-17,Surface,24.137,10,8.578000000000001,10
WP,2016-05-17,Mid-Depth,23.618,10,8.535,10
WP,2016-05-17,Lower Photic,21.649,10,8.221999999999998,10
WP,2016-05-17,Deep,20.681335120062247,28,8.076926350664271,28
WP,2016-06-14,Surface,24.543,10,8.606,10
WP,2016-06-14,Mid-Depth,24.1,10,8.553999999999998,10
WP,2016-06-14,Lower Photic,22.617,10,8.322000000000001,10
WP,2016-06-14,Deep,20.796746737412327,28,8.052420236022828,28
WP,2016-07-12,Surface,23.697,10,8.760000000000002,10
WP,2016-07-12,Mid-Depth,23.558,10,8.707999999999998,10
WP,2016-07-12,Lower Photic,22.458,10,8.391,10
WP,2016-07-12,Deep,20.7527289552278,28,8.136829424359568,28
WP,2016-08-10,Surface,24.26,10,8.398,10
WP,2016-08-10,Mid-Depth,23.752,10,8.376000000000001,10
WP,2016-08-10,Lower Photic,23.106,10,8.311000000000002,10
WP,2016-08-10,Deep,20.905914569676128,28,7.865535342094433,28
WP,2016-09-07,Surface,24.039000000000005,10,9.841,10
WP,2016-09-07,Mid-Depth,23.663,10,9.821,10
WP,2016-09-07,Lower Photic,23.308,10,9.73,10
WP,2016-09-07,Deep,20.77869216779477,28,9.178428730654009,28
WP,2016-10-12,Surface,23.433,10,8.875,10
WP,2016-10-12,Mid-Depth,23.354,10,8.870999999999999,10
WP,2016-10-12,Lower Photic,23.077,10,8.761,10
WP,2016-10-12,Deep,20.95828571428571,28,8.252464285714286,28
WP,2016-11-09,Surface,23.112,10,8.839000000000002,10
WP,2016-11-09,Mid-Depth,22.745,10,8.879000000000001,10
WP,2016-11-09,Lower Photic,22.651,10,8.851999999999999,10
WP,2016-11-09,Deep,21.294440244928698,28,8.392517701142518,28
WP,2016-12-05,Surface,22.232000000000003,10,8.398,10
WP,2016-12-05,Mid-Depth,21.745,10,8.317000000000002,10
WP,2016-12-05,Lower Photic,21.619,10,8.257,10
WP,2016-12-05,Deep,21.18387846102356,28,8.061606621743596,28
WP,2017-02-08,Surface,21.029,10,8.277000000000001,10
WP,2017-02-08,Mid-Depth,20.646,10,8.207000000000003,10
WP,2017-02-08,Lower Photic,20.418,10,8.171000000000001,10
WP,2017-02-08,Deep,20.388693199160365,28,8.13919509049759,28
WP,2017-03-14,Surface,21.227,10,8.347,10
WP,2017-03-14,Mid-Depth,20.559,10,8.278,10
WP,2017-03-14,Lower Photic,20.469,10,8.257,10
WP,2017-03-14,Deep,20.40332641289661,28,8.20808419796773,28
WP,2017-04-19,Surface,21.935,10,8.290000000000001,10
WP,2017-04-19,Mid-Depth,21.447000000000003,10,8.220000000000002,10
WP,2017-04-19,Lower Photic,21.22,10,8.190999999999999,10
WP,2017-04-19,Deep,20.599374218317617,28,8.099440738127086,28
WP,2017-05-16,Surface,23.590000000000003,10,8.152,10
WP,2017-05-16,Mid-Depth,22.799,10,8.064999999999998,10
WP,2017-05-16,Lower Photic,21.892,10,7.997,10
WP,2017-05-16,Deep,20.644413416383568,28,7.971490454301453,28
WP,2017-06-13,Surface,24.095,10,9.358999999999998,10
WP,2017-06-13,Mid-Depth,23.405,10,9.329,10
WP,2017-06-13,Lower Photic,21.989000000000004,10,9.215,10
WP,2017-06-13,Deep,20.647417012463176,28,9.089427500765217,28
WP,2017-07-11,Surface,23.961,10,8.184000000000001,10
WP,2017-07-11,Mid-Depth,22.953,10,8.072999999999999,10
WP,2017-07-11,Lower Photic,21.81,10,7.949,10
WP,2017-07-11,Deep,20.621789970778,28,7.850938934899532,28
WP,2017-08-08,Surface,23.703,10,9.025,10
WP,2017-08-08,Mid-Depth,23.367,10,9.004999999999999,10
WP,2017-08-08,Lower Photic,22.6,10,8.870999999999999,10
WP,2017-08-08,Deep,20.698672586231275,28,8.449307461352186,28
WP,2017-09-12,Surface,24.228,10,10.371,10
WP,2017-09-12,Mid-Depth,23.613,10,10.339,10
WP,2017-09-12,Lower Photic,22.769,10,10.091,10
WP,2017-09-12,Deep,20.843421197438893,28,9.495071148671665,28
WP,2017-10-12,Surface,23.679,10,9.105,10
WP,2017-10-12,Mid-Depth,23.303,10,9.071000000000002,10
WP,2017-10-12,Lower Photic,23.055,10,8.955000000000002,10
WP,2017-10-12,Deep,20.91563908949147,28,8.195025087155267,28
WP,2017-11-07,Surface,23.357,10,8.944999999999999,10
WP,2017-11-07,Mid-Depth,22.791,10,8.895000000000001,10
WP,2017-11-07,Lower Photic,22.687,10,8.853000000000002,10
WP,2017-11-07,Deep,21.022885102666827,28,8.093634394037249,28
WP,2017-12-13,Surface,22.85654530101157,10,8.567000000000002,10
WP,2017-12-13,Mid-Depth,22.40151184741037,10,8.56,10
WP,2017-12-13,Lower Photic,21.84580355393476,10,8.556000000000001,10
WP,2017-12-13,Deep,20.812331300128186,28,8.409884188550608,28
WP,2018-01-11,Surface,20.711728466416112,10,9.306963719106426,10
WP,2018-01-11,Mid-Depth,20.52941226112913,10,9.181070438907732,10
WP,2018-01-11,Lower Photic,20.49064673247582,10,9.088707516963948,10
WP,2018-01-11,Deep,20.4578569548137,28,9.004585792364804,28
WP,2018-02-07,Surface,20.38326224079072,10,8.851125147044062,10
WP,2018-02-07,Mid-Depth,20.271800210341247,10,8.704093444818517,10
WP,2018-02-07,Lower Photic,20.26118102471612,10,8.69636047333123,10
WP,2018-02-07,Deep,20.2744035029273,28,8.579603925501315,28
WP,2018-02-28,Surface,20.61521865152646,10,8.699494196556127,10
WP,2018-02-28,Mid-Depth,20.31940467713211,10,8.54932952275322,10
WP,2018-02-28,Lower Photic,20.26470012397845,10,8.510502653251184,10
WP,2018-02-28,Deep,20.259879846587864,28,8.457628703395462,28
WP,2018-03-13,Surface,20.80626475191963,10,8.833505673026952,10
WP,2018-03-13,Mid-Depth,20.393848490652623,10,8.640637772386473,10
WP,2018-03-13,Lower Photic,20.33599933454878,10,8.589881152643118,10
WP,2018-03-13,Deep,20.27746029120098,28,8.485030378760866,28
WP,2018-04-10,Surface,21.88246262141918,10,8.89011172679975,10
WP,2018-04-10,Mid-Depth,21.532780269068788,10,8.826137754713352,10
WP,2018-04-10,Lower Photic,20.99445776402309,10,8.653402575995491,10
WP,2018-04-10,Deep,20.33686763717663,28,8.358310070366995,28
WP,2018-05-15,Surface,23.146822811498048,10,8.713900029867423,10
WP,2018-05-15,Mid-Depth,22.20411440706433,10,8.576368918634198,10
WP,2018-05-15,Lower Photic,21.39562355472276,10,8.351329169402158,10
WP,2018-05-15,Deep,20.518138498145667,28,8.047821449264196,28
WP,2018-06-12,Surface,23.62795667006916,10,8.872666709726905,10
WP,2018-06-12,Mid-Depth,22.8438612548663,10,8.666317095172564,10
WP,2018-06-12,Lower Photic,21.20327537206624,10,8.291975320847039,10
WP,2018-06-12,Deep,20.43479830736181,28,8.072395852791024,28
WP,2018-07-17,Surface,22.2706696823305,10,8.787238583813927,10
WP,2018-07-17,Mid-Depth,22.229187674212938,10,8.74393701547463,10
WP,2018-07-17,Lower Photic,21.714162289266547,10,8.498309776395423,10
WP,2018-07-17,Deep,20.44098931849626,28,8.053908711367276,28
WP,2018-08-14,Surface,23.37909296237438,10,8.844043223776023,10
WP,2018-08-14,Mid-Depth,22.9806519979068,10,8.76208359220876,10
WP,2018-08-14,Lower Photic,22.34167426723897,10,8.626030784712492,10
WP,2018-08-14,Deep,20.72941876871469,28,8.0778108793543,28
WP,2018-09-11,Surface,23.93497566140811,10,8.818702189334363,10
WP,2018-09-11,Mid-Depth,23.58357554479121,10,8.737731318868269,10
WP,2018-09-11,Lower Photic,22.4521945564082,10,8.482720563610966,10
WP,2018-09-11,Deep,20.737803510348588,28,7.987823086912596,28
WP,2018-12-12,Surface,21.586443712224508,10,8.572200442342917,10
WP,2018-12-12,Mid-Depth,21.58402923405941,10,8.57119668789667,10
WP,2018-12-12,Lower Photic,21.57820391892336,10,8.551255933257334,10
WP,2018-12-12,Deep,21.065482722163555,28,8.19856773301055,28
WP,2019-02-12,Surface,20.71869925697323,10,8.419938411440159,10
WP,2019-02-12,Mid-Depth,20.579331532539435,10,8.142812422846067,10
WP,2019-02-12,Lower Photic,20.54902347742882,10,8.03647423267722,10
WP,2019-02-12,Deep,20.500762029333902,28,7.958400197864933,28
WP,2019-03-12,Surface,21.08422184169362,10,8.476287765220608,10
WP,2019-03-12,Mid-Depth,20.82476866584151,10,8.376567205202814,10
WP,2019-03-12,Lower Photic,20.687076557846872,10,8.30414511984478,10
WP,2019-03-12,Deep,20.53958251974206,28,8.185871312298804,28
WP,2019-04-09,Surface,21.963005361368875,10,8.68740753129411,10
WP,2019-04-09,Mid-Depth,21.272525546582266,10,8.42174500527983,10
WP,2019-04-09,Lower Photic,21.0738058604502,10,8.285193113188356,10
WP,2019-04-09,Deep,20.61510046622468,28,8.119552819922802,28
WP,2019-05-14,Surface,23.97121015014809,10,8.85580255219803,10
WP,2019-05-14,Mid-Depth,22.53647540596285,10,8.72455585456172,10
WP,2019-05-14,Lower Photic,21.22958543792721,10,8.488480515209684,10
WP,2019-05-14,Deep,20.664888635643013,28,8.245538269105575,28
WP,2019-06-12,Surface,24.1334871262916,10,8.847199264753408,10
WP,2019-06-12,Mid-Depth,23.403313479058816,10,8.751362244075677,10
WP,2019-06-12,Lower Photic,21.6800854413152,10,8.39470968061135,10
WP,2019-06-12,Deep,20.72234373198072,28,8.125051335716865,28
WP,2019-07-12,Surface,23.594042827566337,10,8.825514829677326,10
WP,2019-07-12,Mid-Depth,23.49745459563775,10,8.603632124966579,10
WP,2019-07-12,Lower Photic,22.023235262389687,10,8.268176335166682,10
WP,2019-07-12,Deep,20.71377135065733,28,7.860425043789866,28
WP,2019-08-13,Surface,23.78624623678585,10,8.686674040737778,10
WP,2019-08-13,Mid-Depth,23.47751743106405,10,8.541702004525089,10
WP,2019-08-13,Lower Photic,23.06374173329913,10,8.386934470108878,10
WP,2019-08-13,Deep,20.85991273969124,28,7.876533279196076,28
WP,2019-09-10,Surface,24.18208742045478,10,8.885224199106721,10
WP,2019-09-10,Mid-Depth,23.68969534827089,10,8.77366240966847,10
WP,2019-09-10,Lower Photic,22.53917355470445,10,8.48619749763271,10
WP,2019-09-10,Deep,20.80504692233455,28,8.030429950290683,28
WP,2020-01-23,Surface,20.954082754942075,10,8.368314299501655,10
WP,2020-01-23,Mid-Depth,20.849833124084537,10,7.772130819019639,10
WP,2020-01-23,Lower Photic,20.81433896576933,10,7.778533276439569,10
WP,2020-01-23,Deep,20.72848560219413,28,7.337198524494929,28
WP,2020-02-11,Surface,21.44657093382677,10,8.42839009293899,10
WP,2020-02-11,Mid-Depth,21.041045762988333,10,8.109882564148846,10
WP,2020-02-11,Lower Photic,20.94462092319957,10,7.989380231312367,10
WP,2020-02-11,Deep,20.748335414942662,28,7.799302884455501,28
WP,2020-03-10,Surface,20.93998543503281,10,6.992814035938378,10
WP,2020-03-10,Mid-Depth,20.87852478096162,10,7.273635558967169,10
WP,2020-03-10,Lower Photic,20.82225322490892,10,7.618592061932939,10
WP,2020-03-10,Deep,20.72873243671404,28,7.844462003667382,28
WP,2020-08-11,Surface,23.90387282843872,10,8.778173245374203,10
WP,2020-08-11,Mid-Depth,23.756798392878483,10,8.180328911655218,10
WP,2020-08-11,Lower Photic,22.56977655943377,10,7.772678255664618,10
WP,2020-08-11,Deep,20.886945593895625,28,7.1455814818224495,28
WP,2020-09-08,Surface,23.87986420667449,10,8.813248210223405,10
WP,2020-09-08,Mid-Depth,23.62217056580693,10,8.676778144655142,10
WP,2020-09-08,Lower Photic,22.83420650798304,10,8.449858988372043,10
WP,2020-09-08,Deep,20.89976544667231,28,7.936663307276885,28
WP,2020-10-13,Surface,23.83322046177468,10,8.588388001458416,10
WP,2020-10-13,Mid-Depth,23.62650320159469,10,7.930236757276904,10
WP,2020-10-13,Lower Photic,22.769588931761664,10,7.535735213893584,10
WP,2020-10-13,Deep,20.88183709049552,28,6.969973307367847,28
WP,2020-11-10,Surface,22.912417831126724,10,8.355568704959014,10
WP,2020-11-10,Mid-Depth,22.75522009730316,10,7.700514563457121,10
WP,2020-11-10,Lower Photic,22.65056717023602,10,7.549528878267803,10
WP,2020-11-10,Deep,21.10667370107319,28,7.065398470724577,28
WP,2020-12-08,Surface,21.95473398523492,10,7.693624202962719,10
WP,2020-12-08,Mid-Depth,21.918888498836747,10,7.312878506078178,10
WP,2020-12-08,Lower Photic,21.91287088221318,10,6.515252054110206,10
WP,2020-12-08,Deep,21.285664401979425,28,5.551009665692193,28
WP,2021-01-19,Surface,21.20120299775628,10,8.132340880460868,10
WP,2021-01-19,Mid-Depth,21.154827516148607,10,7.992688139099505,10
WP,2021-01-19,Lower Photic,21.15084930018704,10,7.941804143955048,10
WP,2021-01-19,Deep,20.99439786499239,28,7.733952337384229,28
WP,2021-02-16,Surface,21.513667272037747,10,8.688711420752623,10
WP,2021-02-16,Mid-Depth,21.12925806815824,10,8.237163864928105,10
WP,2021-02-16,Lower Photic,20.99571058575264,10,8.137869551493136,10
WP,2021-02-16,Deep,20.79704285536094,28,7.951163603306646,28
WP,2021-03-16,Surface,21.40675894365114,10,8.027194262967424,10
WP,2021-03-16,Mid-Depth,21.03239370180336,10,7.865764584914811,10
WP,2021-03-16,Lower Photic,20.896399222545018,10,7.761806480339788,10
WP,2021-03-16,Deep,20.78092713705899,28,7.679565674738462,28
WP,2021-04-13,Surface,21.96442468901185,10,8.594334824139926,10
WP,2021-04-13,Mid-Depth,21.22585403709931,10,8.361304320894723,10
WP,2021-04-13,Lower Photic,21.10291966029589,10,8.08764893687888,10
WP,2021-04-13,Deep,20.84672790327278,28,7.895199824552437,28
WP,2021-05-11,Surface,22.990851073729907,10,8.78615473354667,10
WP,2021-05-11,Mid-Depth,22.080596005656453,10,8.71108586870821,10
WP,2021-05-11,Lower Photic,21.2605374544831,10,8.582669369316523,10
WP,2021-05-11,Deep,20.890090376972378,28,8.378227971603803,28
WP,2021-06-08,Surface,24.44517555816499,10,8.753044863989377,10
WP,2021-06-08,Mid-Depth,23.06818011349025,10,8.249429623245893,10
WP,2021-06-08,Lower Photic,21.207483101151944,10,7.779917348788848,10
WP,2021-06-08,Deep,20.85978548857764,28,7.473415375183037,28
WP,2021-07-13,Surface,23.57749420439968,10,8.802821099623369,10
WP,2021-07-13,Mid-Depth,23.47561484435896,10,8.146281636142826,10
WP,2021-07-13,Lower Photic,21.89356292378778,10,7.577034676005442,10
WP,2021-07-13,Deep,20.918931071599467,28,7.198792419077583,28
WP,2021-08-10,Surface,23.75158967872673,10,8.870392364523202,10
WP,2021-08-10,Mid-Depth,23.3404318627202,10,8.078338292682659,10
WP,2021-08-10,Lower Photic,22.40181326369511,10,7.193901934053217,10
WP,2021-08-10,Deep,20.98167961682661,28,6.389400743775851,28
WP,2021-09-07,Surface,24.214375848591818,10,8.416691005070247,10
WP,2021-09-07,Mid-Depth,23.63825107301483,10,7.958723192186921,10
WP,2021-09-07,Lower Photic,22.919909341518867,10,7.7707030276578495,10
WP,2021-09-07,Deep,20.94680310667152,28,7.186604088430004,28
WP,2021-10-12,Surface,24.29906229913901,10,8.789718242740403,10
WP,2021-10-12,Mid-Depth,23.86054057801061,10,8.279761224915433,10
WP,2021-10-12,Lower Photic,22.98816038231881,10,7.7775448304235155,10
WP,2021-10-12,Deep,20.973752951736085,28,7.266935751385697,28
WP,2021-11-09,Surface,23.328363384975173,10,8.467067711982452,10
WP,2021-11-09,Mid-Depth,23.17764060232907,10,7.84887231664001,10
WP,2021-11-09,Lower Photic,23.08450719785789,10,7.77202378887322,10
WP,2021-11-09,Deep,21.12727742451309,28,7.265891854568729,28
WP,2021-12-07,Surface,21.81951092537775,10,8.628901231332085,10
WP,2021-12-07,Mid-Depth,21.69455666736132,10,8.36712080578172,10
WP,2021-12-07,Lower Photic,21.679872396043823,10,8.275957148658756,10
WP,2021-12-07,Deep,21.19251799681162,28,7.893334985897479,28
WP,2022-01-18,Surface,21.20587999436035,10,8.482565014503441,10
WP,2022-01-18,Mid-Depth,21.02690107710983,10,7.967725949419207,10
WP,2022-01-18,Lower Photic,20.992683126321243,10,7.763232837164061,10
WP,2022-01-18,Deep,20.88040554693846,28,7.453767332856756,28
WP,2022-02-08,Surface,21.091913663942098,10,8.52885469180291,10
WP,2022-02-08,Mid-Depth,20.98715994413434,10,8.008406118152921,10
WP,2022-02-08,Lower Photic,20.857486361980268,10,7.754240072561595,10
WP,2022-02-08,Deep,20.779946627064664,28,7.619737442973404,28
WP,2022-03-08,Surface,21.2249737732757,10,7.853049755332462,10
WP,2022-03-08,Mid-Depth,20.71658244161616,10,7.803439569747947,10
WP,2022-03-08,Lower Photic,20.58776414209976,10,7.792182193302333,10
WP,2022-03-08,Deep,20.543435439136008,28,7.711384415945051,28
WP,2022-04-05,Surface,22.83440676501534,10,7.970435550063131,10
WP,2022-04-05,Mid-Depth,21.80621265504957,10,7.73734038247463,10
WP,2022-04-05,Lower Photic,21.17621993498846,10,7.582634204995128,10
WP,2022-04-05,Deep,20.71477529282488,28,7.443465919171425,28
WP,2022-05-10,Surface,24.27777163888648,10,8.598861810231535,10
WP,2022-05-10,Mid-Depth,22.959607198251987,10,8.135462805674244,10
WP,2022-05-10,Lower Photic,21.535123413136738,10,7.8960728500494355,10
WP,2022-05-10,Deep,20.74535478870412,28,7.741107195474982,28
WP,2022-06-14,Surface,23.504156140537592,10,8.755386479483082,10
WP,2022-06-14,Mid-Depth,22.952342831513867,10,8.150690688247376,10
WP,2022-06-14,Lower Photic,22.00210612903427,10,7.81355063793178,10
WP,2022-06-14,Deep,20.764003472066783,28,7.345172028945312,28
WP,2022-07-12,Surface,23.568189242699923,10,8.55198912065489,10
WP,2022-07-12,Mid-Depth,22.939957395156007,10,7.926576482073986,10
WP,2022-07-12,Lower Photic,22.30383746323597,10,7.689375879207918,10
WP,2022-07-12,Deep,20.8059395854574,28,7.194308347004302,28
WP,2022-08-09,Surface,23.01833219316259,10,7.678660874645418,10
WP,2022-08-09,Mid-Depth,22.9151277301989,10,7.567825756176157,10
WP,2022-08-09,Lower Photic,22.55481289548877,10,7.283354392140595,10
WP,2022-08-09,Deep,20.9254323514564,28,6.6932262941772205,28
WP,2022-09-06,Surface,24.21986503743888,10,8.345549304084788,10
WP,2022-09-06,Mid-Depth,23.50007190587342,10,7.856010920425765,10
WP,2022-09-06,Lower Photic,22.83352035584758,10,7.627381087038704,10
WP,2022-09-06,Deep,21.02368717232498,28,7.107682157888843,28
WP,2022-10-18,Surface,23.47225693808865,10,8.588689756285651,10
WP,2022-10-18,Mid-Depth,22.90021685299433,10,8.023020967196901,10
WP,2022-10-18,Lower Photic,22.78087220723973,10,7.749102208109035,10
WP,2022-10-18,Deep,21.16489452654879,28,7.09874240815194,28
WP,2022-11-08,Surface,23.38460128201135,10,8.651827971533354,10
WP,2022-11-08,Mid-Depth,22.962258363985747,10,8.505597315819637,10
WP,2022-11-08,Lower Photic,22.79701999496312,10,8.360078342180962,10
WP,2022-11-08,Deep,21.11071902332004,28,7.782565365588235,28
WP,2022-12-06,Surface,21.801692522123385,10,8.437880916820397,10
WP,2022-12-06,Mid-Depth,21.68716272552024,10,8.05279066760023,10
WP,2022-12-06,Lower Photic,21.68300107896136,10,7.89088276104169,10
WP,2022-12-06,Deep,21.162390655318067,28,7.456796406034021,28
WP,2023-01-17,Surface,21.22796969517559,10,8.16241184257605,10
WP,2023-01-17,Mid-Depth,21.03422308643437,10,7.956660160779362,10
WP,2023-01-17,Lower Photic,20.90515890006721,10,7.745989750590198,10
WP,2023-01-17,Deep,20.78594093219512,28,7.286274824106728,28
WP,2023-02-14,Surface,20.777742606340528,10,7.595331075121384,10
WP,2023-02-14,Mid-Depth,20.658290771033258,10,7.121286177745944,10
WP,2023-02-14,Lower Photic,20.643359126695184,10,6.769869169508317,10
WP,2023-02-14,Deep,20.58517005441922,28,6.8312014970184425,28
WP,2023-03-14,Surface,22.048728952384018,10,8.157470383791388,10
WP,2023-03-14,Mid-Depth,21.258327196312912,10,7.663771283782045,10
WP,2023-03-14,Lower Photic,20.680333419087617,10,7.30502098183381,10
WP,2023-03-14,Deep,20.570243437611385,28,7.055690227053697,28
WP,2023-04-11,Surface,22.22138139762644,10,8.201406219140015,10
WP,2023-04-11,Mid-Depth,22.06665392815408,10,7.943237515766981,10
WP,2023-04-11,Lower Photic,21.42494342729471,10,7.744456763859162,10
WP,2023-04-11,Deep,20.62098656194404,28,7.275050579943269,28
WP,2023-05-09,Surface,23.96707384429014,10,7.516324199784928,10
WP,2023-05-09,Mid-Depth,22.888661486395723,10,7.054956729649808,10
WP,2023-05-09,Lower Photic,21.6452702340898,10,6.525486510605562,10
WP,2023-05-09,Deep,20.646916901922243,28,6.137143947971338,28
WP,2023-06-13,Surface,24.857123595652418,10,8.400209180944207,10
WP,2023-06-13,Mid-Depth,24.16289809428636,10,8.056076412880683,10
WP,2023-06-13,Lower Photic,22.15603587500967,10,7.622933937475508,10
WP,2023-06-13,Deep,20.7761152493531,28,7.163959725049907,28
WP,2023-07-18,Surface,24.054968369378283,10,8.454466075005291,10
WP,2023-07-18,Mid-Depth,23.84672189656795,10,7.95017448200546,10
WP,2023-07-18,Lower Photic,22.282960072099968,10,7.206548565473485,10
WP,2023-07-18,Deep,20.76442388341324,28,6.647435319170005,28
WP,2023-08-16,Surface,24.32751398607627,10,7.660738048169219,10
WP,2023-08-16,Mid-Depth,23.975753836484905,10,6.395345896221915,10
WP,2023-08-16,Lower Photic,22.801933864354687,10,6.046700034447917,10
WP,2023-08-16,Deep,20.72964170161616,28,5.451081010071136,28
WP,2023-09-05,Surface,24.63022235857349,10,8.094802209524204,10
WP,2023-09-05,Mid-Depth,24.09660062594,10,7.221068405285015,10
WP,2023-09-05,Lower Photic,23.09031226048301,10,6.557268623748979,10
WP,2023-09-05,Deep,20.78196368659261,28,5.755714726445489,28
WP,2023-10-18,Surface,24.333407135788622,10,10.028574783057426,10
WP,2023-10-18,Mid-Depth,24.17395234921002,10,9.857157168634323,10
WP,2023-10-18,Lower Photic,23.73969837748268,10,9.617781238995851,10
WP,2023-10-18,Deep,21.10202943763247,28,8.94872981346169,28
WP,2023-11-14,Surface,22.66241846166209,10,7.670510927390057,10
WP,2023-11-14,Mid-Depth,22.549414888026696,10,6.888121981962115,10
WP,2023-11-14,Lower Photic,22.53359062714218,10,6.858962910523968,10
WP,2023-11-14,Deep,21.344200100156304,28,6.54263105140533,28
WP,2023-12-05,Surface,22.434656237172668,10,8.453548071584933,10
WP,2023-12-05,Mid-Depth,22.35279087187015,10,8.102787828351005,10
WP,2023-12-05,Lower Photic,22.347142725041618,10,8.005755498234581,10
WP,2023-12-05,Deep,21.423331196935315,28,7.685099094068968,28
