location,date,depth_group,value_temp,measurement_count_temp,value_dissolved_oxygen,measurement_count_dissolved_oxygen
SA,2014-02-18,Surface,20.816331114433734,10,7.60904752055894,10
SA,2014-02-18,Mid-Depth,20.603,10,7.266,10
SA,2014-02-18,Lower Photic,20.48,10,6.8180000000000005,10
SA,2014-02-18,Deep,20.441551738464373,22,6.439069707308709,22
SA,2014-03-26,Surface,22.4,10,7.465999999999999,10
SA,2014-03-26,Mid-Depth,21.97,10,7.033,10
SA,2014-03-26,Lower Photic,21.520000000000003,10,5.949,10
SA,2014-03-26,Deep,21.01063808710936,22,4.264765373738981,22
SA,2014-04-22,Surface,22.303,10,6.988,10
SA,2014-04-22,Mid-Depth,22.048,10,6.726999999999999,10
SA,2014-04-22,Lower Photic,21.842,10,5.93,10
SA,2014-04-22,Deep,20.66855098477049,22,2.991327750740296,22
SA,2014-05-19,Surface,22.9155,10,7.149499999999999,10
SA,2014-05-19,Mid-Depth,22.599,10,7.039,10
SA,2014-05-19,Lower Photic,22.4,10,6.697,10
SA,2014-05-19,Deep,20.99924242424242,22,4.114545454545454,22
SA,2014-06-24,Surface,23.541,10,7.42,10
SA,2014-06-24,Mid-Depth,23.133,10,7.303,10
SA,2014-06-24,Lower Photic,22.654000000000003,10,6.265,10
SA,2014-06-24,Deep,21.05348484848485,22,3.2624242424242422,22
SA,2014-07-22,Surface,23.356,10,6.968999999999999,10
SA,2014-07-22,Mid-Depth,23.296,10,6.919,10
SA,2014-07-22,Lower Photic,22.997,10,6.4590000000000005,10
SA,2014-07-22,Deep,21.07992424242424,22,3.060378787878788,22
SA,2014-08-12,Surface,23.23,10,7.287999999999999,10
SA,2014-08-12,Mid-Depth,22.876,10,7.108,10
SA,2014-08-12,Lower Photic,22.722,10,6.7,10
SA,2014-08-12,Deep,21.24153783549198,22,3.1313010598131386,22
SA,2014-09-08,Surface,23.408,10,8.089,10
SA,2014-09-08,Mid-Depth,23.258,10,7.796000000000001,10
SA,2014-09-08,Lower Photic,22.981,10,7.256,10
SA,2014-09-08,Deep,21.29742424242424,22,3.0979545454545456,22
SA,2014-10-07,Surface,23.492,10,8.476,10
SA,2014-10-07,Mid-Depth,23.29,10,8.123,10
SA,2014-10-07,Lower Photic,23.025,10,7.344999999999999,10
SA,2014-10-07,Deep,21.42108675155601,22,3.045806948316232,22
SA,2014-11-11,Surface,22.344,10,7.858,10
SA,2014-11-11,Mid-Depth,22.249,10,7.644,10
SA,2014-11-11,Lower Photic,22.201,10,7.152000000000001,10
SA,2014-11-11,Deep,21.467100365661487,22,4.6644136947709205,22
SA,2014-12-08,Surface,21.139,10,6.933,10
SA,2014-12-08,Mid-Depth,21.133,10,6.929,10
SA,2014-12-08,Lower Photic,21.131,10,6.961,10
SA,2014-12-08,Deep,21.12462121212121,22,6.9556818181818185,22
SA,2015-01-13,Surface,20.436,10,7.27223406870409,10
SA,2015-01-13,Mid-Depth,20.357,10,6.941262519495123,10
SA,2015-01-13,Lower Photic,20.237,10,5.994193200628852,10
SA,2015-01-13,Deep,20.19439393939394,22,3.644518914539619,22
SA,2015-02-10,Surface,20.545,10,6.416999999999999,10
SA,2015-02-10,Mid-Depth,20.323,10,4.615,10
SA,2015-02-10,Lower Photic,20.225,10,4.786,10
SA,2015-02-10,Deep,20.176893939393945,22,5.863484848484847,22
SA,2015-03-10,Surface,20.569,10,7.138000000000001,10
SA,2015-03-10,Mid-Depth,20.451,10,6.872,10
SA,2015-03-10,Lower Photic,20.369,10,6.272,10
SA,2015-03-10,Deep,20.305909090909097,22,6.674242424242425,22
SA,2015-04-14,Surface,22.049,10,7.633,10
SA,2015-04-14,Mid-Depth,21.45,10,7.189,10
SA,2015-04-14,Lower Photic,21.24,10,6.586,10
SA,2015-04-14,Deep,20.531136363636367,22,4.053484848484849,22
SA,2015-06-09,Surface,23.843,10,7.372999999999999,10
SA,2015-06-09,Mid-Depth,23.772,10,7.391999999999999,10
SA,2015-06-09,Lower Photic,22.211,10,6.138999999999999,10
SA,2015-06-09,Deep,20.6980303030303,22,3.6399242424242426,22
SA,2015-07-14,Surface,22.84,10,7.168000000000001,10
SA,2015-07-14,Mid-Depth,22.804,10,7.208999999999999,10
SA,2015-07-14,Lower Photic,22.655,10,7.083,10
SA,2015-07-14,Deep,20.87621212121212,22,3.436818181818182,22
SA,2015-08-10,Surface,23.6,10,7.478999999999999,10
SA,2015-08-10,Mid-Depth,23.409,10,7.390000000000001,10
SA,2015-08-10,Lower Photic,22.787,10,6.746,10
SA,2015-08-10,Deep,21.0689393939394,22,3.538863636363637,22
SA,2015-09-09,Surface,23.729000000000003,10,7.817,10
SA,2015-09-09,Mid-Depth,23.603,10,7.741,10
SA,2015-09-09,Lower Photic,23.267000000000003,10,6.681,10
SA,2015-09-09,Deep,21.08113636363636,22,2.564469696969697,22
SA,2015-10-06,Surface,23.903,10,7.973000000000001,10
SA,2015-10-06,Mid-Depth,23.627,10,7.608,10
SA,2015-10-06,Lower Photic,23.235000000000003,10,5.99,10
SA,2015-10-06,Deep,21.183636363636364,22,2.3795454545454544,22
SA,2015-11-11,Surface,23.53,10,7.259,10
SA,2015-11-11,Mid-Depth,23.5,10,6.906000000000001,10
SA,2015-11-11,Lower Photic,23.41,10,6.0920000000000005,10
SA,2015-11-11,Deep,21.748565435402423,22,2.7603388556645028,22
SA,2016-01-19,Surface,21.549,10,7.324000000000001,10
SA,2016-01-19,Mid-Depth,21.534,10,7.286,10
SA,2016-01-19,Lower Photic,21.51,10,7.079000000000001,10
SA,2016-01-19,Deep,21.36431818181818,22,5.8981818181818175,22
SA,2016-02-16,Surface,20.9,10,6.662999999999999,10
SA,2016-02-16,Mid-Depth,20.811,10,6.82,10
SA,2016-02-16,Lower Photic,20.686,10,6.856999999999999,10
SA,2016-02-16,Deep,20.638484848484847,22,7.017348484848484,22
SA,2016-03-01,Surface,21.147,10,8.027,10
SA,2016-03-01,Mid-Depth,20.798,10,7.239,10
SA,2016-03-01,Lower Photic,20.732,10,6.491,10
SA,2016-03-01,Deep,20.64598484848485,22,6.369545454545456,22
SA,2016-04-12,Surface,22.469,10,8.031,10
SA,2016-04-12,Mid-Depth,22.258000000000003,10,7.926999999999998,10
SA,2016-04-12,Lower Photic,21.311,10,6.105,10
SA,2016-04-12,Deep,20.72515151515152,22,4.406742424242424,22
SA,2016-05-17,Surface,23.731,10,7.8809999999999985,10
SA,2016-05-17,Mid-Depth,23.499,10,7.712999999999999,10
SA,2016-05-17,Lower Photic,21.894,10,5.159,10
SA,2016-05-17,Deep,20.83318181818182,22,3.300303030303031,22
SA,2016-06-14,Surface,23.969,10,7.832000000000001,10
SA,2016-06-14,Mid-Depth,23.884000000000004,10,7.786000000000001,10
SA,2016-06-14,Lower Photic,23.028,10,6.125,10
SA,2016-06-14,Deep,20.852954545454548,22,2.6539393939393943,22
SA,2016-07-12,Surface,23.888,10,7.536,10
SA,2016-07-12,Mid-Depth,23.694,10,7.499,10
SA,2016-07-12,Lower Photic,22.484,10,6.034000000000001,10
SA,2016-07-12,Deep,20.864469696969703,22,2.79939393939394,22
SA,2016-08-09,Surface,23.555,10,7.849000000000001,10
SA,2016-08-09,Mid-Depth,23.322,10,7.824,10
SA,2016-08-09,Lower Photic,23.053000000000004,10,7.100999999999999,10
SA,2016-08-09,Deep,21.07159090909091,22,3.031515151515152,22
SA,2016-09-06,Surface,23.697,10,7.577,10
SA,2016-09-06,Mid-Depth,23.622,10,7.501,10
SA,2016-09-06,Lower Photic,23.374,10,6.906000000000001,10
SA,2016-09-06,Deep,21.13462121212121,22,2.3403787878787883,22
SA,2016-10-11,Surface,23.465,10,7.354999999999999,10
SA,2016-10-11,Mid-Depth,23.409,10,7.319,10
SA,2016-10-11,Lower Photic,23.364,10,7.117,10
SA,2016-10-11,Deep,21.35894400464632,22,2.592860512202623,22
SA,2016-11-08,Surface,22.714,10,7.607000000000001,10
SA,2016-11-08,Mid-Depth,22.659,10,7.51,10
SA,2016-11-08,Lower Photic,22.597,10,7.162000000000001,10
SA,2016-11-08,Deep,21.37280303030303,22,3.709015151515152,22
SA,2016-12-05,Surface,21.665000000000003,10,7.794,10
SA,2016-12-05,Mid-Depth,21.624,10,7.624,10
SA,2016-12-05,Lower Photic,21.546,10,7.042,10
SA,2016-12-05,Deep,21.409469696969698,22,6.141666666666668,22
SA,2017-02-07,Surface,20.512,10,6.282,10
SA,2017-02-07,Mid-Depth,20.504,10,6.289,10
SA,2017-02-07,Lower Photic,20.463,10,6.161999999999999,10
SA,2017-02-07,Deep,20.359015151515152,22,6.657954545454545,22
SA,2017-03-13,Surface,20.99,10,7.699,10
SA,2017-03-13,Mid-Depth,20.618,10,7.011,10
SA,2017-03-13,Lower Photic,20.538,10,6.535000000000001,10
SA,2017-03-13,Deep,20.448181818181816,22,5.132651515151514,22
SA,2017-04-18,Surface,21.621,10,7.9,10
SA,2017-04-18,Mid-Depth,21.455,10,7.802000000000001,10
SA,2017-04-18,Lower Photic,21.263,10,7.253,10
SA,2017-04-18,Deep,20.57977272727273,22,4.93189393939394,22
SA,2017-05-16,Surface,22.95,10,7.943,10
SA,2017-05-16,Mid-Depth,22.441,10,7.467,10
SA,2017-05-16,Lower Photic,21.528,10,6.654000000000001,10
SA,2017-05-16,Deep,20.648030303030303,22,3.893787878787879,22
SA,2017-06-13,Surface,23.515,10,8.169,10
SA,2017-06-13,Mid-Depth,23.335,10,7.837000000000001,10
SA,2017-06-13,Lower Photic,22.251,10,5.957,10
SA,2017-06-13,Deep,20.717575757575755,22,3.3401515151515144,22
SA,2017-07-11,Surface,23.498,10,8.393,10
SA,2017-07-11,Mid-Depth,23.262,10,8.248000000000001,10
SA,2017-07-11,Lower Photic,22.642000000000003,10,6.863,10
SA,2017-07-11,Deep,20.85636363636364,22,3.501969696969698,22
SA,2017-08-08,Surface,23.689000000000004,10,8.045999999999998,10
SA,2017-08-08,Mid-Depth,23.432,10,7.901000000000001,10
SA,2017-08-08,Lower Photic,22.146,10,5.420999999999999,10
SA,2017-08-08,Deep,20.7614393939394,22,2.9421969696969694,22
SA,2017-09-12,Surface,23.688,10,7.270999999999999,10
SA,2017-09-12,Mid-Depth,23.575,10,7.108,10
SA,2017-09-12,Lower Photic,22.954,10,5.504,10
SA,2017-09-12,Deep,20.93454545454546,22,1.531439393939394,22
SA,2017-10-12,Surface,23.228,10,5.930000000000001,10
SA,2017-10-12,Mid-Depth,23.182,10,5.885,10
SA,2017-10-12,Lower Photic,23.004,10,5.537999999999999,10
SA,2017-10-12,Deep,21.053030303030305,22,1.4798484848484852,22
SA,2017-11-07,Surface,22.895,10,7.529000000000001,10
SA,2017-11-07,Mid-Depth,22.808,10,7.305,10
SA,2017-11-07,Lower Photic,22.695,10,6.441,10
SA,2017-11-07,Deep,21.20151515151516,22,2.138484848484848,22
SA,2017-12-13,Surface,22.63241002344351,10,3.883,10
SA,2017-12-13,Mid-Depth,22.442656658235443,10,3.796,10
SA,2017-12-13,Lower Photic,21.971324115781748,10,3.705000000000001,10
SA,2017-12-13,Deep,20.908685248937186,22,3.650227272727273,22
SA,2018-01-11,Surface,20.5202380383076,10,6.560410735436544,10
SA,2018-01-11,Mid-Depth,20.436552796366065,10,6.320161994352588,10
SA,2018-01-11,Lower Photic,20.332573311857,10,6.242815082827719,10
SA,2018-01-11,Deep,20.29292117647401,22,6.1620758662859485,22
SA,2018-02-07,Surface,20.33826735312335,10,5.263232190617337,10
SA,2018-02-07,Mid-Depth,20.256593756312583,10,4.775561536605177,10
SA,2018-02-07,Lower Photic,20.191629611233147,10,5.174517277278414,10
SA,2018-02-07,Deep,20.1158127404174,22,5.025477598355542,22
SA,2018-03-13,Surface,20.690840305194644,10,6.615650826413787,10
SA,2018-03-13,Mid-Depth,20.46092734295344,10,5.887541883086101,10
SA,2018-03-13,Lower Photic,20.34979156229295,10,5.284195420680818,10
SA,2018-03-13,Deep,20.27849406022767,22,3.624359462475398,22
SA,2018-04-10,Surface,21.511399298186973,10,6.94987953362254,10
SA,2018-04-10,Mid-Depth,21.22498172447224,10,6.239647611958683,10
SA,2018-04-10,Lower Photic,20.939183357766613,10,5.431252556990252,10
SA,2018-04-10,Deep,20.39089836215005,22,2.7105738590463666,22
SA,2018-05-15,Surface,22.710955471453925,10,7.315734074903753,10
SA,2018-05-15,Mid-Depth,22.184185827617448,10,6.195670989729013,10
SA,2018-05-15,Lower Photic,21.24861990815593,10,4.263555409425228,10
SA,2018-05-15,Deep,20.478883309169262,22,1.6753320028319174,22
SA,2018-06-12,Surface,23.26055297076557,10,7.080478981907223,10
SA,2018-06-12,Mid-Depth,23.17331601919259,10,6.880760385833669,10
SA,2018-06-12,Lower Photic,21.71986499259691,10,4.491299094397064,10
SA,2018-06-12,Deep,20.56912464818173,22,2.058347708849234,22
SA,2018-07-17,Surface,22.59701799,10,6.969427111,10
SA,2018-07-17,Mid-Depth,22.58838491,10,6.925100509000001,10
SA,2018-07-17,Lower Photic,22.439195179999995,10,6.802457135999999,10
SA,2018-07-17,Deep,20.7074876742559,22,2.360056605649941,22
SA,2018-08-14,Surface,23.27504728986564,10,7.063523944849656,10
SA,2018-08-14,Mid-Depth,23.022039496632893,10,6.611197963232501,10
SA,2018-08-14,Lower Photic,22.45664567510169,10,5.685541475903995,10
SA,2018-08-14,Deep,20.895598871292023,22,2.551204573746643,22
SA,2018-09-11,Surface,23.56241387824533,10,7.156022970970686,10
SA,2018-09-11,Mid-Depth,23.24280565034285,10,6.334349201449102,10
SA,2018-09-11,Lower Photic,22.50914837250721,10,4.89176710177402,10
SA,2018-09-11,Deep,20.79615820121716,22,1.7197900180424506,22
SA,2018-09-24,Surface,23.65690985695093,10,7.769823533711144,10
SA,2018-09-24,Mid-Depth,23.45309175460323,10,6.937945155122276,10
SA,2018-09-24,Lower Photic,22.82425325018124,10,5.233336013285579,10
SA,2018-09-24,Deep,20.886285770818407,22,1.2112746300466546,22
SA,2018-11-14,Surface,22.6598544066547,10,6.845965564599332,10
SA,2018-11-14,Mid-Depth,22.65445147699692,10,6.727807333616876,10
SA,2018-11-14,Lower Photic,22.571739745858384,10,6.290873050595509,10
SA,2018-11-14,Deep,21.100684129810304,22,1.8963316695012609,22
SA,2018-12-12,Surface,21.487154458427337,10,6.255746615238785,10
SA,2018-12-12,Mid-Depth,21.45700746456115,10,6.1643292209146106,10
SA,2018-12-12,Lower Photic,21.449602824713885,10,6.120936296475659,10
SA,2018-12-12,Deep,21.34848891258049,22,5.567159377917666,22
SA,2019-02-12,Surface,20.702490192694547,10,7.63,10
SA,2019-02-12,Mid-Depth,20.60797782834327,10,7.138,10
SA,2019-02-12,Lower Photic,20.558585812170616,10,6.922,10
SA,2019-02-12,Deep,20.496594781807104,22,8.983306446167711,22
SA,2019-03-12,Surface,21.21877371856285,10,7.487999999999999,10
SA,2019-03-12,Mid-Depth,21.02425102986736,10,6.897,10
SA,2019-03-12,Lower Photic,20.88785264887316,10,6.354,10
SA,2019-03-12,Deep,20.6101112283476,22,4.036377603078117,22
SA,2019-04-09,Surface,21.52861237700457,10,7.605000000000001,10
SA,2019-04-09,Mid-Depth,21.24029360043394,10,6.635,10
SA,2019-04-09,Lower Photic,21.068945156218007,10,6.224000000000001,10
SA,2019-04-09,Deep,20.781646093611258,22,4.701368404838752,22
SA,2019-05-14,Surface,23.30046823987769,10,7.41094767514623,10
SA,2019-05-14,Mid-Depth,22.664766642694683,10,6.7725729874141525,10
SA,2019-05-14,Lower Photic,21.61179392160413,10,4.9627518130873405,10
SA,2019-05-14,Deep,20.81963741835721,22,2.371295064893292,22
SA,2019-06-12,Surface,23.624793725729923,10,7.246239338688132,10
SA,2019-06-12,Mid-Depth,23.18571659052753,10,6.835452654296984,10
SA,2019-06-12,Lower Photic,21.59846992422645,10,4.002184310261304,10
SA,2019-06-12,Deep,20.911966944415376,22,2.13990787629888,22
SA,2019-07-12,Surface,23.44526641339656,10,6.945812312389551,10
SA,2019-07-12,Mid-Depth,23.41489277023116,10,6.859319908902317,10
SA,2019-07-12,Lower Photic,22.07190712065769,10,4.646375202254686,10
SA,2019-07-12,Deep,20.83351881493023,22,1.9904428174906847,22
SA,2019-08-13,Surface,23.85895613334602,10,7.182337049303806,10
SA,2019-08-13,Mid-Depth,23.696775076208013,10,6.905210936323508,10
SA,2019-08-13,Lower Photic,22.92072659253109,10,5.397278236007285,10
SA,2019-08-13,Deep,20.941336049420617,22,1.7738307127940554,22
SA,2019-09-10,Surface,23.77249476160109,10,7.233249345056417,10
SA,2019-09-10,Mid-Depth,23.66507000815718,10,6.930656289846061,10
SA,2019-09-10,Lower Photic,22.94854041810324,10,5.374286236990499,10
SA,2019-09-10,Deep,20.98607116600324,22,1.748197136041552,22
SA,2020-02-11,Surface,21.33902148354723,10,7.648947032904277,10
SA,2020-02-11,Mid-Depth,21.15303414762065,10,7.243582805343033,10
SA,2020-02-11,Lower Photic,20.98359721532198,10,6.515730928877645,10
SA,2020-02-11,Deep,20.861395591701694,22,5.227318578592189,22
SA,2020-05-12,Surface,23.53035793049672,10,7.42008373623676,10
SA,2020-05-12,Mid-Depth,23.28963210304729,10,7.030788551707028,10
SA,2020-05-12,Lower Photic,21.946302393916163,10,5.138995151856991,10
SA,2020-05-12,Deep,20.9243775319908,22,3.3721591677580607,22
SA,2020-06-09,Surface,23.28527303818646,10,7.4200472052231135,10
SA,2020-06-09,Mid-Depth,22.92885147960438,10,6.8196960100146695,10
SA,2020-06-09,Lower Photic,22.069566129616632,10,5.150150929157892,10
SA,2020-06-09,Deep,20.96450511988979,22,2.996893227267266,22
SA,2020-07-14,Surface,23.73168301290067,10,7.464983796464331,10
SA,2020-07-14,Mid-Depth,23.55061825773791,10,7.020546455225366,10
SA,2020-07-14,Lower Photic,22.4497737157579,10,4.866110641790605,10
SA,2020-07-14,Deep,21.020885273841063,22,2.424898757822214,22
SA,2020-08-11,Surface,24.002584446308955,10,6.979406404668831,10
SA,2020-08-11,Mid-Depth,23.982929243013803,10,6.951488781205347,10
SA,2020-08-11,Lower Photic,22.59068701149853,10,4.685954587317112,10
SA,2020-08-11,Deep,20.992283404305155,22,2.304435770976691,22
SA,2020-09-08,Surface,23.567815874440647,10,7.003987218467924,10
SA,2020-09-08,Mid-Depth,23.49386867580756,10,6.729294824818206,10
SA,2020-09-08,Lower Photic,22.73356598934182,10,4.9112520114429,10
SA,2020-09-08,Deep,21.07127958435399,22,1.3311839010550244,22
SA,2020-10-13,Surface,23.68452260164621,10,7.022828492790953,10
SA,2020-10-13,Mid-Depth,23.57620104138033,10,6.758213405651953,10
SA,2020-10-13,Lower Photic,23.26372722012307,10,6.003245485480207,10
SA,2020-10-13,Deep,21.11999166335087,22,1.2665331756423357,22
SA,2020-11-10,Surface,22.68513224743012,10,7.389346680560726,10
SA,2020-11-10,Mid-Depth,22.63383639794833,10,6.717517412978936,10
SA,2020-11-10,Lower Photic,22.55730522005738,10,6.233899570380081,10
SA,2020-11-10,Deep,21.27074877578288,22,2.4218074331402053,22
SA,2020-12-08,Surface,21.89535406059401,10,6.663434939676565,10
SA,2020-12-08,Mid-Depth,21.88242209780194,10,6.577204972339514,10
SA,2020-12-08,Lower Photic,21.87396259143295,10,6.503495929640147,10
SA,2020-12-08,Deep,21.501875063508702,22,4.718539838855485,22
SA,2021-01-19,Surface,21.318093289451973,10,7.066336862612916,10
SA,2021-01-19,Mid-Depth,21.26967256850358,10,6.914628335874473,10
SA,2021-01-19,Lower Photic,21.202129083092068,10,6.608311222704297,10
SA,2021-01-19,Deep,21.099721950993366,22,6.2642641502453165,22
SA,2021-02-16,Surface,21.04430226843254,10,7.026148467431762,10
SA,2021-02-16,Mid-Depth,20.87808176675496,10,6.340759223347343,10
SA,2021-02-16,Lower Photic,20.76622462600214,10,6.058604069218902,10
SA,2021-02-16,Deep,20.65961150723865,22,5.421579280125022,22
SA,2021-03-16,Surface,21.21687267998319,10,7.037071882183331,10
SA,2021-03-16,Mid-Depth,20.99446653770507,10,6.4186158881442354,10
SA,2021-03-16,Lower Photic,20.938718685518783,10,6.136505397276963,10
SA,2021-03-16,Deep,20.831462046159047,22,5.155366965508839,22
SA,2021-04-13,Surface,21.49837767428468,10,7.409080996274639,10
SA,2021-04-13,Mid-Depth,21.12307115703946,10,6.649171833220803,10
SA,2021-04-13,Lower Photic,21.04343107862851,10,6.282484180024536,10
SA,2021-04-13,Deep,20.91615465896217,22,5.158419478548257,22
SA,2021-05-11,Surface,22.71575840948448,10,7.417648661183529,10
SA,2021-05-11,Mid-Depth,22.17472233805529,10,6.8981260387514265,10
SA,2021-05-11,Lower Photic,21.2261641363141,10,5.242440238605156,10
SA,2021-05-11,Deep,20.93310838098945,22,4.516082254801979,22
SA,2021-06-08,Surface,23.97214504348512,10,7.473341919395383,10
SA,2021-06-08,Mid-Depth,23.21454280506806,10,6.643858660921507,10
SA,2021-06-08,Lower Photic,21.635146854114293,10,4.871564203024917,10
SA,2021-06-08,Deep,20.98233890788356,22,3.6988415861505946,22
SA,2021-07-13,Surface,23.637088826781,10,7.366769850491487,10
SA,2021-07-13,Mid-Depth,23.581186706274742,10,7.26781289562161,10
SA,2021-07-13,Lower Photic,21.77977259339487,10,4.731810765756382,10
SA,2021-07-13,Deep,20.986901956747715,22,3.224943007324073,22
SA,2021-08-10,Surface,23.4723743180766,10,7.397959563881547,10
SA,2021-08-10,Mid-Depth,23.394414329983217,10,7.219267880211079,10
SA,2021-08-10,Lower Photic,22.63520186573403,10,5.776673471054756,10
SA,2021-08-10,Deep,21.06558508094619,22,2.9804810481810544,22
SA,2021-09-07,Surface,23.64865212461325,10,7.39953755783893,10
SA,2021-09-07,Mid-Depth,23.43973852220048,10,6.98071169073976,10
SA,2021-09-07,Lower Photic,22.79920547149565,10,5.491963716927402,10
SA,2021-09-07,Deep,21.09516175265877,22,2.554726284313802,22
SA,2021-10-12,Surface,23.91843202366131,10,7.477838734081319,10
SA,2021-10-12,Mid-Depth,23.668386636279827,10,6.731880449009267,10
SA,2021-10-12,Lower Photic,22.88367298621655,10,5.086237004888838,10
SA,2021-10-12,Deep,21.171577356621206,22,2.0086435714718567,22
SA,2021-11-09,Surface,23.21460974665881,10,6.992147713177356,10
SA,2021-11-09,Mid-Depth,23.14459473654102,10,6.819820424785695,10
SA,2021-11-09,Lower Photic,23.11274069543379,10,6.56563934618063,10
SA,2021-11-09,Deep,21.287797147488224,22,2.175244296653012,22
SA,2021-12-07,Surface,21.73407955308554,10,7.093130618294079,10
SA,2021-12-07,Mid-Depth,21.61226953339574,10,6.820217239276522,10
SA,2021-12-07,Lower Photic,21.513934535556366,10,6.344713050892549,10
SA,2021-12-07,Deep,21.414312478631164,22,6.07718680764306,22
SA,2022-01-18,Surface,20.979447418688785,10,6.764687170344553,10
SA,2022-01-18,Mid-Depth,20.9261216310288,10,6.604742297486278,10
SA,2022-01-18,Lower Photic,20.82401081396794,10,6.249096877853509,10
SA,2022-01-18,Deep,20.752829789988457,22,5.883061920984509,22
SA,2022-02-08,Surface,20.89531004891047,10,6.942781885177878,10
SA,2022-02-08,Mid-Depth,20.81919509627165,10,6.64776085419341,10
SA,2022-02-08,Lower Photic,20.7386000697548,10,6.372147057911205,10
SA,2022-02-08,Deep,20.6892353408594,22,6.3158806110530925,22
SA,2022-03-08,Surface,20.79481648245192,10,7.546786116148387,10
SA,2022-03-08,Mid-Depth,20.62708532308785,10,6.732644118035337,10
SA,2022-03-08,Lower Photic,20.56657232825661,10,6.36797529646119,10
SA,2022-03-08,Deep,20.484888386366865,22,6.251899915390921,22
SA,2022-04-05,Surface,22.04143080555235,10,7.589467174910761,10
SA,2022-04-05,Mid-Depth,21.45218521634355,10,6.902209286162797,10
SA,2022-04-05,Lower Photic,21.12027963243515,10,5.911869194747479,10
SA,2022-04-05,Deep,20.789974039058368,22,4.725606697128234,22
SA,2022-05-10,Surface,23.60113244295531,10,7.926953991101852,10
SA,2022-05-10,Mid-Depth,22.990012113870712,10,7.459754439966706,10
SA,2022-05-10,Lower Photic,21.91127491570488,10,5.596262124239599,10
SA,2022-05-10,Deep,20.899117134833773,22,3.865950472175633,22
SA,2022-06-14,Surface,23.1490580841854,10,7.34256627063713,10
SA,2022-06-14,Mid-Depth,22.89423499131033,10,7.173493454981623,10
SA,2022-06-14,Lower Photic,21.93445781238029,10,5.322572177901788,10
SA,2022-06-14,Deep,20.880725246295256,22,3.2802743754507047,22
SA,2022-07-12,Surface,23.14589007774057,10,7.412561997881651,10
SA,2022-07-12,Mid-Depth,22.96731487492772,10,7.031974663445746,10
SA,2022-07-12,Lower Photic,22.409516453136284,10,5.8314303796369975,10
SA,2022-07-12,Deep,20.94544761634553,22,3.340157214465933,22
SA,2022-08-09,Surface,23.15486612914331,10,7.091904845258664,10
SA,2022-08-09,Mid-Depth,23.13345573819465,10,6.980453595553014,10
SA,2022-08-09,Lower Photic,22.89073174473745,10,6.521050695277928,10
SA,2022-08-09,Deep,20.96581485429999,22,2.7861259618171483,22
SA,2022-09-06,Surface,23.603896433486472,10,7.589672919998956,10
SA,2022-09-06,Mid-Depth,23.36575426807469,10,6.92949539092602,10
SA,2022-09-06,Lower Photic,22.87928640486259,10,5.591720864450577,10
SA,2022-09-06,Deep,21.090495369490505,22,2.225875877088453,22
SA,2022-10-18,Surface,22.987001608477613,10,7.282552036428839,10
SA,2022-10-18,Mid-Depth,22.85825357348567,10,6.707720654825296,10
SA,2022-10-18,Lower Photic,22.73009417710439,10,6.156961293095253,10
SA,2022-10-18,Deep,21.15101931072091,22,1.9839446313430635,22
SA,2022-11-08,Surface,23.029686201586152,10,7.074862200613351,10
SA,2022-11-08,Mid-Depth,22.919283037309192,10,6.478442007722579,10
SA,2022-11-08,Lower Photic,22.7356576244023,10,5.52424120370511,10
SA,2022-11-08,Deep,21.25323473593189,22,1.8941342889468693,22
SA,2022-12-06,Surface,21.72060968170988,10,6.54163299661108,10
SA,2022-12-06,Mid-Depth,21.672852444521887,10,6.353138514880082,10
SA,2022-12-06,Lower Photic,21.64657819269556,10,6.162844337694788,10
SA,2022-12-06,Deep,21.51537942984412,22,5.7240522542889165,22
SA,2023-01-17,Surface,20.938439566885123,10,6.907896067201811,10
SA,2023-01-17,Mid-Depth,20.85816685994233,10,6.583605761896966,10
SA,2023-01-17,Lower Photic,20.768130396513307,10,6.450935396649359,10
SA,2023-01-17,Deep,20.70566967242512,22,6.24688365037101,22
SA,2023-02-14,Surface,20.83061160114912,10,6.587865040944055,10
SA,2023-02-14,Mid-Depth,20.66615562444602,10,6.640716812312851,10
SA,2023-02-14,Lower Photic,20.54856773758646,10,6.584954458109034,10
SA,2023-02-14,Deep,20.49154892367017,22,6.313545611616655,22
SA,2023-03-14,Surface,21.40490334748377,10,7.7242253873154,10
SA,2023-03-14,Mid-Depth,21.112834548673952,10,7.04669398876103,10
SA,2023-03-14,Lower Photic,20.77647796465125,10,5.760694695987242,10
SA,2023-03-14,Deep,20.61518950744179,22,4.711602938533858,22
SA,2023-04-11,Surface,22.011858426280376,10,7.129059060071837,10
SA,2023-04-11,Mid-Depth,21.95857409551358,10,7.0028973388193005,10
SA,2023-04-11,Lower Photic,21.72534656143653,10,6.5520906892089625,10
SA,2023-04-11,Deep,20.723242603468865,22,2.735482420143129,22
SA,2023-05-09,Surface,23.48376528140427,10,7.769248012441736,10
SA,2023-05-09,Mid-Depth,23.12381909326664,10,7.500319832688578,10
SA,2023-05-09,Lower Photic,22.20310464491324,10,5.916004637863358,10
SA,2023-05-09,Deep,20.793855790424576,22,3.153840854757973,22
SA,2023-06-13,Surface,24.40102551373953,10,7.669910373224828,10
SA,2023-06-13,Mid-Depth,23.98260342734861,10,7.152626727731077,10
SA,2023-06-13,Lower Photic,22.42845849279155,10,4.562431190681585,10
SA,2023-06-13,Deep,20.842219013918942,22,2.161629860069328,22
SA,2023-07-18,Surface,24.01553039797433,10,7.142385958833844,10
SA,2023-07-18,Mid-Depth,23.973309219520424,10,7.04518731089036,10
SA,2023-07-18,Lower Photic,23.476491696471648,10,6.405243296702759,10
SA,2023-07-18,Deep,20.906705594148463,22,1.218818521264825,22
SA,2023-08-16,Surface,24.16439281920859,10,7.316590430940272,10
SA,2023-08-16,Mid-Depth,24.07372474505152,10,7.067036678473192,10
SA,2023-08-16,Lower Photic,23.15871335337293,10,5.068397557191462,10
SA,2023-08-16,Deep,20.900620520799524,22,1.5685345133896822,22
SA,2023-09-05,Surface,24.183804766761263,10,7.451776143362052,10
SA,2023-09-05,Mid-Depth,24.03944664692825,10,6.989184524926147,10
SA,2023-09-05,Lower Photic,23.1005337073431,10,4.555586862796679,10
SA,2023-09-05,Deep,21.00557364111044,22,1.307332926511071,22
SA,2023-10-18,Surface,24.085130290989248,10,7.166338597484765,10
SA,2023-10-18,Mid-Depth,24.080549242520046,10,7.165019184236856,10
SA,2023-10-18,Lower Photic,23.93011531465962,10,6.726468708461337,10
SA,2023-10-18,Deep,21.210566850422744,22,1.172102618797883,22
SA,2023-11-14,Surface,22.89817489598571,10,7.015025945114149,10
SA,2023-11-14,Mid-Depth,22.7849497672902,10,6.7518036193456,10
SA,2023-11-14,Lower Photic,22.64763868728762,10,6.429547058034298,10
SA,2023-11-14,Deep,21.364073189646643,22,2.7760321969541986,22
SA,2023-12-05,Surface,22.41830809054872,10,6.751127747167956,10
SA,2023-12-05,Mid-Depth,22.409414662221213,10,6.67694070634114,10
SA,2023-12-05,Lower Photic,22.3964662927465,10,6.633135996520321,10
SA,2023-12-05,Deep,21.52855896312328,22,3.539818720581428,22
WG,2014-02-14,Surface,21.0925,10,7.582499999999999,10
WG,2014-02-14,Mid-Depth,20.53114285714286,10,6.966714285714285,10
WG,2014-02-14,Lower Photic,20.49678571428571,10,6.483928571428573,10
WG,2014-02-14,Deep,20.385451515278223,45,3.6716111004142338,45
WG,2014-02-19,Surface,20.7,10,7.606,10
WG,2014-02-19,Mid-Depth,20.695,10,7.339000000000001,10
WG,2014-02-19,Lower Photic,20.54475,10,6.273000000000001,10
WG,2014-02-19,Deep,20.386923459901304,45,3.3489138510652627,45
WG,2014-03-26,Surface,22.39,10,7.318,10
WG,2014-03-26,Mid-Depth,22.160000000000004,10,7.147,10
WG,2014-03-26,Lower Photic,21.21,10,5.729,10
WG,2014-03-26,Deep,20.46064777955452,45,2.653875934693772,45
WG,2014-04-23,Surface,22.37842684241384,10,7.159925592657731,10
WG,2014-04-23,Mid-Depth,22.245,10,7.087999999999999,10
WG,2014-04-23,Lower Photic,22.06,10,7.019,10
WG,2014-04-23,Deep,20.55157659040656,45,3.087883643276498,45
WG,2014-04-27,Surface,22.720068279303987,10,7.134598799331288,10
WG,2014-04-27,Mid-Depth,22.615,10,7.178,10
WG,2014-04-27,Lower Photic,21.985,10,6.721000000000001,10
WG,2014-04-27,Deep,20.55356467286104,45,2.858001013963296,45
WG,2014-06-25,Surface,23.677,10,7.2,10
WG,2014-06-25,Mid-Depth,23.541,10,7.257,10
WG,2014-06-25,Lower Photic,22.855,10,6.911,10
WG,2014-06-25,Deep,20.646584343974386,45,2.6498326335783893,45
WG,2014-07-23,Surface,23.242,10,6.884,10
WG,2014-07-23,Mid-Depth,23.255000000000003,10,6.9,10
WG,2014-07-23,Lower Photic,23.135,10,6.883,10
WG,2014-07-23,Deep,20.727665051697905,45,2.615383134582534,45
WG,2014-08-13,Surface,23.385,10,7.465999999999999,10
WG,2014-08-13,Mid-Depth,23.197,10,7.456999999999999,10
WG,2014-08-13,Lower Photic,22.877,10,7.116999999999999,10
WG,2014-08-13,Deep,20.800260386416195,45,2.6911506924204494,45
WG,2014-09-09,Surface,23.437,10,8.127,10
WG,2014-09-09,Mid-Depth,23.382,10,8.113,10
WG,2014-09-09,Lower Photic,23.177,10,7.925999999999999,10
WG,2014-09-09,Deep,20.797278106812985,45,2.5741568774711188,45
WG,2014-09-25,Surface,23.57,10,8.037,10
WG,2014-09-25,Mid-Depth,23.416,10,8.021,10
WG,2014-09-25,Lower Photic,23.129,10,7.515000000000001,10
WG,2014-09-25,Deep,20.831864766622623,45,2.350039844208845,45
WG,2014-10-08,Surface,23.695,10,8.287,10
WG,2014-10-08,Mid-Depth,23.626,10,8.508,10
WG,2014-10-08,Lower Photic,23.095,10,7.700999999999999,10
WG,2014-10-08,Deep,20.859253915239066,45,2.5997313713079784,45
WG,2014-11-12,Surface,22.408,10,7.823,10
WG,2014-11-12,Mid-Depth,22.394,10,7.842,10
WG,2014-11-12,Lower Photic,22.319,10,7.546000000000001,10
WG,2014-11-12,Deep,20.88588826848705,45,2.7737503865633046,45
WG,2014-12-09,Surface,21.078,10,6.504,10
WG,2014-12-09,Mid-Depth,21.081,10,6.491000000000001,10
WG,2014-12-09,Lower Photic,21.081,10,6.505,10
WG,2014-12-09,Deep,20.70073574346136,45,3.573994809202466,45
WG,2015-01-14,Surface,20.418,10,7.184898563205289,10
WG,2015-01-14,Mid-Depth,20.420000000000005,10,7.082475594054652,10
WG,2015-01-14,Lower Photic,20.419000000000004,10,6.251431764777943,10
WG,2015-01-14,Deep,20.39370549971461,45,2.80900972881628,45
WG,2015-02-11,Surface,20.708,10,5.813,10
WG,2015-02-11,Mid-Depth,20.678,10,5.805999999999999,10
WG,2015-02-11,Lower Photic,20.449,10,5.851999999999999,10
WG,2015-02-11,Deep,20.3200354422918,45,5.159681192016532,45
WG,2015-03-11,Surface,20.869,10,7.055,10
WG,2015-03-11,Mid-Depth,20.833,10,7.115,10
WG,2015-03-11,Lower Photic,20.547000000000004,10,6.666,10
WG,2015-03-11,Deep,20.328823322750207,45,4.137544514886158,45
WG,2015-04-14,Surface,22.204,10,7.193,10
WG,2015-04-14,Mid-Depth,21.905,10,7.2010000000000005,10
WG,2015-04-14,Lower Photic,21.214,10,6.814,10
WG,2015-04-14,Deep,20.41555889139692,45,3.540798923380489,45
WG,2015-05-05,Surface,23.315,10,7.248,10
WG,2015-05-05,Mid-Depth,23.281,10,7.286,10
WG,2015-05-05,Lower Photic,21.69,10,7.078000000000001,10
WG,2015-05-05,Deep,20.40734929105715,45,3.444313396923372,45
WG,2015-06-09,Surface,24.026,10,7.432,10
WG,2015-06-09,Mid-Depth,23.943,10,7.446000000000001,10
WG,2015-06-09,Lower Photic,22.25,10,7.061,10
WG,2015-06-09,Deep,20.548126686833488,45,3.2864336469548365,45
WG,2015-07-15,Surface,23.028,10,7.235000000000001,10
WG,2015-07-15,Mid-Depth,22.979000000000003,10,7.295999999999999,10
WG,2015-07-15,Lower Photic,22.751,10,7.296000000000001,10
WG,2015-07-15,Deep,20.585092881632324,45,3.40715654817002,45
WG,2015-08-11,Surface,23.893,10,7.868,10
WG,2015-08-11,Mid-Depth,23.568,10,7.892999999999999,10
WG,2015-08-11,Lower Photic,22.925,10,7.152000000000001,10
WG,2015-08-11,Deep,20.631675356735222,45,3.0035521340275584,45
WG,2015-09-09,Surface,23.821,10,8.043000000000001,10
WG,2015-09-09,Mid-Depth,23.777,10,8.013,10
WG,2015-09-09,Lower Photic,23.343,10,7.011,10
WG,2015-09-09,Deep,20.733739045137806,45,2.88554513046786,45
WG,2015-10-07,Surface,23.940000000000005,10,8.155,10
WG,2015-10-07,Mid-Depth,23.913,10,8.202,10
WG,2015-10-07,Lower Photic,23.531,10,7.619999999999999,10
WG,2015-10-07,Deep,20.69948825364345,45,2.9564852499559087,45
WG,2015-11-12,Surface,23.52,10,7.353,10
WG,2015-11-12,Mid-Depth,23.5,10,7.214000000000001,10
WG,2015-11-12,Lower Photic,23.35,10,6.452,10
WG,2015-11-12,Deep,21.25009919144707,45,2.97635391844722,45
WG,2015-12-08,Surface,22.007,10,7.023999999999999,10
WG,2015-12-08,Mid-Depth,22.003000000000004,10,7.011,10
WG,2015-12-08,Lower Photic,22.0,10,7.037999999999999,10
WG,2015-12-08,Deep,20.86639391022003,45,3.6915554230601457,45
WG,2016-01-20,Surface,21.562,10,7.129,10
WG,2016-01-20,Mid-Depth,21.57,10,7.117,10
WG,2016-01-20,Lower Photic,21.568,10,7.133000000000001,10
WG,2016-01-20,Deep,20.85181776769048,45,4.26508312041354,45
WG,2016-02-17,Surface,21.022,10,7.290999999999999,10
WG,2016-02-17,Mid-Depth,20.895,10,7.078999999999999,10
WG,2016-02-17,Lower Photic,20.81,10,6.488,10
WG,2016-02-17,Deep,20.55390852686228,45,3.954408610005226,45
WG,2016-03-01,Surface,20.904,10,7.296000000000001,10
WG,2016-03-01,Mid-Depth,20.893,10,7.284000000000001,10
WG,2016-03-01,Lower Photic,20.808,10,7.174000000000001,10
WG,2016-03-01,Deep,20.516244618647704,45,4.104223243943876,45
WG,2016-03-09,Surface,21.564,10,8.397,10
WG,2016-03-09,Mid-Depth,21.328,10,8.354000000000001,10
WG,2016-03-09,Lower Photic,20.770000000000003,10,7.125,10
WG,2016-03-09,Deep,20.521270520103617,45,3.9224031091188913,45
WG,2016-04-13,Surface,22.911,10,8.291,10
WG,2016-04-13,Mid-Depth,22.320000000000004,10,7.923,10
WG,2016-04-13,Lower Photic,21.598000000000003,10,6.867,10
WG,2016-04-13,Deep,20.548304927263395,45,3.416449836658369,45
WG,2016-05-18,Surface,24.011000000000003,10,7.926,10
WG,2016-05-18,Mid-Depth,23.713,10,7.987999999999999,10
WG,2016-05-18,Lower Photic,21.89,10,5.951,10
WG,2016-05-18,Deep,20.86343411741682,45,2.939113036801153,45
WG,2016-06-15,Surface,24.142,10,8.029,10
WG,2016-06-15,Mid-Depth,24.129,10,8.100999999999999,10
WG,2016-06-15,Lower Photic,22.161,10,5.329,10
WG,2016-06-15,Deep,20.657319960424218,45,2.43367157469024,45
WG,2016-07-13,Surface,23.598,10,7.574,10
WG,2016-07-13,Mid-Depth,23.592,10,7.622,10
WG,2016-07-13,Lower Photic,22.776,10,6.692,10
WG,2016-07-13,Deep,20.66531290406377,45,2.422249432562137,45
WG,2016-08-10,Surface,23.807,10,7.711,10
WG,2016-08-10,Mid-Depth,23.477,10,7.825,10
WG,2016-08-10,Lower Photic,23.065,10,7.283000000000001,10
WG,2016-08-10,Deep,20.6546131223021,45,2.067809886783308,45
WG,2016-09-07,Surface,23.864,10,7.727000000000001,10
WG,2016-09-07,Mid-Depth,23.788,10,7.758000000000001,10
WG,2016-09-07,Lower Photic,23.341,10,7.222999999999999,10
WG,2016-09-07,Deep,20.7476311339916,45,1.9527194392469147,45
WG,2016-10-12,Surface,23.35,10,7.313999999999998,10
WG,2016-10-12,Mid-Depth,23.35,10,7.406000000000001,10
WG,2016-10-12,Lower Photic,23.33,10,7.404999999999999,10
WG,2016-10-12,Deep,20.77459180787249,45,1.8628272616662207,45
WG,2016-11-09,Surface,22.654,10,7.395,10
WG,2016-11-09,Mid-Depth,22.66,10,7.434,10
WG,2016-11-09,Lower Photic,22.658,10,7.448,10
WG,2016-11-09,Deep,20.991332353532165,45,2.776007760542305,45
WG,2016-12-05,Surface,21.957,10,7.927000000000001,10
WG,2016-12-05,Mid-Depth,21.893,10,7.947,10
WG,2016-12-05,Lower Photic,21.741000000000003,10,7.702,10
WG,2016-12-05,Deep,20.867670588539912,45,3.284234263529197,45
WG,2017-02-08,Surface,20.573999999999995,10,6.5840000000000005,10
WG,2017-02-08,Mid-Depth,20.579999999999995,10,6.605,10
WG,2017-02-08,Lower Photic,20.543,10,6.51,10
WG,2017-02-08,Deep,20.378412483492628,45,3.870066159198625,45
WG,2017-03-14,Surface,21.221,10,7.534999999999999,10
WG,2017-03-14,Mid-Depth,20.728,10,7.409000000000001,10
WG,2017-03-14,Lower Photic,20.58300000000001,10,6.928,10
WG,2017-03-14,Deep,20.39916836043616,45,4.1038837061682205,45
WG,2017-04-19,Surface,21.732000000000003,10,7.640000000000001,10
WG,2017-04-19,Mid-Depth,21.722,10,7.688000000000001,10
WG,2017-04-19,Lower Photic,21.28,10,7.659000000000001,10
WG,2017-04-19,Deep,20.43190367746892,45,4.005125161967508,45
WG,2017-05-17,Surface,23.344,10,7.218000000000001,10
WG,2017-05-17,Mid-Depth,23.089,10,7.387,10
WG,2017-05-17,Lower Photic,21.799,10,6.93,10
WG,2017-05-17,Deep,20.515759090701643,45,3.2942358236224254,45
WG,2017-06-21,Surface,23.293,10,6.728,10
WG,2017-06-21,Mid-Depth,23.281,10,6.7780000000000005,10
WG,2017-06-21,Lower Photic,22.252,10,6.132000000000001,10
WG,2017-06-21,Deep,20.55363019677576,45,2.7936195994954023,45
WG,2017-07-12,Surface,23.679,10,8.475999999999999,10
WG,2017-07-12,Mid-Depth,23.230000000000004,10,7.417,10
WG,2017-07-12,Lower Photic,21.956,10,4.893999999999999,10
WG,2017-07-12,Deep,20.475992413497654,45,2.36902111348946,45
WG,2017-08-09,Surface,23.582,10,8.225,10
WG,2017-08-09,Mid-Depth,23.544,10,8.296000000000001,10
WG,2017-08-09,Lower Photic,22.648000000000003,10,6.854000000000001,10
WG,2017-08-09,Deep,20.614991379013915,45,2.6370925982832607,45
WG,2017-09-13,Surface,23.941,10,7.242,10
WG,2017-09-13,Mid-Depth,23.791000000000004,10,6.539999999999999,10
WG,2017-09-13,Lower Photic,22.106,10,2.9880000000000004,10
WG,2017-09-13,Deep,20.64096937762638,45,1.8973159213753883,45
WG,2017-10-13,Surface,23.402,10,6.087,10
WG,2017-10-13,Mid-Depth,23.346,10,6.107,10
WG,2017-10-13,Lower Photic,23.118,10,5.852,10
WG,2017-10-13,Deep,20.68150366509782,45,1.7358883392404572,45
WG,2017-11-08,Surface,22.931,10,7.526000000000001,10
WG,2017-11-08,Mid-Depth,22.934000000000005,10,7.536999999999999,10
WG,2017-11-08,Lower Photic,22.892,10,7.383,10
WG,2017-11-08,Deep,20.74151295007791,45,2.258278669083531,45
WG,2017-12-14,Surface,25.165,10,5.987,10
WG,2017-12-14,Mid-Depth,25.263,10,5.882,10
WG,2017-12-14,Lower Photic,25.217,10,5.908,10
WG,2017-12-14,Deep,24.101474020553905,45,3.0040657990580377,45
WG,2018-01-11,Surface,20.50254019936034,10,5.852273698628558,10
WG,2018-01-11,Mid-Depth,20.504818759554247,10,5.883674113461977,10
WG,2018-01-11,Lower Photic,20.50465872880245,10,5.9107995900430925,10
WG,2018-01-11,Deep,20.43296965444189,45,3.22001164160418,45
WG,2018-02-07,Surface,20.28661874880616,10,4.34516803886447,10
WG,2018-02-07,Mid-Depth,20.28765811019393,10,4.288265795796299,10
WG,2018-02-07,Lower Photic,20.28665848666561,10,4.289987634995143,10
WG,2018-02-07,Deep,20.268329160062983,45,3.115431773784375,45
WG,2018-02-28,Surface,20.72675696884076,10,6.2170413423031246,10
WG,2018-02-28,Mid-Depth,20.60376841660206,10,5.772023957129335,10
WG,2018-02-28,Lower Photic,20.33008088691096,10,4.434338876116003,10
WG,2018-02-28,Deep,20.25406271636788,45,3.471458456148865,45
WG,2018-03-15,Surface,20.93175281930091,10,6.780581413123107,10
WG,2018-03-15,Mid-Depth,20.85663568912817,10,6.46843717026029,10
WG,2018-03-15,Lower Photic,20.469731866080885,10,4.615856420962792,10
WG,2018-03-15,Deep,20.27582922368289,45,3.2827894652428893,45
WG,2018-04-12,Surface,21.741219438026043,10,6.732023782607348,10
WG,2018-04-12,Mid-Depth,21.44059728205266,10,6.4796524224205045,10
WG,2018-04-12,Lower Photic,20.73680172765109,10,4.894428507818871,10
WG,2018-04-12,Deep,20.29534188816889,45,3.11779067653402,45
WG,2018-05-16,Surface,22.92111457327196,10,7.242183498398146,10
WG,2018-05-16,Mid-Depth,22.57123302400964,10,6.986013580628129,10
WG,2018-05-16,Lower Photic,21.194329930567147,10,4.76328863699732,10
WG,2018-05-16,Deep,20.34019488499996,45,2.902795057603273,45
WG,2018-06-13,Surface,23.58063616343097,10,7.107179308865369,10
WG,2018-06-13,Mid-Depth,23.186742343956347,10,6.8786311910060025,10
WG,2018-06-13,Lower Photic,21.46602433444124,10,4.780012895742966,10
WG,2018-06-13,Deep,20.397576265715088,45,2.8230886691859083,45
WG,2018-07-18,Surface,22.38932945812005,10,6.663514730356104,10
WG,2018-07-18,Mid-Depth,22.39276811095322,10,6.6669133034274335,10
WG,2018-07-18,Lower Photic,21.929362049483338,10,5.811918216023335,10
WG,2018-07-18,Deep,20.398134801154768,45,2.6548236089825523,45
WG,2018-08-16,Surface,23.3568156965777,10,7.07132838096292,10
WG,2018-08-16,Mid-Depth,23.1650871912624,10,6.923956201988448,10
WG,2018-08-16,Lower Photic,22.50972301095203,10,6.374598097784571,10
WG,2018-08-16,Deep,20.58341089202617,45,2.683954657462696,45
WG,2018-09-12,Surface,23.830470569214363,10,7.11155845838002,10
WG,2018-09-12,Mid-Depth,23.65538617092249,10,7.047396101749375,10
WG,2018-09-12,Lower Photic,22.633293977358257,10,5.833644685449135,10
WG,2018-09-12,Deep,20.47286457902727,45,2.439486862941449,45
WG,2018-09-24,Surface,23.85313504047441,10,7.890863764370816,10
WG,2018-09-24,Mid-Depth,23.71903665096578,10,7.7165475061026,10
WG,2018-09-24,Lower Photic,22.94217542807638,10,5.90495335495857,10
WG,2018-09-24,Deep,20.62646118339382,45,2.5261544503257665,45
WG,2018-10-10,Surface,23.02549204861018,10,6.916278505594301,10
WG,2018-10-10,Mid-Depth,23.03362353882774,10,6.873642042180867,10
WG,2018-10-10,Lower Photic,22.99035174933568,10,6.768734049200917,10
WG,2018-10-10,Deep,20.666799208071456,45,2.44119682689747,45
WG,2018-11-14,Surface,22.82577535180112,10,6.958515133241346,10
WG,2018-11-14,Mid-Depth,22.72278104332662,10,6.867874773130128,10
WG,2018-11-14,Lower Photic,22.59035971026043,10,6.326756347495588,10
WG,2018-11-14,Deep,20.73229857381504,45,2.3936227483066586,45
WG,2018-12-12,Surface,21.595873508884928,10,6.390152017327416,10
WG,2018-12-12,Mid-Depth,21.60805269451639,10,6.317218538698201,10
WG,2018-12-12,Lower Photic,21.60981186166937,10,6.28837339013843,10
WG,2018-12-12,Deep,20.82025208602122,45,3.634765883802407,45
WG,2019-02-12,Surface,20.6648197494572,10,7.385440942340173,10
WG,2019-02-12,Mid-Depth,20.57600170435297,10,5.955,10
WG,2019-02-12,Lower Photic,20.55493987314021,10,5.654999999999999,10
WG,2019-02-12,Deep,20.40386392619124,45,5.008885093476591,45
WG,2019-03-12,Surface,21.48788778287119,10,7.507000000000001,10
WG,2019-03-12,Mid-Depth,21.09021063704976,10,6.885,10
WG,2019-03-12,Lower Photic,20.88024409187492,10,6.459999999999999,10
WG,2019-03-12,Deep,20.430704843299072,45,3.0240837857458063,45
WG,2019-04-09,Surface,22.11172467388945,10,7.651999999999999,10
WG,2019-04-09,Mid-Depth,21.53079336229225,10,7.312,10
WG,2019-04-09,Lower Photic,21.09763815499557,10,6.417,10
WG,2019-04-09,Deep,20.497100016520072,45,3.167416624714825,45
WG,2019-05-14,Surface,23.7159759008314,10,7.229429806689749,10
WG,2019-05-14,Mid-Depth,23.05813025414588,10,7.055025772506187,10
WG,2019-05-14,Lower Photic,21.50459209730461,10,5.323263208732181,10
WG,2019-05-14,Deep,20.510243279876747,45,2.7002445316721526,45
WG,2019-06-12,Surface,23.896194270596528,10,7.477274777082345,10
WG,2019-06-12,Mid-Depth,23.62376786736806,10,7.377882382324995,10
WG,2019-06-12,Lower Photic,21.63439518829778,10,5.0560649675067495,10
WG,2019-06-12,Deep,20.564805072132515,45,2.660313894270413,45
WG,2019-07-12,Surface,23.423865509862843,10,6.844231508738932,10
WG,2019-07-12,Mid-Depth,23.4363732449368,10,6.8247208862324245,10
WG,2019-07-12,Lower Photic,22.25499475928802,10,5.360055346069111,10
WG,2019-07-12,Deep,20.567886151402817,45,2.3959681700236963,45
WG,2019-08-13,Surface,23.73191733349412,10,7.013105894793597,10
WG,2019-08-13,Mid-Depth,23.685560191062617,10,6.944410026474847,10
WG,2019-08-13,Lower Photic,22.52034574289154,10,5.219049960083591,10
WG,2019-08-13,Deep,20.591689788860563,45,2.184097214797664,45
WG,2019-09-10,Surface,23.88658508405673,10,7.090487292026113,10
WG,2019-09-10,Mid-Depth,23.870456532341272,10,7.006731315513089,10
WG,2019-09-10,Lower Photic,23.157482090752573,10,5.84104836284208,10
WG,2019-09-10,Deep,20.607860252369463,45,1.9373676715130168,45
WG,2020-01-23,Surface,20.8715127407328,10,6.009065966005498,10
WG,2020-01-23,Mid-Depth,20.87145667216466,10,5.92364712951096,10
WG,2020-01-23,Lower Photic,20.86813234674529,10,5.7783498634345145,10
WG,2020-01-23,Deep,20.58815171087592,45,3.0275057246540693,45
WG,2020-02-11,Surface,21.62144029067217,10,7.612865083003415,10
WG,2020-02-11,Mid-Depth,21.5242931645574,10,7.548330807008661,10
WG,2020-02-11,Lower Photic,21.02663962478009,10,6.589809071492167,10
WG,2020-02-11,Deep,20.58189870904361,45,3.054420024627276,45
WG,2020-03-10,Surface,20.95525799600408,10,6.619955097793583,10
WG,2020-03-10,Mid-Depth,20.95902191892576,10,6.56294407187808,10
WG,2020-03-10,Lower Photic,20.963317779686104,10,6.541149559623959,10
WG,2020-03-10,Deep,20.63866571594418,45,3.4964586290786657,45
WG,2020-04-14,Surface,23.30386970336312,10,7.340920976376859,10
WG,2020-04-14,Mid-Depth,22.54298044658733,10,7.256236288049214,10
WG,2020-04-14,Lower Photic,21.202791715776023,10,6.021179925326877,10
WG,2020-04-14,Deep,20.62990515883056,45,2.984948691849219,45
WG,2020-05-12,Surface,23.764931666924006,10,7.204639068234149,10
WG,2020-05-12,Mid-Depth,23.468962057848053,10,7.1667516045871,10
WG,2020-05-12,Lower Photic,21.45914153148399,10,5.605201236938203,10
WG,2020-05-12,Deep,20.644551980837647,45,2.692550473412465,45
WG,2020-06-09,Surface,23.5288257048878,10,7.288158161100884,10
WG,2020-06-09,Mid-Depth,23.27636849427758,10,7.307728301313203,10
WG,2020-06-09,Lower Photic,21.88981516632773,10,5.71720711713442,10
WG,2020-06-09,Deep,20.63814354330908,45,2.5526649216966413,45
WG,2020-07-14,Surface,23.86359254249907,10,7.170999378372855,10
WG,2020-07-14,Mid-Depth,23.67088189335634,10,7.110925940390122,10
WG,2020-07-14,Lower Photic,22.20119831285778,10,5.376201093034214,10
WG,2020-07-14,Deep,20.661876665009903,45,2.275071850275298,45
WG,2020-08-11,Surface,24.05082664084537,10,7.007066196893708,10
WG,2020-08-11,Mid-Depth,24.00160835670283,10,6.95324418565569,10
WG,2020-08-11,Lower Photic,22.64212166125636,10,5.292400187496341,10
WG,2020-08-11,Deep,20.66418788070221,45,2.039178660461835,45
WG,2020-09-08,Surface,23.72666569577573,10,7.116922550839315,10
WG,2020-09-08,Mid-Depth,23.72863278292303,10,7.008759034249708,10
WG,2020-09-08,Lower Photic,22.85365072463052,10,5.546512791018115,10
WG,2020-09-08,Deep,20.67945338331577,45,1.8821424155342896,45
WG,2020-10-13,Surface,23.86313073239155,10,7.0717290640625965,10
WG,2020-10-13,Mid-Depth,23.86500163154724,10,7.031383721253212,10
WG,2020-10-13,Lower Photic,23.10193919106639,10,5.545313840954361,10
WG,2020-10-13,Deep,20.734814612879592,45,1.7503744501688712,45
WG,2020-11-10,Surface,22.89514043926344,10,6.870830343796745,10
WG,2020-11-10,Mid-Depth,22.831282049260743,10,6.807354610747066,10
WG,2020-11-10,Lower Photic,22.697653714763668,10,6.6143137791111855,10
WG,2020-11-10,Deep,20.788130689754823,45,2.008318284888513,45
WG,2020-12-08,Surface,21.97079506411464,10,6.758705739324187,10
WG,2020-12-08,Mid-Depth,21.97231674017445,10,6.641951586000866,10
WG,2020-12-08,Lower Photic,21.97299823706265,10,6.541679117433397,10
WG,2020-12-08,Deep,20.873282538789145,45,2.4625732074159834,45
WG,2021-01-19,Surface,21.26166460948445,10,6.852006877827594,10
WG,2021-01-19,Mid-Depth,21.259671248373586,10,6.775991738367614,10
WG,2021-01-19,Lower Photic,21.25540664466981,10,6.749755340497669,10
WG,2021-01-19,Deep,20.76386353818785,45,3.145184141704711,45
WG,2021-02-16,Surface,21.49196274764358,10,7.37048810125313,10
WG,2021-02-16,Mid-Depth,21.16748453119388,10,7.128881336950572,10
WG,2021-02-16,Lower Photic,20.92876382143629,10,6.232941272316317,10
WG,2021-02-16,Deep,20.605722668986893,45,3.0237277252377983,45
WG,2021-03-16,Surface,21.408138900037947,10,7.065317854308374,10
WG,2021-03-16,Mid-Depth,21.1403495801895,10,6.853435267052184,10
WG,2021-03-16,Lower Photic,20.95503247005284,10,6.412459906178929,10
WG,2021-03-16,Deep,20.628568296328886,45,3.2076174312463044,45
WG,2021-04-13,Surface,22.15604263215267,10,7.577164557040066,10
WG,2021-04-13,Mid-Depth,21.423854843478445,10,7.30043300761548,10
WG,2021-04-13,Lower Photic,21.03885930216673,10,6.382362236250761,10
WG,2021-04-13,Deep,20.65444713740663,45,3.1152860331106984,45
WG,2021-05-11,Surface,22.94321421760512,10,7.226700355337906,10
WG,2021-05-11,Mid-Depth,22.24288594530537,10,6.980326158953099,10
WG,2021-05-11,Lower Photic,21.19402355304762,10,6.064603736171292,10
WG,2021-05-11,Deep,20.66863491329225,45,2.955726391253949,45
WG,2021-06-08,Surface,24.346388326734257,10,7.248931281985511,10
WG,2021-06-08,Mid-Depth,23.37652310140451,10,7.018452698105295,10
WG,2021-06-08,Lower Photic,21.3469470204221,10,5.5666308842307135,10
WG,2021-06-08,Deep,20.67443237635561,45,2.807716410977076,45
WG,2021-07-13,Surface,23.64384583404123,10,7.167915175297921,10
WG,2021-07-13,Mid-Depth,23.45569941167604,10,6.936114190002312,10
WG,2021-07-13,Lower Photic,21.50681511386549,10,4.84521835624394,10
WG,2021-07-13,Deep,20.679544901325503,45,2.6276848615950894,45
WG,2021-08-10,Surface,23.56599855577727,10,7.282955678538395,10
WG,2021-08-10,Mid-Depth,23.535307074654988,10,7.245259917773231,10
WG,2021-08-10,Lower Photic,22.0640686314642,10,5.531802538980738,10
WG,2021-08-10,Deep,20.69083526693801,45,2.4376804932764613,45
WG,2021-09-07,Surface,23.67404799308376,10,7.229522936686483,10
WG,2021-09-07,Mid-Depth,23.6424528036408,10,7.123870050046729,10
WG,2021-09-07,Lower Photic,22.76170024488624,10,5.800044781827292,10
WG,2021-09-07,Deep,20.723776129482093,45,2.215637514825828,45
WG,2021-10-12,Surface,23.86666560357757,10,7.301128828908301,10
WG,2021-10-12,Mid-Depth,23.85669179258312,10,7.177994751970564,10
WG,2021-10-12,Lower Photic,23.04268603878825,10,5.997062786891467,10
WG,2021-10-12,Deep,20.73151775285949,45,2.091074089689788,45
WG,2021-11-09,Surface,23.12010424938336,10,6.740236143683393,10
WG,2021-11-09,Mid-Depth,23.12589750454297,10,6.6478247789208655,10
WG,2021-11-09,Lower Photic,22.928003424787462,10,6.013791982159088,10
WG,2021-11-09,Deep,20.8162737882368,45,1.957579220878748,45
WG,2021-12-07,Surface,21.70790354099384,10,6.920442736798672,10
WG,2021-12-07,Mid-Depth,21.705731581671703,10,6.882215352651359,10
WG,2021-12-07,Lower Photic,21.69769566781067,10,6.802772434461114,10
WG,2021-12-07,Deep,20.88575907083909,45,2.8482967827176564,45
WG,2022-01-18,Surface,21.07453471350397,10,6.878476075080256,10
WG,2022-01-18,Mid-Depth,21.072927972667888,10,6.816049052444788,10
WG,2022-01-18,Lower Photic,21.06849132698768,10,6.776602634802148,10
WG,2022-01-18,Deep,20.69917026756331,45,3.1765875823401006,45
WG,2022-02-08,Surface,20.89766157260516,10,6.440316666841075,10
WG,2022-02-08,Mid-Depth,20.9022882064072,10,6.381713722550627,10
WG,2022-02-08,Lower Photic,20.904288259452382,10,6.362516247975532,10
WG,2022-02-08,Deep,20.64274947210781,45,3.283359573208793,45
WG,2022-03-08,Surface,21.17413326691836,10,7.424582611545229,10
WG,2022-03-08,Mid-Depth,20.885228937760573,10,7.164004275947451,10
WG,2022-03-08,Lower Photic,20.64440116059964,10,6.675901000997537,10
WG,2022-03-08,Deep,20.4766756750085,45,4.060878505993252,45
WG,2022-04-05,Surface,22.39372774446548,10,7.156726438433705,10
WG,2022-04-05,Mid-Depth,21.90553897870628,10,7.063446306469333,10
WG,2022-04-05,Lower Photic,21.19788413430036,10,6.414962863749125,10
WG,2022-04-05,Deep,20.597871274952595,45,3.005345752650933,45
WG,2022-05-10,Surface,23.81797645405339,10,7.413255927014662,10
WG,2022-05-10,Mid-Depth,23.380417686843607,10,7.400860791036907,10
WG,2022-05-10,Lower Photic,21.57515729339436,10,5.946715296574576,10
WG,2022-05-10,Deep,20.623378416627485,45,2.7698070298041464,45
WG,2022-06-14,Surface,23.19544964262516,10,7.274676246021258,10
WG,2022-06-14,Mid-Depth,23.208821379084988,10,7.1753505064511405,10
WG,2022-06-14,Lower Photic,22.15342492546678,10,5.84482446686934,10
WG,2022-06-14,Deep,20.621746643898184,45,2.562967740663082,45
WG,2022-07-12,Surface,23.23836849855636,10,7.196972857123508,10
WG,2022-07-12,Mid-Depth,23.196234721738684,10,7.144872276084032,10
WG,2022-07-12,Lower Photic,22.34871715037267,10,6.011757592444637,10
WG,2022-07-12,Deep,20.659107772208905,45,2.351681121059916,45
WG,2022-08-09,Surface,22.97930542983302,10,7.046548124626495,10
WG,2022-08-09,Mid-Depth,22.97901980105248,10,7.003327405144208,10
WG,2022-08-09,Lower Photic,22.537957699691145,10,6.276434539725589,10
WG,2022-08-09,Deep,20.655145760220588,45,2.2831675556269886,45
WG,2022-09-06,Surface,23.848185020639672,10,7.427254032418356,10
WG,2022-09-06,Mid-Depth,23.59172025226024,10,7.400979166401974,10
WG,2022-09-06,Lower Photic,22.84054628134117,10,6.116851702180153,10
WG,2022-09-06,Deep,20.71038174278795,45,2.026514222715474,45
WG,2022-10-18,Surface,23.149471259312,10,7.216991368610286,10
WG,2022-10-18,Mid-Depth,23.10881056173056,10,7.120013567917629,10
WG,2022-10-18,Lower Photic,22.79593779532329,10,6.391990796454907,10
WG,2022-10-18,Deep,20.75667723795907,45,1.8555019868897349,45
WG,2022-11-08,Surface,23.137659347807947,10,7.209197224445541,10
WG,2022-11-08,Mid-Depth,23.10930718821313,10,7.11318092344608,10
WG,2022-11-08,Lower Photic,22.9109951721017,10,6.705340252761829,10
WG,2022-11-08,Deep,20.77707357171192,45,1.792862226982463,45
WG,2022-12-06,Surface,21.73569819817535,10,6.511771525404693,10
WG,2022-12-06,Mid-Depth,21.7440733546971,10,6.381686514272364,10
WG,2022-12-06,Lower Photic,21.742548009152465,10,6.363338093562627,10
WG,2022-12-06,Deep,20.93766457515671,45,2.800734808335158,45
WG,2023-01-17,Surface,20.99394838414328,10,6.592148399180625,10
WG,2023-01-17,Mid-Depth,21.001556870661048,10,6.537165576608009,10
WG,2023-01-17,Lower Photic,20.97586294406288,10,6.439611763713806,10
WG,2023-01-17,Deep,20.65266571246744,45,3.1087997914468835,45
WG,2023-02-14,Surface,20.68506813242942,10,6.03250191013713,10
WG,2023-02-14,Mid-Depth,20.68484479950747,10,5.894779720276981,10
WG,2023-02-14,Lower Photic,20.65669576680004,10,5.505836002191009,10
WG,2023-02-14,Deep,20.53698834073008,45,2.926832792413246,45
WG,2023-03-14,Surface,21.680289721,10,7.309642460000001,10
WG,2023-03-14,Mid-Depth,21.428955057,10,7.127664853000001,10
WG,2023-03-14,Lower Photic,20.768000625,10,5.6922322819,10
WG,2023-03-14,Deep,20.51439655012381,45,2.880858304726454,45
WG,2023-04-11,Surface,22.20287535275284,10,7.03316770343925,10
WG,2023-04-11,Mid-Depth,22.20223245510116,10,6.971184855771625,10
WG,2023-04-11,Lower Photic,21.44133599370464,10,6.134145512728665,10
WG,2023-04-11,Deep,20.552258485421337,45,2.723904782288887,45
WG,2023-05-09,Surface,23.53277389795064,10,7.428700809518669,10
WG,2023-05-09,Mid-Depth,23.38643000916425,10,7.363733683753351,10
WG,2023-05-09,Lower Photic,21.79851709558028,10,6.089374067277097,10
WG,2023-05-09,Deep,20.563203765936468,45,2.4251273300651404,45
WG,2023-06-13,Surface,24.662187705101303,10,7.288310030403705,10
WG,2023-06-13,Mid-Depth,24.45609847191324,10,7.271222545151535,10
WG,2023-06-13,Lower Photic,22.30218891645024,10,5.608636937888197,10
WG,2023-06-13,Deep,20.606345142456256,45,2.188734021181704,45
WG,2023-07-18,Surface,24.00403711135161,10,7.127888784727501,10
WG,2023-07-18,Mid-Depth,24.02036642623318,10,7.035389101609468,10
WG,2023-07-18,Lower Photic,23.042115273372296,10,5.629514530189132,10
WG,2023-07-18,Deep,20.66625243529616,45,1.9674108258526268,45
WG,2023-08-16,Surface,24.27790046496804,10,7.270920659066502,10
WG,2023-08-16,Mid-Depth,24.24322023882467,10,7.231524805255025,10
WG,2023-08-16,Lower Photic,23.14881260659314,10,5.293015262007037,10
WG,2023-08-16,Deep,20.685054734587474,45,1.7955975156177093,45
WG,2023-09-05,Surface,24.34232993579075,10,7.382138229383791,10
WG,2023-09-05,Mid-Depth,24.31208305958459,10,7.318839331736392,10
WG,2023-09-05,Lower Photic,23.47239551609574,10,6.123765857560941,10
WG,2023-09-05,Deep,20.66604424554727,45,1.6173097406711874,45
WG,2023-10-18,Surface,24.28494131434696,10,7.274266141172743,10
WG,2023-10-18,Mid-Depth,24.25192950606664,10,7.415781018330032,10
WG,2023-10-18,Lower Photic,23.756535783174968,10,6.005601123643365,10
WG,2023-10-18,Deep,20.81672168583737,45,1.679575643559969,45
WG,2023-11-14,Surface,22.65865215849052,10,6.62229102713413,10
WG,2023-11-14,Mid-Depth,22.66167667350738,10,6.5209503840688425,10
WG,2023-11-14,Lower Photic,22.64538838169514,10,6.477222770705093,10
WG,2023-11-14,Deep,20.91564527014057,45,1.8449077187595628,45
WG,2023-12-05,Surface,22.44864300491028,10,6.907667143567356,10
WG,2023-12-05,Mid-Depth,22.46159031008896,10,6.6826118189225125,10
WG,2023-12-05,Lower Photic,22.46699504908942,10,6.656891686298724,10
WG,2023-12-05,Deep,20.951747948101094,45,2.0610149540278515,45
WP,2014-02-26,Surface,21.82,10,7.922,10
WP,2014-02-26,Mid-Depth,20.8,10,6.487,10
WP,2014-02-26,Lower Photic,20.69,10,5.487,10
WP,2014-02-26,Deep,20.65474181879689,28,4.343876464631824,28
WP,2014-03-26,Surface,23.16,10,7.322500000000001,10
WP,2014-03-26,Mid-Depth,22.43,10,7.313000000000001,10
WP,2014-03-26,Lower Photic,21.81,10,6.855500000000001,10
WP,2014-03-26,Deep,20.948728602559736,28,4.624587824101312,28
WP,2014-04-22,Surface,22.820819755123388,10,7.029259034210144,10
WP,2014-04-22,Mid-Depth,22.117,10,7.074000000000001,10
WP,2014-04-22,Lower Photic,21.929,10,7.059,10
WP,2014-04-22,Deep,20.754674013902616,28,4.582334614440917,28
WP,2014-06-24,Surface,24.111999999999995,10,7.07,10
WP,2014-06-24,Mid-Depth,23.344999999999995,10,7.086999999999999,10
WP,2014-06-24,Lower Photic,22.773,10,6.412999999999999,10
WP,2014-06-24,Deep,20.94130878536389,28,3.303345421423143,28
WP,2014-07-23,Surface,23.404,10,6.754,10
WP,2014-07-23,Mid-Depth,23.028,10,6.598999999999999,10
WP,2014-07-23,Lower Photic,22.741000000000003,10,6.129,10
WP,2014-07-23,Deep,20.92910966421949,28,3.088464004016925,28
WP,2014-08-12,Surface,23.902000000000005,10,7.468999999999999,10
WP,2014-08-12,Mid-Depth,23.266,10,7.405000000000001,10
WP,2014-08-12,Lower Photic,22.73,10,6.535000000000001,10
WP,2014-08-12,Deep,20.96016837074225,28,3.043464376395076,28
WP,2014-09-08,Surface,23.926,10,8.227,10
WP,2014-09-08,Mid-Depth,23.277,10,8.091000000000001,10
WP,2014-09-08,Lower Photic,22.743,10,6.76,10
WP,2014-09-08,Deep,21.231102632094167,28,3.1993719015933584,28
WP,2014-10-07,Surface,24.179,10,8.796000000000001,10
WP,2014-10-07,Mid-Depth,23.27,10,8.199000000000002,10
WP,2014-10-07,Lower Photic,22.986,10,7.1240000000000006,10
WP,2014-10-07,Deep,21.22412062092228,28,2.890131881287136,28
WP,2014-11-11,Surface,22.958,10,7.695,10
WP,2014-11-11,Mid-Depth,22.273000000000003,10,7.047,10
WP,2014-11-11,Lower Photic,22.222,10,6.715000000000001,10
WP,2014-11-11,Deep,21.401960662327426,28,4.252633529415206,28
WP,2014-12-08,Surface,21.148000000000003,10,6.396,10
WP,2014-12-08,Mid-Depth,21.095,10,6.338,10
WP,2014-12-08,Lower Photic,21.087,10,6.269,10
WP,2014-12-08,Deep,20.775458590872216,28,3.873199125350234,28
WP,2015-01-14,Surface,20.468,10,7.169559132390569,10
WP,2015-01-14,Mid-Depth,20.39,10,6.872843833940081,10
WP,2015-01-14,Lower Photic,20.39,10,5.950619590630389,10
WP,2015-01-14,Deep,20.390099098755165,28,3.85460386090022,28
WP,2015-02-10,Surface,20.578000000000003,10,6.684,10
WP,2015-02-10,Mid-Depth,20.501,10,6.742999999999999,10
WP,2015-02-10,Lower Photic,20.4,10,6.767999999999999,10
WP,2015-02-10,Deep,20.34625494187224,28,6.5844980554522055,28
WP,2015-03-10,Surface,21.092,10,6.590999999999999,10
WP,2015-03-10,Mid-Depth,20.555,10,6.371,10
WP,2015-03-10,Lower Photic,20.353,10,5.502999999999999,10
WP,2015-03-10,Deep,20.34041464057534,28,4.968472297118564,28
WP,2015-04-14,Surface,22.788,10,7.175999999999999,10
WP,2015-04-14,Mid-Depth,22.023000000000003,10,7.238000000000001,10
WP,2015-04-14,Lower Photic,21.469,10,7.053,10
WP,2015-04-14,Deep,20.687730124514,28,5.121744315435806,28
WP,2015-05-05,Surface,23.741,10,6.746,10
WP,2015-05-05,Mid-Depth,22.761000000000003,10,7.4300000000000015,10
WP,2015-05-05,Lower Photic,21.568,10,6.993,10
WP,2015-05-05,Deep,20.5871921486204,28,4.601400663297592,28
WP,2015-06-09,Surface,24.01,10,7.414,10
WP,2015-06-09,Mid-Depth,23.934,10,7.437,10
WP,2015-06-09,Lower Photic,21.673,10,6.374,10
WP,2015-06-09,Deep,20.55391666666668,28,4.078017857142856,28
WP,2015-07-14,Surface,23.291000000000004,10,7.306,10
WP,2015-07-14,Mid-Depth,22.752,10,7.208,10
WP,2015-07-14,Lower Photic,22.503000000000004,10,6.737,10
WP,2015-07-14,Deep,20.688275087764485,28,3.775828197978658,28
WP,2015-08-10,Surface,24.422,10,7.801,10
WP,2015-08-10,Mid-Depth,23.609,10,7.871,10
WP,2015-08-10,Lower Photic,22.789,10,6.7700000000000005,10
WP,2015-08-10,Deep,20.819477764658853,28,3.3554683838262136,28
WP,2015-09-09,Surface,24.099,10,8.177999999999999,10
WP,2015-09-09,Mid-Depth,23.721,10,7.947000000000001,10
WP,2015-09-09,Lower Photic,23.198,10,6.575999999999999,10
WP,2015-09-09,Deep,20.977994204971093,28,3.068585944868278,28
WP,2015-10-06,Surface,24.536,10,8.117,10
WP,2015-10-06,Mid-Depth,23.736,10,7.654999999999999,10
WP,2015-10-06,Lower Photic,23.105,10,6.049999999999999,10
WP,2015-10-06,Deep,21.01324290557008,28,2.866165395270072,28
WP,2015-11-12,Surface,23.48,10,7.114,10
WP,2015-11-12,Mid-Depth,23.4,10,6.415000000000001,10
WP,2015-11-12,Lower Photic,23.21,10,5.264999999999999,10
WP,2015-11-12,Deep,21.74257642076336,28,2.824428829029815,28
WP,2015-12-08,Surface,22.055,10,7.26,10
WP,2015-12-08,Mid-Depth,21.993,10,7.220999999999999,10
WP,2015-12-08,Lower Photic,21.966,10,7.079000000000001,10
WP,2015-12-08,Deep,21.22329094279192,28,4.6778776526220325,28
WP,2016-01-19,Surface,21.597,10,7.321000000000001,10
WP,2016-01-19,Mid-Depth,21.505000000000003,10,7.1720000000000015,10
WP,2016-01-19,Lower Photic,21.476,10,6.911999999999999,10
WP,2016-01-19,Deep,21.13638095819075,28,5.418130485791225,28
WP,2016-02-16,Surface,21.178,10,7.4300000000000015,10
WP,2016-02-16,Mid-Depth,20.888,10,7.199000000000001,10
WP,2016-02-16,Lower Photic,20.821,10,6.705000000000001,10
WP,2016-02-16,Deep,20.71841587288776,28,5.686856551307464,28
WP,2016-03-08,Surface,21.840000000000003,10,8.180000000000001,10
WP,2016-03-08,Mid-Depth,20.972,10,7.816999999999998,10
WP,2016-03-08,Lower Photic,20.796,10,6.920999999999999,10
WP,2016-03-08,Deep,20.655870576258604,28,5.687210988119195,28
WP,2016-04-13,Surface,23.517000000000003,10,8.329,10
WP,2016-04-13,Mid-Depth,22.404000000000003,10,8.092,10
WP,2016-04-13,Lower Photic,21.546,10,6.461,10
WP,2016-04-13,Deep,20.7268459351996,28,4.647550532365473,28
WP,2016-05-17,Surface,24.137,10,8.019,10
WP,2016-05-17,Mid-Depth,23.618,10,8.222999999999999,10
WP,2016-05-17,Lower Photic,21.649,10,5.718,10
WP,2016-05-17,Deep,20.681335120062247,28,3.973363117442227,28
WP,2016-06-14,Surface,24.543,10,8.071000000000002,10
WP,2016-06-14,Mid-Depth,24.1,10,8.045999999999998,10
WP,2016-06-14,Lower Photic,22.617,10,5.649,10
WP,2016-06-14,Deep,20.796746737412327,28,3.2681523983473206,28
WP,2016-07-12,Surface,23.697,10,7.510000000000001,10
WP,2016-07-12,Mid-Depth,23.558,10,7.462999999999999,10
WP,2016-07-12,Lower Photic,22.458,10,4.426,10
WP,2016-07-12,Deep,20.7527289552278,28,2.92617067130562,28
WP,2016-08-10,Surface,24.26,10,7.749,10
WP,2016-08-10,Mid-Depth,23.752,10,7.922,10
WP,2016-08-10,Lower Photic,23.106,10,7.531000000000001,10
WP,2016-08-10,Deep,20.905914569676128,28,2.917056378234032,28
WP,2016-09-07,Surface,24.039000000000005,10,7.764999999999999,10
WP,2016-09-07,Mid-Depth,23.663,10,7.800999999999999,10
WP,2016-09-07,Lower Photic,23.308,10,7.161,10
WP,2016-09-07,Deep,20.77869216779477,28,2.9210601147170285,28
WP,2016-10-12,Surface,23.433,10,7.244,10
WP,2016-10-12,Mid-Depth,23.354,10,7.259,10
WP,2016-10-12,Lower Photic,23.077,10,6.472,10
WP,2016-10-12,Deep,20.95828571428571,28,2.1831428571428573,28
WP,2016-11-09,Surface,23.112,10,7.537999999999999,10
WP,2016-11-09,Mid-Depth,22.745,10,7.511999999999999,10
WP,2016-11-09,Lower Photic,22.651,10,7.237,10
WP,2016-11-09,Deep,21.294440244928698,28,3.036025153399657,28
WP,2016-12-05,Surface,22.232000000000003,10,7.93,10
WP,2016-12-05,Mid-Depth,21.745,10,7.644,10
WP,2016-12-05,Lower Photic,21.619,10,6.910000000000001,10
WP,2016-12-05,Deep,21.18387846102356,28,4.641783043750786,28
WP,2017-02-08,Surface,21.029,10,6.405000000000001,10
WP,2017-02-08,Mid-Depth,20.646,10,6.115,10
WP,2017-02-08,Lower Photic,20.418,10,5.373,10
WP,2017-02-08,Deep,20.388693199160365,28,4.642203912404544,28
WP,2017-03-14,Surface,21.227,10,7.396000000000001,10
WP,2017-03-14,Mid-Depth,20.559,10,6.496,10
WP,2017-03-14,Lower Photic,20.469,10,5.792,10
WP,2017-03-14,Deep,20.40332641289661,28,4.846658331653394,28
WP,2017-04-19,Surface,21.935,10,7.601000000000001,10
WP,2017-04-19,Mid-Depth,21.447000000000003,10,7.505,10
WP,2017-04-19,Lower Photic,21.22,10,7.097999999999999,10
WP,2017-04-19,Deep,20.599374218317617,28,5.372386257965104,28
WP,2017-05-16,Surface,23.590000000000003,10,7.823,10
WP,2017-05-16,Mid-Depth,22.799,10,7.834999999999999,10
WP,2017-05-16,Lower Photic,21.892,10,7.167999999999999,10
WP,2017-05-16,Deep,20.644413416383568,28,4.978771868281113,28
WP,2017-06-13,Surface,24.095,10,8.091,10
WP,2017-06-13,Mid-Depth,23.405,10,7.886999999999999,10
WP,2017-06-13,Lower Photic,21.989000000000004,10,6.564,10
WP,2017-06-13,Deep,20.647417012463176,28,4.53158607226407,28
WP,2017-07-11,Surface,23.961,10,8.538,10
WP,2017-07-11,Mid-Depth,22.953,10,7.824,10
WP,2017-07-11,Lower Photic,21.81,10,6.103,10
WP,2017-07-11,Deep,20.621789970778,28,3.978683315626394,28
WP,2017-08-08,Surface,23.703,10,8.116,10
WP,2017-08-08,Mid-Depth,23.367,10,8.196,10
WP,2017-08-08,Lower Photic,22.6,10,6.824,10
WP,2017-08-08,Deep,20.698672586231275,28,3.420843768863425,28
WP,2017-09-12,Surface,24.228,10,7.318,10
WP,2017-09-12,Mid-Depth,23.613,10,7.148000000000001,10
WP,2017-09-12,Lower Photic,22.769,10,5.284999999999999,10
WP,2017-09-12,Deep,20.843421197438893,28,2.519770908592036,28
WP,2017-10-12,Surface,23.679,10,6.0840000000000005,10
WP,2017-10-12,Mid-Depth,23.303,10,5.99,10
WP,2017-10-12,Lower Photic,23.055,10,5.33,10
WP,2017-10-12,Deep,20.91563908949147,28,2.1212470581010647,28
WP,2017-11-07,Surface,23.357,10,7.736,10
WP,2017-11-07,Mid-Depth,22.791,10,7.266999999999999,10
WP,2017-11-07,Lower Photic,22.687,10,6.825,10
WP,2017-11-07,Deep,21.022885102666827,28,2.744725600597463,28
WP,2017-12-13,Surface,22.85654530101157,10,4.601999999999999,10
WP,2017-12-13,Mid-Depth,22.40151184741037,10,4.6450000000000005,10
WP,2017-12-13,Lower Photic,21.84580355393476,10,4.6,10
WP,2017-12-13,Deep,20.812331300128186,28,3.827177329238359,28
WP,2018-01-11,Surface,20.711728466416112,10,6.832807484017145,10
WP,2018-01-11,Mid-Depth,20.52941226112913,10,5.406894123068633,10
WP,2018-01-11,Lower Photic,20.49064673247582,10,4.967269666902449,10
WP,2018-01-11,Deep,20.4578569548137,28,4.531883470386251,28
WP,2018-02-07,Surface,20.38326224079072,10,4.088988575432203,10
WP,2018-02-07,Mid-Depth,20.271800210341247,10,3.027145667155224,10
WP,2018-02-07,Lower Photic,20.26118102471612,10,3.030612204561657,10
WP,2018-02-07,Deep,20.2744035029273,28,2.836664945131185,28
WP,2018-02-28,Surface,20.61521865152646,10,5.242853720726248,10
WP,2018-02-28,Mid-Depth,20.31940467713211,10,3.8233349019101817,10
WP,2018-02-28,Lower Photic,20.26470012397845,10,3.524572588131281,10
WP,2018-02-28,Deep,20.259879846587864,28,3.050156738045001,28
WP,2018-03-13,Surface,20.80626475191963,10,6.328672046938283,10
WP,2018-03-13,Mid-Depth,20.393848490652623,10,4.649091489302416,10
WP,2018-03-13,Lower Photic,20.33599933454878,10,4.274481645258261,10
WP,2018-03-13,Deep,20.27746029120098,28,3.4083691601748027,28
WP,2018-04-10,Surface,21.88246262141918,10,6.84209164622218,10
WP,2018-04-10,Mid-Depth,21.532780269068788,10,6.698896839003399,10
WP,2018-04-10,Lower Photic,20.99445776402309,10,5.603822549639864,10
WP,2018-04-10,Deep,20.33686763717663,28,3.326077914892877,28
WP,2018-05-15,Surface,23.146822811498048,10,7.325109273778745,10
WP,2018-05-15,Mid-Depth,22.20411440706433,10,7.002865846313318,10
WP,2018-05-15,Lower Photic,21.39562355472276,10,5.5724730963642655,10
WP,2018-05-15,Deep,20.518138498145667,28,3.382603777191165,28
WP,2018-06-12,Surface,23.62795667006916,10,7.035633129217297,10
WP,2018-06-12,Mid-Depth,22.8438612548663,10,6.273982566374345,10
WP,2018-06-12,Lower Photic,21.20327537206624,10,4.214252392543126,10
WP,2018-06-12,Deep,20.43479830736181,28,2.794287558524394,28
WP,2018-07-17,Surface,22.2706696823305,10,6.614298728285689,10
WP,2018-07-17,Mid-Depth,22.229187674212938,10,6.484498956866044,10
WP,2018-07-17,Lower Photic,21.714162289266547,10,5.196334308373964,10
WP,2018-07-17,Deep,20.44098931849626,28,2.473150887858882,28
WP,2018-08-14,Surface,23.37909296237438,10,7.00893985272605,10
WP,2018-08-14,Mid-Depth,22.9806519979068,10,6.861045867954014,10
WP,2018-08-14,Lower Photic,22.34167426723897,10,6.142171481250903,10
WP,2018-08-14,Deep,20.72941876871469,28,2.7924976524239464,28
WP,2018-09-11,Surface,23.93497566140811,10,7.23588162100724,10
WP,2018-09-11,Mid-Depth,23.58357554479121,10,7.0772773937266695,10
WP,2018-09-11,Lower Photic,22.4521945564082,10,5.504410314507718,10
WP,2018-09-11,Deep,20.737803510348588,28,2.5331078130853286,28
WP,2018-12-12,Surface,21.586443712224508,10,5.7969988594139865,10
WP,2018-12-12,Mid-Depth,21.58402923405941,10,5.781349460642111,10
WP,2018-12-12,Lower Photic,21.57820391892336,10,5.618874769972146,10
WP,2018-12-12,Deep,21.065482722163555,28,3.302660732077626,28
WP,2019-02-12,Surface,20.71869925697323,10,6.883,10
WP,2019-02-12,Mid-Depth,20.579331532539435,10,6.324,10
WP,2019-02-12,Lower Photic,20.54902347742882,10,5.997999999999999,10
WP,2019-02-12,Deep,20.500762029333902,28,7.146249609653334,28
WP,2019-03-12,Surface,21.08422184169362,10,7.044000000000001,10
WP,2019-03-12,Mid-Depth,20.82476866584151,10,6.289,10
WP,2019-03-12,Lower Photic,20.687076557846872,10,5.917,10
WP,2019-03-12,Deep,20.53958251974206,28,4.819727396809043,28
WP,2019-04-09,Surface,21.963005361368875,10,7.489,10
WP,2019-04-09,Mid-Depth,21.272525546582266,10,6.682,10
WP,2019-04-09,Lower Photic,21.0738058604502,10,6.117,10
WP,2019-04-09,Deep,20.61510046622468,28,4.556708070814591,28
WP,2019-05-14,Surface,23.97121015014809,10,7.663388640401498,10
WP,2019-05-14,Mid-Depth,22.53647540596285,10,6.888368524818205,10
WP,2019-05-14,Lower Photic,21.22958543792721,10,5.0991034488551765,10
WP,2019-05-14,Deep,20.664888635643013,28,3.770802920999444,28
WP,2019-06-12,Surface,24.1334871262916,10,7.040495497423756,10
WP,2019-06-12,Mid-Depth,23.403313479058816,10,6.821973260548778,10
WP,2019-06-12,Lower Photic,21.6800854413152,10,4.634086725132006,10
WP,2019-06-12,Deep,20.72234373198072,28,3.324823584162566,28
WP,2019-07-12,Surface,23.594042827566337,10,6.830180703093423,10
WP,2019-07-12,Mid-Depth,23.49745459563775,10,6.775990405432606,10
WP,2019-07-12,Lower Photic,22.023235262389687,10,4.884856484246746,10
WP,2019-07-12,Deep,20.71377135065733,28,3.240852733780348,28
WP,2019-08-13,Surface,23.78624623678585,10,7.245586744375744,10
WP,2019-08-13,Mid-Depth,23.47751743106405,10,6.883878015328255,10
WP,2019-08-13,Lower Photic,23.06374173329913,10,5.921040774724335,10
WP,2019-08-13,Deep,20.85991273969124,28,3.033759373727341,28
WP,2019-09-10,Surface,24.18208742045478,10,7.200876271314874,10
WP,2019-09-10,Mid-Depth,23.68969534827089,10,6.644413473875666,10
WP,2019-09-10,Lower Photic,22.53917355470445,10,4.569111208768785,10
WP,2019-09-10,Deep,20.80504692233455,28,2.668971056086904,28
WP,2020-01-23,Surface,20.954082754942075,10,6.335848093098865,10
WP,2020-01-23,Mid-Depth,20.849833124084537,10,6.28125957403624,10
WP,2020-01-23,Lower Photic,20.81433896576933,10,6.174819361273171,10
WP,2020-01-23,Deep,20.72848560219413,28,5.122441938675883,28
WP,2020-02-11,Surface,21.44657093382677,10,7.52830324752995,10
WP,2020-02-11,Mid-Depth,21.041045762988333,10,7.008601289296733,10
WP,2020-02-11,Lower Photic,20.94462092319957,10,6.310705447232463,10
WP,2020-02-11,Deep,20.748335414942662,28,4.616227989821224,28
WP,2020-03-10,Surface,20.93998543503281,10,6.500392180198216,10
WP,2020-03-10,Mid-Depth,20.87852478096162,10,6.129893714890609,10
WP,2020-03-10,Lower Photic,20.82225322490892,10,5.956787393916513,10
WP,2020-03-10,Deep,20.72873243671404,28,5.0961966820340425,28
WP,2020-08-11,Surface,23.90387282843872,10,7.035147387485495,10
WP,2020-08-11,Mid-Depth,23.756798392878483,10,6.841608308397056,10
WP,2020-08-11,Lower Photic,22.56977655943377,10,5.181510828898157,10
WP,2020-08-11,Deep,20.886945593895625,28,3.1363273119128925,28
WP,2020-09-08,Surface,23.87986420667449,10,7.216914037596399,10
WP,2020-09-08,Mid-Depth,23.62217056580693,10,6.890210419367932,10
WP,2020-09-08,Lower Photic,22.83420650798304,10,5.445179624779054,10
WP,2020-09-08,Deep,20.89976544667231,28,2.9005386664019537,28
WP,2020-10-13,Surface,23.83322046177468,10,7.054449248472167,10
WP,2020-10-13,Mid-Depth,23.62650320159469,10,6.659598255720264,10
WP,2020-10-13,Lower Photic,22.769588931761664,10,5.045089715615772,10
WP,2020-10-13,Deep,20.88183709049552,28,2.758344609036528,28
WP,2020-11-10,Surface,22.912417831126724,10,6.905031464437414,10
WP,2020-11-10,Mid-Depth,22.75522009730316,10,6.554443080577729,10
WP,2020-11-10,Lower Photic,22.65056717023602,10,6.235661531106151,10
WP,2020-11-10,Deep,21.10667370107319,28,3.045579131565656,28
WP,2020-12-08,Surface,21.95473398523492,10,6.426168501765517,10
WP,2020-12-08,Mid-Depth,21.918888498836747,10,6.294453928835151,10
WP,2020-12-08,Lower Photic,21.91287088221318,10,6.295116038791193,10
WP,2020-12-08,Deep,21.285664401979425,28,4.008575871791509,28
WP,2021-01-19,Surface,21.20120299775628,10,6.488935678034641,10
WP,2021-01-19,Mid-Depth,21.154827516148607,10,6.421262787307008,10
WP,2021-01-19,Lower Photic,21.15084930018704,10,6.359652662243395,10
WP,2021-01-19,Deep,20.99439786499239,28,5.100070603784956,28
WP,2021-02-16,Surface,21.513667272037747,10,7.468965258847021,10
WP,2021-02-16,Mid-Depth,21.12925806815824,10,7.052658585313783,10
WP,2021-02-16,Lower Photic,20.99571058575264,10,6.547203630788262,10
WP,2021-02-16,Deep,20.79704285536094,28,5.054401743808752,28
WP,2021-03-16,Surface,21.40675894365114,10,7.244941371173125,10
WP,2021-03-16,Mid-Depth,21.03239370180336,10,6.825299761668108,10
WP,2021-03-16,Lower Photic,20.896399222545018,10,6.178917211188063,10
WP,2021-03-16,Deep,20.78092713705899,28,5.079508626804814,28
WP,2021-04-13,Surface,21.96442468901185,10,7.496495110896964,10
WP,2021-04-13,Mid-Depth,21.22585403709931,10,7.098614824828087,10
WP,2021-04-13,Lower Photic,21.10291966029589,10,6.754932520394822,10
WP,2021-04-13,Deep,20.84672790327278,28,5.255527781501748,28
WP,2021-05-11,Surface,22.990851073729907,10,7.255289221390237,10
WP,2021-05-11,Mid-Depth,22.080596005656453,10,6.82291448923749,10
WP,2021-05-11,Lower Photic,21.2605374544831,10,5.995708361099196,10
WP,2021-05-11,Deep,20.890090376972378,28,4.705948428215087,28
WP,2021-06-08,Surface,24.44517555816499,10,7.302313347228482,10
WP,2021-06-08,Mid-Depth,23.06818011349025,10,6.848264432714369,10
WP,2021-06-08,Lower Photic,21.207483101151944,10,5.321212560411159,10
WP,2021-06-08,Deep,20.85978548857764,28,4.3469470609596135,28
WP,2021-07-13,Surface,23.57749420439968,10,7.42896455955696,10
WP,2021-07-13,Mid-Depth,23.47561484435896,10,7.070691428226104,10
WP,2021-07-13,Lower Photic,21.89356292378778,10,4.9892537800484025,10
WP,2021-07-13,Deep,20.918931071599467,28,4.006853177750606,28
WP,2021-08-10,Surface,23.75158967872673,10,7.493678830419123,10
WP,2021-08-10,Mid-Depth,23.3404318627202,10,7.11867100090453,10
WP,2021-08-10,Lower Photic,22.40181326369511,10,5.871678735743343,10
WP,2021-08-10,Deep,20.98167961682661,28,3.836626639686653,28
WP,2021-09-07,Surface,24.214375848591818,10,7.32590973438919,10
WP,2021-09-07,Mid-Depth,23.63825107301483,10,7.09863379514289,10
WP,2021-09-07,Lower Photic,22.919909341518867,10,6.218879366931659,10
WP,2021-09-07,Deep,20.94680310667152,28,3.3896729672337087,28
WP,2021-10-12,Surface,24.29906229913901,10,7.329613720415077,10
WP,2021-10-12,Mid-Depth,23.86054057801061,10,7.403743587431082,10
WP,2021-10-12,Lower Photic,22.98816038231881,10,5.754076803176401,10
WP,2021-10-12,Deep,20.973752951736085,28,3.237937273534263,28
WP,2021-11-09,Surface,23.328363384975173,10,6.783403148552489,10
WP,2021-11-09,Mid-Depth,23.17764060232907,10,6.667929379921797,10
WP,2021-11-09,Lower Photic,23.08450719785789,10,6.374768668161933,10
WP,2021-11-09,Deep,21.12727742451309,28,2.856611781781285,28
WP,2021-12-07,Surface,21.81951092537775,10,6.959943041955997,10
WP,2021-12-07,Mid-Depth,21.69455666736132,10,6.85835438386597,10
WP,2021-12-07,Lower Photic,21.679872396043823,10,6.741850015733645,10
WP,2021-12-07,Deep,21.19251799681162,28,4.275333857398258,28
WP,2022-01-18,Surface,21.20587999436035,10,6.7209522775541926,10
WP,2022-01-18,Mid-Depth,21.02690107710983,10,6.005535010453704,10
WP,2022-01-18,Lower Photic,20.992683126321243,10,5.708152865170077,10
WP,2022-01-18,Deep,20.88040554693846,28,4.470624950820818,28
WP,2022-02-08,Surface,21.091913663942098,10,6.524381518137143,10
WP,2022-02-08,Mid-Depth,20.98715994413434,10,6.265651694588199,10
WP,2022-02-08,Lower Photic,20.857486361980268,10,5.879528570958953,10
WP,2022-02-08,Deep,20.779946627064664,28,5.056422102250402,28
WP,2022-03-08,Surface,21.2249737732757,10,7.493687423573286,10
WP,2022-03-08,Mid-Depth,20.71658244161616,10,6.638364041130727,10
WP,2022-03-08,Lower Photic,20.58776414209976,10,6.058230533067445,10
WP,2022-03-08,Deep,20.543435439136008,28,5.450287680782765,28
WP,2022-04-05,Surface,22.83440676501534,10,7.105142085845076,10
WP,2022-04-05,Mid-Depth,21.80621265504957,10,7.052260886981154,10
WP,2022-04-05,Lower Photic,21.17621993498846,10,6.425206995088153,10
WP,2022-04-05,Deep,20.71477529282488,28,4.889056283917858,28
WP,2022-05-10,Surface,24.27777163888648,10,7.451125349514707,10
WP,2022-05-10,Mid-Depth,22.959607198251987,10,7.247968240721934,10
WP,2022-05-10,Lower Photic,21.535123413136738,10,5.826416634789838,10
WP,2022-05-10,Deep,20.74535478870412,28,4.400329737234238,28
WP,2022-06-14,Surface,23.504156140537592,10,7.264273564230143,10
WP,2022-06-14,Mid-Depth,22.952342831513867,10,6.908566438242319,10
WP,2022-06-14,Lower Photic,22.00210612903427,10,5.610099810326768,10
WP,2022-06-14,Deep,20.764003472066783,28,3.933401668220553,28
WP,2022-07-12,Surface,23.568189242699923,10,7.345525120989478,10
WP,2022-07-12,Mid-Depth,22.939957395156007,10,7.223689475200956,10
WP,2022-07-12,Lower Photic,22.30383746323597,10,5.982409924694454,10
WP,2022-07-12,Deep,20.8059395854574,28,3.5598739520776923,28
WP,2022-08-09,Surface,23.01833219316259,10,7.121435244638391,10
WP,2022-08-09,Mid-Depth,22.9151277301989,10,7.134868020516317,10
WP,2022-08-09,Lower Photic,22.55481289548877,10,6.408789154316662,10
WP,2022-08-09,Deep,20.9254323514564,28,3.376321373679352,28
WP,2022-09-06,Surface,24.21986503743888,10,7.6260790148617135,10
WP,2022-09-06,Mid-Depth,23.50007190587342,10,7.222698502763674,10
WP,2022-09-06,Lower Photic,22.83352035584758,10,6.057194034144175,10
WP,2022-09-06,Deep,21.02368717232498,28,3.281831800050519,28
WP,2022-10-18,Surface,23.47225693808865,10,7.139528106121981,10
WP,2022-10-18,Mid-Depth,22.90021685299433,10,6.554359472048932,10
WP,2022-10-18,Lower Photic,22.78087220723973,10,6.3180598561865855,10
WP,2022-10-18,Deep,21.16489452654879,28,3.0419137062120574,28
WP,2022-11-08,Surface,23.38460128201135,10,7.274334239645303,10
WP,2022-11-08,Mid-Depth,22.962258363985747,10,6.616832768975259,10
WP,2022-11-08,Lower Photic,22.79701999496312,10,6.145791676177901,10
WP,2022-11-08,Deep,21.11071902332004,28,2.7677437758999943,28
WP,2022-12-06,Surface,21.801692522123385,10,6.385192728169757,10
WP,2022-12-06,Mid-Depth,21.68716272552024,10,6.263987038763118,10
WP,2022-12-06,Lower Photic,21.68300107896136,10,6.188045307992141,10
WP,2022-12-06,Deep,21.162390655318067,28,4.022589753100443,28
WP,2023-01-17,Surface,21.22796969517559,10,6.47515149900386,10
WP,2023-01-17,Mid-Depth,21.03422308643437,10,6.309286564427331,10
WP,2023-01-17,Lower Photic,20.90515890006721,10,5.945738580121877,10
WP,2023-01-17,Deep,20.78594093219512,28,4.968988938878508,28
WP,2023-02-14,Surface,20.777742606340528,10,5.743212947194588,10
WP,2023-02-14,Mid-Depth,20.658290771033258,10,5.557036533090875,10
WP,2023-02-14,Lower Photic,20.643359126695184,10,5.478321056607438,10
WP,2023-02-14,Deep,20.58517005441922,28,4.894774553369195,28
WP,2023-03-14,Surface,22.048728952384018,10,7.495216034541437,10
WP,2023-03-14,Mid-Depth,21.258327196312912,10,7.09842821657473,10
WP,2023-03-14,Lower Photic,20.680333419087617,10,5.224445549232814,10
WP,2023-03-14,Deep,20.570243437611385,28,4.172061505340077,28
WP,2023-04-11,Surface,22.22138139762644,10,7.123211012038534,10
WP,2023-04-11,Mid-Depth,22.06665392815408,10,7.041921119011652,10
WP,2023-04-11,Lower Photic,21.42494342729471,10,6.203455990580685,10
WP,2023-04-11,Deep,20.62098656194404,28,3.9536407714304778,28
WP,2023-05-09,Surface,23.96707384429014,10,7.629857205722752,10
WP,2023-05-09,Mid-Depth,22.888661486395723,10,7.555051265947801,10
WP,2023-05-09,Lower Photic,21.6452702340898,10,5.813991491097372,10
WP,2023-05-09,Deep,20.646916901922243,28,3.5951388461859586,28
WP,2023-06-13,Surface,24.857123595652418,10,7.504079356709165,10
WP,2023-06-13,Mid-Depth,24.16289809428636,10,7.494067156308223,10
WP,2023-06-13,Lower Photic,22.15603587500967,10,5.335613492923909,10
WP,2023-06-13,Deep,20.7761152493531,28,3.2801674513587487,28
WP,2023-07-18,Surface,24.054968369378283,10,7.194278190913813,10
WP,2023-07-18,Mid-Depth,23.84672189656795,10,6.903628505218866,10
WP,2023-07-18,Lower Photic,22.282960072099968,10,4.245341566302455,10
WP,2023-07-18,Deep,20.76442388341324,28,2.96990530946432,28
WP,2023-08-16,Surface,24.32751398607627,10,7.447942195524229,10
WP,2023-08-16,Mid-Depth,23.975753836484905,10,6.809705539746913,10
WP,2023-08-16,Lower Photic,22.801933864354687,10,4.613970068711329,10
WP,2023-08-16,Deep,20.72964170161616,28,2.3948475055785168,28
WP,2023-09-05,Surface,24.63022235857349,10,7.608909412579578,10
WP,2023-09-05,Mid-Depth,24.09660062594,10,7.360260065096696,10
WP,2023-09-05,Lower Photic,23.09031226048301,10,4.921358667547851,10
WP,2023-09-05,Deep,20.78196368659261,28,2.24603625985483,28
WP,2023-10-18,Surface,24.333407135788622,10,7.038533421632619,10
WP,2023-10-18,Mid-Depth,24.17395234921002,10,6.803611750846206,10
WP,2023-10-18,Lower Photic,23.73969837748268,10,5.62774084256608,10
WP,2023-10-18,Deep,21.10202943763247,28,2.1425045708343458,28
WP,2023-11-14,Surface,22.66241846166209,10,6.626412060421837,10
WP,2023-11-14,Mid-Depth,22.549414888026696,10,6.361575563227011,10
WP,2023-11-14,Lower Photic,22.53359062714218,10,6.240659336379596,10
WP,2023-11-14,Deep,21.344200100156304,28,3.358471093870751,28
WP,2023-12-05,Surface,22.434656237172668,10,6.615766634872022,10
WP,2023-12-05,Mid-Depth,22.35279087187015,10,6.387822541703274,10
WP,2023-12-05,Lower Photic,22.347142725041618,10,6.335756275701633,10
WP,2023-12-05,Deep,21.423331196935315,28,3.79636618126489,28
