location,date,depth_group,value_temp,measurement_count_temp,value_chlorophyll_a,measurement_count_chlorophyll_a
SA,2014-02-18,Surface,20.816331114433734,10,3.2544075661787337,10
SA,2014-02-18,Mid-Depth,20.603,10,4.886576399017274,10
SA,2014-02-18,Lower Photic,20.48,10,3.507490110101724,10
SA,2014-02-18,Deep,20.441551738464373,22,3.158719954306929,22
SA,2014-03-26,Surface,22.4,10,0.5750857142857143,10
SA,2014-03-26,Mid-Depth,21.97,10,3.129142857142857,10
SA,2014-03-26,Lower Photic,21.520000000000003,10,2.6554043834081824,10
SA,2014-03-26,Deep,21.01063808710936,22,0.8387350037130111,22
SA,2014-04-22,Surface,22.303,10,1.34,10
SA,2014-04-22,Mid-Depth,22.048,10,1.855,10
SA,2014-04-22,Lower Photic,21.842,10,2.182,10
SA,2014-04-22,Deep,20.66855098477049,22,0.5917575158163477,22
SA,2014-05-19,Surface,22.9155,10,1.0155,10
SA,2014-05-19,Mid-Depth,22.599,10,1.433,10
SA,2014-05-19,Lower Photic,22.4,10,1.073,10
SA,2014-05-19,Deep,20.99924242424242,22,0.4975757575757576,22
SA,2014-06-24,Surface,23.541,10,1.371,10
SA,2014-06-24,Mid-Depth,23.133,10,1.363,10
SA,2014-06-24,Lower Photic,22.654000000000003,10,1.326,10
SA,2014-06-24,Deep,21.05348484848485,22,0.4631818181818181,22
SA,2014-07-22,Surface,23.356,10,0.6140000000000001,10
SA,2014-07-22,Mid-Depth,23.296,10,1.215,10
SA,2014-07-22,Lower Photic,22.997,10,1.209,10
SA,2014-07-22,Deep,21.07992424242424,22,0.4874999999999999,22
SA,2014-08-12,Surface,23.23,10,1.048,10
SA,2014-08-12,Mid-Depth,22.876,10,1.393,10
SA,2014-08-12,Lower Photic,22.722,10,1.438,10
SA,2014-08-12,Deep,21.24153783549198,22,0.6010520953957537,22
SA,2014-09-08,Surface,23.408,10,1.311,10
SA,2014-09-08,Mid-Depth,23.258,10,1.6329999999999998,10
SA,2014-09-08,Lower Photic,22.981,10,1.012,10
SA,2014-09-08,Deep,21.29742424242424,22,0.5309848484848486,22
SA,2014-10-07,Surface,23.492,10,2.416,10
SA,2014-10-07,Mid-Depth,23.29,10,3.455,10
SA,2014-10-07,Lower Photic,23.025,10,1.847,10
SA,2014-10-07,Deep,21.42108675155601,22,0.4542977025062711,22
SA,2014-11-11,Surface,22.344,10,3.05,10
SA,2014-11-11,Mid-Depth,22.249,10,3.532,10
SA,2014-11-11,Lower Photic,22.201,10,2.274,10
SA,2014-11-11,Deep,21.467100365661487,22,1.5454633273469782,22
SA,2014-12-08,Surface,21.139,10,2.8155,10
SA,2014-12-08,Mid-Depth,21.133,10,3.351,10
SA,2014-12-08,Lower Photic,21.131,10,3.567,10
SA,2014-12-08,Deep,21.12462121212121,22,3.967727272727273,22
SA,2015-01-13,Surface,20.436,10,3.1979999999999995,10
SA,2015-01-13,Mid-Depth,20.357,10,4.276000000000001,10
SA,2015-01-13,Lower Photic,20.237,10,4.405,10
SA,2015-01-13,Deep,20.19439393939394,22,4.475227272727272,22
SA,2015-02-10,Surface,20.545,10,3.136,10
SA,2015-02-10,Mid-Depth,20.323,10,2.059,10
SA,2015-02-10,Lower Photic,20.225,10,1.593,10
SA,2015-02-10,Deep,20.176893939393945,22,1.8758333333333328,22
SA,2015-03-10,Surface,20.569,10,2.96,10
SA,2015-03-10,Mid-Depth,20.451,10,4.984,10
SA,2015-03-10,Lower Photic,20.369,10,4.583,10
SA,2015-03-10,Deep,20.305909090909097,22,5.040530303030303,22
SA,2015-04-14,Surface,22.049,10,0.776,10
SA,2015-04-14,Mid-Depth,21.45,10,1.168,10
SA,2015-04-14,Lower Photic,21.24,10,1.0720000000000005,10
SA,2015-04-14,Deep,20.531136363636367,22,0.5587878787878787,22
SA,2015-06-09,Surface,23.843,10,0.711,10
SA,2015-06-09,Mid-Depth,23.772,10,0.929,10
SA,2015-06-09,Lower Photic,22.211,10,0.937,10
SA,2015-06-09,Deep,20.6980303030303,22,0.5393939393939392,22
SA,2015-07-14,Surface,22.84,10,1.2520000000000002,10
SA,2015-07-14,Mid-Depth,22.804,10,1.988,10
SA,2015-07-14,Lower Photic,22.655,10,1.437,10
SA,2015-07-14,Deep,20.87621212121212,22,0.7236363636363637,22
SA,2015-08-10,Surface,23.6,10,1.357,10
SA,2015-08-10,Mid-Depth,23.409,10,1.645,10
SA,2015-08-10,Lower Photic,22.787,10,1.19,10
SA,2015-08-10,Deep,21.0689393939394,22,0.730378787878788,22
SA,2015-09-09,Surface,23.729000000000003,10,1.594,10
SA,2015-09-09,Mid-Depth,23.603,10,2.521,10
SA,2015-09-09,Lower Photic,23.267000000000003,10,2.26,10
SA,2015-09-09,Deep,21.08113636363636,22,0.6046969696969697,22
SA,2015-10-06,Surface,23.903,10,1.836,10
SA,2015-10-06,Mid-Depth,23.627,10,2.045,10
SA,2015-10-06,Lower Photic,23.235000000000003,10,1.287,10
SA,2015-10-06,Deep,21.183636363636364,22,0.4741666666666667,22
SA,2015-11-11,Surface,23.53,10,2.4915392856423737,10
SA,2015-11-11,Mid-Depth,23.5,10,3.0906202603698234,10
SA,2015-11-11,Lower Photic,23.41,10,2.576048265567105,10
SA,2015-11-11,Deep,21.748565435402423,22,1.4276198709673351,22
SA,2016-01-19,Surface,21.549,10,1.8560000000000003,10
SA,2016-01-19,Mid-Depth,21.534,10,2.124,10
SA,2016-01-19,Lower Photic,21.51,10,2.3470000000000004,10
SA,2016-01-19,Deep,21.36431818181818,22,1.6234848484848483,22
SA,2016-02-16,Surface,20.9,10,3.079947655254644,10
SA,2016-02-16,Mid-Depth,20.811,10,2.7880000000000003,10
SA,2016-02-16,Lower Photic,20.686,10,2.4855,10
SA,2016-02-16,Deep,20.638484848484847,22,2.308181818181818,22
SA,2016-03-01,Surface,21.147,10,3.553,10
SA,2016-03-01,Mid-Depth,20.798,10,3.173,10
SA,2016-03-01,Lower Photic,20.732,10,1.972,10
SA,2016-03-01,Deep,20.64598484848485,22,1.4427272727272726,22
SA,2016-04-12,Surface,22.469,10,1.759,10
SA,2016-04-12,Mid-Depth,22.258000000000003,10,2.3070000000000004,10
SA,2016-04-12,Lower Photic,21.311,10,1.235,10
SA,2016-04-12,Deep,20.72515151515152,22,0.3359090909090909,22
SA,2016-05-17,Surface,23.731,10,0.7969999999999999,10
SA,2016-05-17,Mid-Depth,23.499,10,1.243,10
SA,2016-05-17,Lower Photic,21.894,10,0.759,10
SA,2016-05-17,Deep,20.83318181818182,22,0.2252272727272727,22
SA,2016-06-14,Surface,23.969,10,0.479,10
SA,2016-06-14,Mid-Depth,23.884000000000004,10,1.038,10
SA,2016-06-14,Lower Photic,23.028,10,0.996,10
SA,2016-06-14,Deep,20.852954545454548,22,0.3159848484848485,22
SA,2016-07-12,Surface,23.888,10,0.8859999999999999,10
SA,2016-07-12,Mid-Depth,23.694,10,1.249,10
SA,2016-07-12,Lower Photic,22.484,10,0.963,10
SA,2016-07-12,Deep,20.864469696969703,22,0.3241666666666666,22
SA,2016-08-09,Surface,23.555,10,0.792,10
SA,2016-08-09,Mid-Depth,23.322,10,1.28,10
SA,2016-08-09,Lower Photic,23.053000000000004,10,1.539,10
SA,2016-08-09,Deep,21.07159090909091,22,0.6162121212121213,22
SA,2016-09-06,Surface,23.697,10,0.497,10
SA,2016-09-06,Mid-Depth,23.622,10,0.8400000000000001,10
SA,2016-09-06,Lower Photic,23.374,10,0.844,10
SA,2016-09-06,Deep,21.13462121212121,22,0.3584848484848484,22
SA,2016-10-11,Surface,23.465,10,0.639,10
SA,2016-10-11,Mid-Depth,23.409,10,1.5379999999999998,10
SA,2016-10-11,Lower Photic,23.364,10,1.835,10
SA,2016-10-11,Deep,21.35894400464632,22,0.5908143719339326,22
SA,2016-11-08,Surface,22.714,10,1.47,10
SA,2016-11-08,Mid-Depth,22.659,10,1.8040000000000005,10
SA,2016-11-08,Lower Photic,22.597,10,2.2,10
SA,2016-11-08,Deep,21.37280303030303,22,1.2381060606060603,22
SA,2016-12-05,Surface,21.665000000000003,10,1.3119999999999998,10
SA,2016-12-05,Mid-Depth,21.624,10,1.611,10
SA,2016-12-05,Lower Photic,21.546,10,1.0710000000000002,10
SA,2016-12-05,Deep,21.409469696969698,22,0.7399242424242426,22
SA,2017-02-07,Surface,20.512,10,1.383,10
SA,2017-02-07,Mid-Depth,20.504,10,1.5060000000000002,10
SA,2017-02-07,Lower Photic,20.463,10,1.5100000000000002,10
SA,2017-02-07,Deep,20.359015151515152,22,1.2718939393939397,22
SA,2017-03-13,Surface,20.99,10,1.843,10
SA,2017-03-13,Mid-Depth,20.618,10,1.626,10
SA,2017-03-13,Lower Photic,20.538,10,1.225,10
SA,2017-03-13,Deep,20.448181818181816,22,0.6609090909090909,22
SA,2017-04-18,Surface,21.621,10,0.859,10
SA,2017-04-18,Mid-Depth,21.455,10,1.117,10
SA,2017-04-18,Lower Photic,21.263,10,0.961,10
SA,2017-04-18,Deep,20.57977272727273,22,0.5663636363636363,22
SA,2017-05-16,Surface,22.95,10,0.729,10
SA,2017-05-16,Mid-Depth,22.441,10,0.902,10
SA,2017-05-16,Lower Photic,21.528,10,0.639,10
SA,2017-05-16,Deep,20.648030303030303,22,0.3054545454545455,22
SA,2017-06-13,Surface,23.515,10,1.3770000000000002,10
SA,2017-06-13,Mid-Depth,23.335,10,1.495,10
SA,2017-06-13,Lower Photic,22.251,10,0.8219999999999998,10
SA,2017-06-13,Deep,20.717575757575755,22,0.3203787878787879,22
SA,2017-07-11,Surface,23.498,10,0.777,10
SA,2017-07-11,Mid-Depth,23.262,10,1.039,10
SA,2017-07-11,Lower Photic,22.642000000000003,10,1.06,10
SA,2017-07-11,Deep,20.85636363636364,22,0.2907575757575757,22
SA,2017-08-08,Surface,23.689000000000004,10,1.068,10
SA,2017-08-08,Mid-Depth,23.432,10,1.171,10
SA,2017-08-08,Lower Photic,22.146,10,0.842,10
SA,2017-08-08,Deep,20.7614393939394,22,0.2776515151515152,22
SA,2017-09-12,Surface,23.688,10,1.312,10
SA,2017-09-12,Mid-Depth,23.575,10,1.121,10
SA,2017-09-12,Lower Photic,22.954,10,0.85,10
SA,2017-09-12,Deep,20.93454545454546,22,0.2089393939393939,22
SA,2017-10-12,Surface,23.228,10,0.596,10
SA,2017-10-12,Mid-Depth,23.182,10,1.18,10
SA,2017-10-12,Lower Photic,23.004,10,1.504,10
SA,2017-10-12,Deep,21.053030303030305,22,0.4075757575757575,22
SA,2017-11-07,Surface,22.895,10,1.135,10
SA,2017-11-07,Mid-Depth,22.808,10,1.99,10
SA,2017-11-07,Lower Photic,22.695,10,1.956,10
SA,2017-11-07,Deep,21.20151515151516,22,0.7192424242424242,22
SA,2017-12-13,Surface,22.63241002344351,10,1.9070000000000005,10
SA,2017-12-13,Mid-Depth,22.442656658235443,10,2.338,10
SA,2017-12-13,Lower Photic,21.971324115781748,10,2.466,10
SA,2017-12-13,Deep,20.908685248937186,22,2.337045454545456,22
SA,2018-01-11,Surface,20.5202380383076,10,8.752287026428798,10
SA,2018-01-11,Mid-Depth,20.436552796366065,10,6.28692750696432,10
SA,2018-01-11,Lower Photic,20.332573311857,10,5.654546299790479,10
SA,2018-01-11,Deep,20.29292117647401,22,5.85072548993748,22
SA,2018-02-07,Surface,20.33826735312335,10,7.878703237897696,10
SA,2018-02-07,Mid-Depth,20.256593756312583,10,4.271905410142258,10
SA,2018-02-07,Lower Photic,20.191629611233147,10,3.624603581135217,10
SA,2018-02-07,Deep,20.1158127404174,22,2.909738618579068,22
SA,2018-03-13,Surface,20.690840305194644,10,7.261936698745066,10
SA,2018-03-13,Mid-Depth,20.46092734295344,10,8.920386000528863,10
SA,2018-03-13,Lower Photic,20.34979156229295,10,9.448971286538251,10
SA,2018-03-13,Deep,20.27849406022767,22,6.556422660535953,22
SA,2018-04-10,Surface,21.511399298186973,10,2.877489439674273,10
SA,2018-04-10,Mid-Depth,21.22498172447224,10,2.419978705185602,10
SA,2018-04-10,Lower Photic,20.939183357766613,10,1.9795940739743507,10
SA,2018-04-10,Deep,20.39089836215005,22,0.6943583432047271,22
SA,2018-05-15,Surface,22.710955471453925,10,1.9890922544297167,10
SA,2018-05-15,Mid-Depth,22.184185827617448,10,2.5738895369815613,10
SA,2018-05-15,Lower Photic,21.24861990815593,10,1.2544293160524185,10
SA,2018-05-15,Deep,20.478883309169262,22,0.7334180042350227,22
SA,2018-06-12,Surface,23.26055297076557,10,2.328827108896434,10
SA,2018-06-12,Mid-Depth,23.17331601919259,10,1.9928486213723555,10
SA,2018-06-12,Lower Photic,21.71986499259691,10,1.1723648633948294,10
SA,2018-06-12,Deep,20.56912464818173,22,0.6274383974911077,22
SA,2018-07-17,Surface,22.59701799,10,2.513865501,10
SA,2018-07-17,Mid-Depth,22.58838491,10,2.947426491,10
SA,2018-07-17,Lower Photic,22.439195179999995,10,5.012698192999999,10
SA,2018-07-17,Deep,20.7074876742559,22,1.1983978314335724,22
SA,2018-08-14,Surface,23.27504728986564,10,1.5292082565553833,10
SA,2018-08-14,Mid-Depth,23.022039496632893,10,2.125499455049102,10
SA,2018-08-14,Lower Photic,22.45664567510169,10,1.90585239885023,10
SA,2018-08-14,Deep,20.895598871292023,22,0.8389446794611625,22
SA,2018-09-11,Surface,23.56241387824533,10,2.15439224240905,10
SA,2018-09-11,Mid-Depth,23.24280565034285,10,2.68106496836621,10
SA,2018-09-11,Lower Photic,22.50914837250721,10,1.9045275989657129,10
SA,2018-09-11,Deep,20.79615820121716,22,0.913369319461593,22
SA,2018-09-24,Surface,23.65690985695093,10,1.949981528948277,10
SA,2018-09-24,Mid-Depth,23.45309175460323,10,1.364167616595907,10
SA,2018-09-24,Lower Photic,22.82425325018124,10,0.9607974684821118,10
SA,2018-09-24,Deep,20.886285770818407,22,0.5628220465129435,22
SA,2018-11-14,Surface,22.6598544066547,10,2.714807095129829,10
SA,2018-11-14,Mid-Depth,22.65445147699692,10,3.2430496042905235,10
SA,2018-11-14,Lower Photic,22.571739745858384,10,2.6108436754580127,10
SA,2018-11-14,Deep,21.100684129810304,22,0.9615655589530828,22
SA,2018-12-12,Surface,21.487154458427337,10,1.810013346883298,10
SA,2018-12-12,Mid-Depth,21.45700746456115,10,2.122052677596734,10
SA,2018-12-12,Lower Photic,21.449602824713885,10,2.115221570587407,10
SA,2018-12-12,Deep,21.34848891258049,22,1.5290469791579684,22
SA,2019-02-12,Surface,20.702490192694547,10,5.687332725419779,10
SA,2019-02-12,Mid-Depth,20.60797782834327,10,3.41828417426224,10
SA,2019-02-12,Lower Photic,20.558585812170616,10,3.250231343030658,10
SA,2019-02-12,Deep,20.496594781807104,22,4.25795722831614,22
SA,2019-03-12,Surface,21.21877371856285,10,7.814047928189458,10
SA,2019-03-12,Mid-Depth,21.02425102986736,10,3.103211173818074,10
SA,2019-03-12,Lower Photic,20.88785264887316,10,3.396465523702181,10
SA,2019-03-12,Deep,20.6101112283476,22,1.2296696738526092,22
SA,2019-04-09,Surface,21.52861237700457,10,3.3418016170557943,10
SA,2019-04-09,Mid-Depth,21.24029360043394,10,2.568784146999403,10
SA,2019-04-09,Lower Photic,21.068945156218007,10,2.192880137513177,10
SA,2019-04-09,Deep,20.781646093611258,22,1.171822021140384,22
SA,2019-05-14,Surface,23.30046823987769,10,1.760399615041472,10
SA,2019-05-14,Mid-Depth,22.664766642694683,10,1.527548072213902,10
SA,2019-05-14,Lower Photic,21.61179392160413,10,0.7987877327958229,10
SA,2019-05-14,Deep,20.81963741835721,22,0.5516138286157649,22
SA,2019-06-12,Surface,23.624793725729923,10,1.336600741557334,10
SA,2019-06-12,Mid-Depth,23.18571659052753,10,1.5918136835032333,10
SA,2019-06-12,Lower Photic,21.59846992422645,10,0.901733854831698,10
SA,2019-06-12,Deep,20.911966944415376,22,0.571227630306109,22
SA,2019-07-12,Surface,23.44526641339656,10,2.348391235403748,10
SA,2019-07-12,Mid-Depth,23.41489277023116,10,2.044121051714108,10
SA,2019-07-12,Lower Photic,22.07190712065769,10,1.351413540580777,10
SA,2019-07-12,Deep,20.83351881493023,22,0.6365003158442072,22
SA,2019-08-13,Surface,23.85895613334602,10,1.3008741274172562,10
SA,2019-08-13,Mid-Depth,23.696775076208013,10,1.7216089930632752,10
SA,2019-08-13,Lower Photic,22.92072659253109,10,1.559891191256447,10
SA,2019-08-13,Deep,20.941336049420617,22,0.6547868611378724,22
SA,2019-09-10,Surface,23.77249476160109,10,1.7070135208590158,10
SA,2019-09-10,Mid-Depth,23.66507000815718,10,7.41476237350075,10
SA,2019-09-10,Lower Photic,22.94854041810324,10,3.4927395543334647,10
SA,2019-09-10,Deep,20.98607116600324,22,0.882943111092785,22
SA,2020-02-11,Surface,21.33902148354723,10,6.817775079328735,10
SA,2020-02-11,Mid-Depth,21.15303414762065,10,7.55487497263901,10
SA,2020-02-11,Lower Photic,20.98359721532198,10,8.09222813634279,10
SA,2020-02-11,Deep,20.861395591701694,22,4.394187553268791,22
SA,2020-05-12,Surface,23.53035793049672,10,2.074522138005202,10
SA,2020-05-12,Mid-Depth,23.28963210304729,10,3.101882836301979,10
SA,2020-05-12,Lower Photic,21.946302393916163,10,1.601384045821887,10
SA,2020-05-12,Deep,20.9243775319908,22,0.7923798939287732,22
SA,2020-06-09,Surface,23.28527303818646,10,2.768513302142617,10
SA,2020-06-09,Mid-Depth,22.92885147960438,10,4.199933338571873,10
SA,2020-06-09,Lower Photic,22.069566129616632,10,2.6050905649092817,10
SA,2020-06-09,Deep,20.96450511988979,22,0.7501230646839715,22
SA,2020-07-14,Surface,23.73168301290067,10,3.360208299000825,10
SA,2020-07-14,Mid-Depth,23.55061825773791,10,3.603102310693687,10
SA,2020-07-14,Lower Photic,22.4497737157579,10,1.847180620793872,10
SA,2020-07-14,Deep,21.020885273841063,22,0.7381805244747085,22
SA,2020-08-11,Surface,24.002584446308955,10,1.674829307558095,10
SA,2020-08-11,Mid-Depth,23.982929243013803,10,1.808171173661892,10
SA,2020-08-11,Lower Photic,22.59068701149853,10,1.545355992271591,10
SA,2020-08-11,Deep,20.992283404305155,22,0.7064158537538755,22
SA,2020-09-08,Surface,23.567815874440647,10,1.482193203806359,10
SA,2020-09-08,Mid-Depth,23.49386867580756,10,1.5365379643078168,10
SA,2020-09-08,Lower Photic,22.73356598934182,10,0.9193694084167124,10
SA,2020-09-08,Deep,21.07127958435399,22,0.5553959604987919,22
SA,2020-10-13,Surface,23.68452260164621,10,1.362731184728692,10
SA,2020-10-13,Mid-Depth,23.57620104138033,10,2.607952943381316,10
SA,2020-10-13,Lower Photic,23.26372722012307,10,1.7623666314882371,10
SA,2020-10-13,Deep,21.11999166335087,22,0.6594332020494404,22
SA,2020-11-10,Surface,22.68513224743012,10,9.514661014562336,10
SA,2020-11-10,Mid-Depth,22.63383639794833,10,5.791107587921809,10
SA,2020-11-10,Lower Photic,22.55730522005738,10,4.302832840833316,10
SA,2020-11-10,Deep,21.27074877578288,22,3.1408650647999816,22
SA,2020-12-08,Surface,21.89535406059401,10,2.346159692855997,10
SA,2020-12-08,Mid-Depth,21.88242209780194,10,2.399402710430792,10
SA,2020-12-08,Lower Photic,21.87396259143295,10,2.510686707117799,10
SA,2020-12-08,Deep,21.501875063508702,22,1.7375478275409242,22
SA,2021-01-19,Surface,21.318093289451973,10,2.6840776073798533,10
SA,2021-01-19,Mid-Depth,21.26967256850358,10,3.777258195061256,10
SA,2021-01-19,Lower Photic,21.202129083092068,10,3.81723443849071,10
SA,2021-01-19,Deep,21.099721950993366,22,3.8107329062011335,22
SA,2021-02-16,Surface,21.04430226843254,10,3.379432068765972,10
SA,2021-02-16,Mid-Depth,20.87808176675496,10,3.86528773116857,10
SA,2021-02-16,Lower Photic,20.76622462600214,10,2.582290988017096,10
SA,2021-02-16,Deep,20.65961150723865,22,1.6826779479707938,22
SA,2021-03-16,Surface,21.21687267998319,10,3.135489515498881,10
SA,2021-03-16,Mid-Depth,20.99446653770507,10,2.244651224234037,10
SA,2021-03-16,Lower Photic,20.938718685518783,10,1.611949442733979,10
SA,2021-03-16,Deep,20.831462046159047,22,1.1490912106638291,22
SA,2021-04-13,Surface,21.49837767428468,10,3.14644322644776,10
SA,2021-04-13,Mid-Depth,21.12307115703946,10,3.1682203028508065,10
SA,2021-04-13,Lower Photic,21.04343107862851,10,2.009615692161278,10
SA,2021-04-13,Deep,20.91615465896217,22,1.4736409840268263,22
SA,2021-05-11,Surface,22.71575840948448,10,1.4306587364361367,10
SA,2021-05-11,Mid-Depth,22.17472233805529,10,2.838991367649506,10
SA,2021-05-11,Lower Photic,21.2261641363141,10,1.242262779172972,10
SA,2021-05-11,Deep,20.93310838098945,22,0.8553736424131034,22
SA,2021-06-08,Surface,23.97214504348512,10,1.4064873979136563,10
SA,2021-06-08,Mid-Depth,23.21454280506806,10,1.646038253879825,10
SA,2021-06-08,Lower Photic,21.635146854114293,10,1.0445253021918233,10
SA,2021-06-08,Deep,20.98233890788356,22,0.6542416872931283,22
SA,2021-07-13,Surface,23.637088826781,10,1.979374414218464,10
SA,2021-07-13,Mid-Depth,23.581186706274742,10,2.15144023178227,10
SA,2021-07-13,Lower Photic,21.77977259339487,10,1.811226891253419,10
SA,2021-07-13,Deep,20.986901956747715,22,0.8171279017529915,22
SA,2021-08-10,Surface,23.4723743180766,10,1.1373086230110685,10
SA,2021-08-10,Mid-Depth,23.394414329983217,10,1.8477183907898271,10
SA,2021-08-10,Lower Photic,22.63520186573403,10,1.5364102130384332,10
SA,2021-08-10,Deep,21.06558508094619,22,0.7960928806108829,22
SA,2021-09-07,Surface,23.64865212461325,10,1.6937075799950114,10
SA,2021-09-07,Mid-Depth,23.43973852220048,10,2.9706514245300566,10
SA,2021-09-07,Lower Photic,22.79920547149565,10,1.9642999607810665,10
SA,2021-09-07,Deep,21.09516175265877,22,0.8029104902900793,22
SA,2021-10-12,Surface,23.91843202366131,10,2.2831870613484093,10
SA,2021-10-12,Mid-Depth,23.668386636279827,10,3.435739649174888,10
SA,2021-10-12,Lower Photic,22.88367298621655,10,3.033711633551812,10
SA,2021-10-12,Deep,21.171577356621206,22,1.005565281935492,22
SA,2021-11-09,Surface,23.21460974665881,10,6.724386148914741,10
SA,2021-11-09,Mid-Depth,23.14459473654102,10,6.922864117636583,10
SA,2021-11-09,Lower Photic,23.11274069543379,10,7.576431292041479,10
SA,2021-11-09,Deep,21.287797147488224,22,1.781399917308913,22
SA,2021-12-07,Surface,21.73407955308554,10,2.641214477956673,10
SA,2021-12-07,Mid-Depth,21.61226953339574,10,9.911594147264548,10
SA,2021-12-07,Lower Photic,21.513934535556366,10,10.512919168230578,10
SA,2021-12-07,Deep,21.414312478631164,22,10.562075618471551,22
SA,2022-01-18,Surface,20.979447418688785,10,2.2163984570731463,10
SA,2022-01-18,Mid-Depth,20.9261216310288,10,3.138322615816378,10
SA,2022-01-18,Lower Photic,20.82401081396794,10,1.7963386969273931,10
SA,2022-01-18,Deep,20.752829789988457,22,1.1237837981434673,22
SA,2022-02-08,Surface,20.89531004891047,10,2.453386320778011,10
SA,2022-02-08,Mid-Depth,20.81919509627165,10,3.314302604154453,10
SA,2022-02-08,Lower Photic,20.7386000697548,10,3.239614030849335,10
SA,2022-02-08,Deep,20.6892353408594,22,5.486336593476789,22
SA,2022-03-08,Surface,20.79481648245192,10,2.6162426965416765,10
SA,2022-03-08,Mid-Depth,20.62708532308785,10,1.5452258786716278,10
SA,2022-03-08,Lower Photic,20.56657232825661,10,0.9617299746672392,10
SA,2022-03-08,Deep,20.484888386366865,22,0.6854367042037385,22
SA,2022-04-05,Surface,22.04143080555235,10,2.121317361000498,10
SA,2022-04-05,Mid-Depth,21.45218521634355,10,3.374976476268614,10
SA,2022-04-05,Lower Photic,21.12027963243515,10,3.016243492385115,10
SA,2022-04-05,Deep,20.789974039058368,22,1.2005827586212112,22
SA,2022-05-10,Surface,23.60113244295531,10,1.6944912085333192,10
SA,2022-05-10,Mid-Depth,22.990012113870712,10,1.9768739645495144,10
SA,2022-05-10,Lower Photic,21.91127491570488,10,1.23525769201575,10
SA,2022-05-10,Deep,20.899117134833773,22,0.7760748881748835,22
SA,2022-06-14,Surface,23.1490580841854,10,1.905614482951934,10
SA,2022-06-14,Mid-Depth,22.89423499131033,10,2.278477970304554,10
SA,2022-06-14,Lower Photic,21.93445781238029,10,1.6857007868516607,10
SA,2022-06-14,Deep,20.880725246295256,22,0.7053515291199955,22
SA,2022-07-12,Surface,23.14589007774057,10,1.6120014293767828,10
SA,2022-07-12,Mid-Depth,22.96731487492772,10,1.7210961575625077,10
SA,2022-07-12,Lower Photic,22.409516453136284,10,1.3238522372597992,10
SA,2022-07-12,Deep,20.94544761634553,22,0.7556088969290582,22
SA,2022-08-09,Surface,23.15486612914331,10,1.895803955199936,10
SA,2022-08-09,Mid-Depth,23.13345573819465,10,2.341983318756034,10
SA,2022-08-09,Lower Photic,22.89073174473745,10,1.9444940429471007,10
SA,2022-08-09,Deep,20.96581485429999,22,0.8056821583423536,22
SA,2022-09-06,Surface,23.603896433486472,10,1.7484837194527705,10
SA,2022-09-06,Mid-Depth,23.36575426807469,10,2.39621966478001,10
SA,2022-09-06,Lower Photic,22.87928640486259,10,1.68256562558602,10
SA,2022-09-06,Deep,21.090495369490505,22,0.8759825709596616,22
SA,2022-10-18,Surface,22.987001608477613,10,2.969971890203756,10
SA,2022-10-18,Mid-Depth,22.85825357348567,10,3.222131053960535,10
SA,2022-10-18,Lower Photic,22.73009417710439,10,2.4105471362593667,10
SA,2022-10-18,Deep,21.15101931072091,22,0.9360959267012132,22
SA,2022-11-08,Surface,23.029686201586152,10,2.414392746325345,10
SA,2022-11-08,Mid-Depth,22.919283037309192,10,2.4535756107629467,10
SA,2022-11-08,Lower Photic,22.7356576244023,10,1.246891412580723,10
SA,2022-11-08,Deep,21.25323473593189,22,0.7893843701777944,22
SA,2022-12-06,Surface,21.72060968170988,10,1.9539234963213872,10
SA,2022-12-06,Mid-Depth,21.672852444521887,10,2.529173662209488,10
SA,2022-12-06,Lower Photic,21.64657819269556,10,2.484127328541512,10
SA,2022-12-06,Deep,21.51537942984412,22,2.147610476868824,22
SA,2023-01-17,Surface,20.938439566885123,10,2.404316625794236,10
SA,2023-01-17,Mid-Depth,20.85816685994233,10,2.718232118092353,10
SA,2023-01-17,Lower Photic,20.768130396513307,10,2.31220518896788,10
SA,2023-01-17,Deep,20.70566967242512,22,1.9752669154085647,22
SA,2023-02-14,Surface,20.83061160114912,10,2.3199062616006096,10
SA,2023-02-14,Mid-Depth,20.66615562444602,10,6.854829328716238,10
SA,2023-02-14,Lower Photic,20.54856773758646,10,3.7852874642242407,10
SA,2023-02-14,Deep,20.49154892367017,22,3.5863131218412407,22
SA,2023-03-14,Surface,21.40490334748377,10,4.790844511402035,10
SA,2023-03-14,Mid-Depth,21.112834548673952,10,4.406903492829568,10
SA,2023-03-14,Lower Photic,20.77647796465125,10,5.662119385307709,10
SA,2023-03-14,Deep,20.61518950744179,22,1.8176542366738693,22
SA,2023-04-11,Surface,22.011858426280376,10,1.948239141152633,10
SA,2023-04-11,Mid-Depth,21.95857409551358,10,2.445948941068547,10
SA,2023-04-11,Lower Photic,21.72534656143653,10,2.1924950489307,10
SA,2023-04-11,Deep,20.723242603468865,22,0.9289392415448386,22
SA,2023-05-09,Surface,23.48376528140427,10,1.287146305094742,10
SA,2023-05-09,Mid-Depth,23.12381909326664,10,2.183762396904632,10
SA,2023-05-09,Lower Photic,22.20310464491324,10,2.0104486452127426,10
SA,2023-05-09,Deep,20.793855790424576,22,0.8991603702980665,22
SA,2023-06-13,Surface,24.40102551373953,10,1.6197320589932969,10
SA,2023-06-13,Mid-Depth,23.98260342734861,10,2.4272643983642053,10
SA,2023-06-13,Lower Photic,22.42845849279155,10,1.5064226635845548,10
SA,2023-06-13,Deep,20.842219013918942,22,0.7090555982602761,22
SA,2023-07-18,Surface,24.01553039797433,10,2.203525876881731,10
SA,2023-07-18,Mid-Depth,23.973309219520424,10,3.797017463644731,10
SA,2023-07-18,Lower Photic,23.476491696471648,10,7.086284393002543,10
SA,2023-07-18,Deep,20.906705594148463,22,0.7001472050460179,22
SA,2023-08-16,Surface,24.16439281920859,10,2.361199288178912,10
SA,2023-08-16,Mid-Depth,24.07372474505152,10,3.9462525344959736,10
SA,2023-08-16,Lower Photic,23.15871335337293,10,2.275367890812708,10
SA,2023-08-16,Deep,20.900620520799524,22,0.7657020131122931,22
SA,2023-09-05,Surface,24.183804766761263,10,2.0972118037039693,10
SA,2023-09-05,Mid-Depth,24.03944664692825,10,2.98808729728618,10
SA,2023-09-05,Lower Photic,23.1005337073431,10,1.453374013148505,10
SA,2023-09-05,Deep,21.00557364111044,22,0.6170083932587193,22
SA,2023-10-18,Surface,24.085130290989248,10,19.306422639294446,10
SA,2023-10-18,Mid-Depth,24.080549242520046,10,34.15525833877947,10
SA,2023-10-18,Lower Photic,23.93011531465962,10,26.273881279252613,10
SA,2023-10-18,Deep,21.210566850422744,22,6.251747278202095,22
SA,2023-11-14,Surface,22.89817489598571,10,2.4456328520319497,10
SA,2023-11-14,Mid-Depth,22.7849497672902,10,6.76303936580126,10
SA,2023-11-14,Lower Photic,22.64763868728762,10,5.351732373047787,10
SA,2023-11-14,Deep,21.364073189646643,22,1.694841648371536,22
SA,2023-12-05,Surface,22.41830809054872,10,2.845376781807866,10
SA,2023-12-05,Mid-Depth,22.409414662221213,10,4.36372266057906,10
SA,2023-12-05,Lower Photic,22.3964662927465,10,4.407944066129266,10
SA,2023-12-05,Deep,21.52855896312328,22,2.9968597234713297,22
WG,2014-02-14,Surface,21.0925,10,1.944153389323876,10
WG,2014-02-14,Mid-Depth,20.53114285714286,10,2.4719841428370346,10
WG,2014-02-14,Lower Photic,20.49678571428571,10,2.588374497214089,10
WG,2014-02-14,Deep,20.385451515278223,45,0.901680296306186,45
WG,2014-02-19,Surface,20.7,10,4.042377,10
WG,2014-02-19,Mid-Depth,20.695,10,4.672629550478225,10
WG,2014-02-19,Lower Photic,20.54475,10,3.527164022249724,10
WG,2014-02-19,Deep,20.386923459901304,45,1.4516945030520645,45
WG,2014-03-26,Surface,22.39,10,2.8564000000000003,10
WG,2014-03-26,Mid-Depth,22.160000000000004,10,0.9003333333333334,10
WG,2014-03-26,Lower Photic,21.21,10,1.811525933810591,10
WG,2014-03-26,Deep,20.46064777955452,45,0.9631665718843716,45
WG,2014-04-23,Surface,22.37842684241384,10,0.550778,10
WG,2014-04-23,Mid-Depth,22.245,10,0.7449999999999999,10
WG,2014-04-23,Lower Photic,22.06,10,0.8109999999999999,10
WG,2014-04-23,Deep,20.55157659040656,45,0.4356311534713738,45
WG,2014-04-27,Surface,22.720068279303987,10,0.7350349766823602,10
WG,2014-04-27,Mid-Depth,22.615,10,0.947,10
WG,2014-04-27,Lower Photic,21.985,10,1.074,10
WG,2014-04-27,Deep,20.55356467286104,45,0.4957026678246303,45
WG,2014-06-25,Surface,23.677,10,0.359,10
WG,2014-06-25,Mid-Depth,23.541,10,0.5690000000000001,10
WG,2014-06-25,Lower Photic,22.855,10,0.7990000000000002,10
WG,2014-06-25,Deep,20.646584343974386,45,0.2317278857147314,45
WG,2014-07-23,Surface,23.242,10,0.5650000000000001,10
WG,2014-07-23,Mid-Depth,23.255000000000003,10,0.712,10
WG,2014-07-23,Lower Photic,23.135,10,0.7150000000000001,10
WG,2014-07-23,Deep,20.727665051697905,45,0.3332820293447375,45
WG,2014-08-13,Surface,23.385,10,0.474,10
WG,2014-08-13,Mid-Depth,23.197,10,1.048,10
WG,2014-08-13,Lower Photic,22.877,10,1.269,10
WG,2014-08-13,Deep,20.800260386416195,45,0.4160724588146356,45
WG,2014-09-09,Surface,23.437,10,1.1949999999999998,10
WG,2014-09-09,Mid-Depth,23.382,10,2.1220000000000003,10
WG,2014-09-09,Lower Photic,23.177,10,2.216,10
WG,2014-09-09,Deep,20.797278106812985,45,0.4492845537040588,45
WG,2014-09-25,Surface,23.57,10,1.585,10
WG,2014-09-25,Mid-Depth,23.416,10,2.908333333333333,10
WG,2014-09-25,Lower Photic,23.129,10,2.6536666666666666,10
WG,2014-09-25,Deep,20.831864766622623,45,0.3839018416072064,45
WG,2014-10-08,Surface,23.695,10,2.211,10
WG,2014-10-08,Mid-Depth,23.626,10,3.1979999999999995,10
WG,2014-10-08,Lower Photic,23.095,10,3.3862499999999995,10
WG,2014-10-08,Deep,20.859253915239066,45,0.3836843924655801,45
WG,2014-11-12,Surface,22.408,10,1.8090000000000004,10
WG,2014-11-12,Mid-Depth,22.394,10,2.3025,10
WG,2014-11-12,Lower Photic,22.319,10,2.907,10
WG,2014-11-12,Deep,20.88588826848705,45,0.5591865751662317,45
WG,2014-12-09,Surface,21.078,10,2.5695,10
WG,2014-12-09,Mid-Depth,21.081,10,3.0355000000000003,10
WG,2014-12-09,Lower Photic,21.081,10,3.382,10
WG,2014-12-09,Deep,20.70073574346136,45,1.8415138956917767,45
WG,2015-01-14,Surface,20.418,10,1.963,10
WG,2015-01-14,Mid-Depth,20.420000000000005,10,2.337,10
WG,2015-01-14,Lower Photic,20.419000000000004,10,2.437,10
WG,2015-01-14,Deep,20.39370549971461,45,1.7611627563433476,45
WG,2015-02-11,Surface,20.708,10,5.936,10
WG,2015-02-11,Mid-Depth,20.678,10,6.584999999999999,10
WG,2015-02-11,Lower Photic,20.449,10,4.25,10
WG,2015-02-11,Deep,20.3200354422918,45,0.9325759620141612,45
WG,2015-03-11,Surface,20.869,10,1.928,10
WG,2015-03-11,Mid-Depth,20.833,10,3.211,10
WG,2015-03-11,Lower Photic,20.547000000000004,10,5.943999999999999,10
WG,2015-03-11,Deep,20.328823322750207,45,2.3650753012691674,45
WG,2015-04-14,Surface,22.204,10,0.29,10
WG,2015-04-14,Mid-Depth,21.905,10,0.642,10
WG,2015-04-14,Lower Photic,21.214,10,0.8020000000000002,10
WG,2015-04-14,Deep,20.41555889139692,45,0.4519634340560416,45
WG,2015-05-05,Surface,23.315,10,0.535,10
WG,2015-05-05,Mid-Depth,23.281,10,0.729,10
WG,2015-05-05,Lower Photic,21.69,10,0.953,10
WG,2015-05-05,Deep,20.40734929105715,45,0.5010047625250149,45
WG,2015-06-09,Surface,24.026,10,0.298,10
WG,2015-06-09,Mid-Depth,23.943,10,0.501,10
WG,2015-06-09,Lower Photic,22.25,10,0.679,10
WG,2015-06-09,Deep,20.548126686833488,45,0.3696427386035553,45
WG,2015-07-15,Surface,23.028,10,0.445,10
WG,2015-07-15,Mid-Depth,22.979000000000003,10,0.631,10
WG,2015-07-15,Lower Photic,22.751,10,0.8959999999999999,10
WG,2015-07-15,Deep,20.585092881632324,45,0.6327553840148243,45
WG,2015-08-11,Surface,23.893,10,1.003,10
WG,2015-08-11,Mid-Depth,23.568,10,1.8060000000000005,10
WG,2015-08-11,Lower Photic,22.925,10,1.41,10
WG,2015-08-11,Deep,20.631675356735222,45,0.6273943704366671,45
WG,2015-09-09,Surface,23.821,10,2.314,10
WG,2015-09-09,Mid-Depth,23.777,10,2.8245,10
WG,2015-09-09,Lower Photic,23.343,10,2.22,10
WG,2015-09-09,Deep,20.733739045137806,45,0.546814065770213,45
WG,2015-10-07,Surface,23.940000000000005,10,1.213,10
WG,2015-10-07,Mid-Depth,23.913,10,1.65,10
WG,2015-10-07,Lower Photic,23.531,10,1.412,10
WG,2015-10-07,Deep,20.69948825364345,45,0.3850400991848172,45
WG,2015-11-12,Surface,23.52,10,1.944153389323876,10
WG,2015-11-12,Mid-Depth,23.5,10,2.4719841428370346,10
WG,2015-11-12,Lower Photic,23.35,10,2.588374497214089,10
WG,2015-11-12,Deep,21.25009919144707,45,0.901680296306186,45
WG,2015-12-08,Surface,22.007,10,2.06,10
WG,2015-12-08,Mid-Depth,22.003000000000004,10,2.203,10
WG,2015-12-08,Lower Photic,22.0,10,2.2059999999999995,10
WG,2015-12-08,Deep,20.86639391022003,45,0.783985889091655,45
WG,2016-01-20,Surface,21.562,10,1.983,10
WG,2016-01-20,Mid-Depth,21.57,10,2.3775000000000004,10
WG,2016-01-20,Lower Photic,21.568,10,2.313,10
WG,2016-01-20,Deep,20.85181776769048,45,0.9246655619711808,45
WG,2016-02-17,Surface,21.022,10,4.132,10
WG,2016-02-17,Mid-Depth,20.895,10,4.01,10
WG,2016-02-17,Lower Photic,20.81,10,3.0260000000000007,10
WG,2016-02-17,Deep,20.55390852686228,45,1.1050471340851606,45
WG,2016-03-01,Surface,20.904,10,3.272,10
WG,2016-03-01,Mid-Depth,20.893,10,3.859,10
WG,2016-03-01,Lower Photic,20.808,10,4.151999999999999,10
WG,2016-03-01,Deep,20.516244618647704,45,1.6082234408292664,45
WG,2016-03-09,Surface,21.564,10,3.144,10
WG,2016-03-09,Mid-Depth,21.328,10,3.881,10
WG,2016-03-09,Lower Photic,20.770000000000003,10,2.882,10
WG,2016-03-09,Deep,20.521270520103617,45,0.761570267324728,45
WG,2016-04-13,Surface,22.911,10,2.1990000000000003,10
WG,2016-04-13,Mid-Depth,22.320000000000004,10,2.568,10
WG,2016-04-13,Lower Photic,21.598000000000003,10,1.7860000000000005,10
WG,2016-04-13,Deep,20.548304927263395,45,0.3111164425025158,45
WG,2016-05-18,Surface,24.011000000000003,10,0.4519999999999999,10
WG,2016-05-18,Mid-Depth,23.713,10,0.74,10
WG,2016-05-18,Lower Photic,21.89,10,1.094,10
WG,2016-05-18,Deep,20.86343411741682,45,0.2165973930380898,45
WG,2016-06-15,Surface,24.142,10,0.558,10
WG,2016-06-15,Mid-Depth,24.129,10,0.8619999999999999,10
WG,2016-06-15,Lower Photic,22.161,10,1.362,10
WG,2016-06-15,Deep,20.657319960424218,45,0.4365163226973012,45
WG,2016-07-13,Surface,23.598,10,0.398,10
WG,2016-07-13,Mid-Depth,23.592,10,0.666,10
WG,2016-07-13,Lower Photic,22.776,10,0.8350000000000002,10
WG,2016-07-13,Deep,20.66531290406377,45,0.3448289733954831,45
WG,2016-08-10,Surface,23.807,10,0.374,10
WG,2016-08-10,Mid-Depth,23.477,10,0.8029999999999999,10
WG,2016-08-10,Lower Photic,23.065,10,1.066,10
WG,2016-08-10,Deep,20.6546131223021,45,0.3705419276219738,45
WG,2016-09-07,Surface,23.864,10,0.4269999999999999,10
WG,2016-09-07,Mid-Depth,23.788,10,0.777,10
WG,2016-09-07,Lower Photic,23.341,10,0.903,10
WG,2016-09-07,Deep,20.7476311339916,45,0.3004117716998265,45
WG,2016-10-12,Surface,23.35,10,0.626,10
WG,2016-10-12,Mid-Depth,23.35,10,0.771,10
WG,2016-10-12,Lower Photic,23.33,10,0.7610000000000001,10
WG,2016-10-12,Deep,20.77459180787249,45,0.2226968131055753,45
WG,2016-11-09,Surface,22.654,10,0.728,10
WG,2016-11-09,Mid-Depth,22.66,10,1.005,10
WG,2016-11-09,Lower Photic,22.658,10,1.03,10
WG,2016-11-09,Deep,20.991332353532165,45,0.3796225810644087,45
WG,2016-12-05,Surface,21.957,10,1.411,10
WG,2016-12-05,Mid-Depth,21.893,10,1.573,10
WG,2016-12-05,Lower Photic,21.741000000000003,10,2.066,10
WG,2016-12-05,Deep,20.867670588539912,45,0.7284236010372571,45
WG,2017-02-08,Surface,20.573999999999995,10,1.04,10
WG,2017-02-08,Mid-Depth,20.579999999999995,10,1.086,10
WG,2017-02-08,Lower Photic,20.543,10,1.122,10
WG,2017-02-08,Deep,20.378412483492628,45,0.7595556640045242,45
WG,2017-03-14,Surface,21.221,10,1.392,10
WG,2017-03-14,Mid-Depth,20.728,10,1.7719999999999998,10
WG,2017-03-14,Lower Photic,20.58300000000001,10,1.47,10
WG,2017-03-14,Deep,20.39916836043616,45,0.4835098369381793,45
WG,2017-04-19,Surface,21.732000000000003,10,0.324,10
WG,2017-04-19,Mid-Depth,21.722,10,0.3970000000000001,10
WG,2017-04-19,Lower Photic,21.28,10,0.483,10
WG,2017-04-19,Deep,20.43190367746892,45,0.3129139762174987,45
WG,2017-05-17,Surface,23.344,10,0.409,10
WG,2017-05-17,Mid-Depth,23.089,10,0.437,10
WG,2017-05-17,Lower Photic,21.799,10,0.4639999999999999,10
WG,2017-05-17,Deep,20.515759090701643,45,0.2837710988143557,45
WG,2017-06-21,Surface,23.293,10,0.614,10
WG,2017-06-21,Mid-Depth,23.281,10,0.993,10
WG,2017-06-21,Lower Photic,22.252,10,1.086,10
WG,2017-06-21,Deep,20.55363019677576,45,0.2364233252642592,45
WG,2017-07-12,Surface,23.679,10,0.5269999999999999,10
WG,2017-07-12,Mid-Depth,23.230000000000004,10,0.5810000000000001,10
WG,2017-07-12,Lower Photic,21.956,10,0.349,10
WG,2017-07-12,Deep,20.475992413497654,45,0.1123215485447774,45
WG,2017-08-09,Surface,23.582,10,0.674,10
WG,2017-08-09,Mid-Depth,23.544,10,0.826,10
WG,2017-08-09,Lower Photic,22.648000000000003,10,0.724,10
WG,2017-08-09,Deep,20.614991379013915,45,0.1689387625118906,45
WG,2017-09-13,Surface,23.941,10,0.974,10
WG,2017-09-13,Mid-Depth,23.791000000000004,10,0.907,10
WG,2017-09-13,Lower Photic,22.106,10,0.321,10
WG,2017-09-13,Deep,20.64096937762638,45,0.141343507403032,45
WG,2017-10-13,Surface,23.402,10,0.6060000000000001,10
WG,2017-10-13,Mid-Depth,23.346,10,0.795,10
WG,2017-10-13,Lower Photic,23.118,10,0.997,10
WG,2017-10-13,Deep,20.68150366509782,45,0.1619585185320686,45
WG,2017-11-08,Surface,22.931,10,1.108,10
WG,2017-11-08,Mid-Depth,22.934000000000005,10,1.5240000000000002,10
WG,2017-11-08,Lower Photic,22.892,10,1.939,10
WG,2017-11-08,Deep,20.74151295007791,45,0.4765128960960714,45
WG,2017-12-14,Surface,25.165,10,2.5860000000000003,10
WG,2017-12-14,Mid-Depth,25.263,10,3.075,10
WG,2017-12-14,Lower Photic,25.217,10,3.183,10
WG,2017-12-14,Deep,24.101474020553905,45,1.3690482812554048,45
WG,2018-01-11,Surface,20.50254019936034,10,5.3105531504883645,10
WG,2018-01-11,Mid-Depth,20.504818759554247,10,5.688240281690459,10
WG,2018-01-11,Lower Photic,20.50465872880245,10,5.618756277828416,10
WG,2018-01-11,Deep,20.43296965444189,45,3.262379761584616,45
WG,2018-02-07,Surface,20.28661874880616,10,4.505032748524064,10
WG,2018-02-07,Mid-Depth,20.28765811019393,10,6.801609533710748,10
WG,2018-02-07,Lower Photic,20.28665848666561,10,6.774494817250951,10
WG,2018-02-07,Deep,20.268329160062983,45,1.9401551652842828,45
WG,2018-02-28,Surface,20.72675696884076,10,3.3433090918648345,10
WG,2018-02-28,Mid-Depth,20.60376841660206,10,3.827637874618717,10
WG,2018-02-28,Lower Photic,20.33008088691096,10,2.512756729751,10
WG,2018-02-28,Deep,20.25406271636788,45,0.8571293293637292,45
WG,2018-03-15,Surface,20.93175281930091,10,5.679800016141051,10
WG,2018-03-15,Mid-Depth,20.85663568912817,10,6.897336470864007,10
WG,2018-03-15,Lower Photic,20.469731866080885,10,7.047080096739107,10
WG,2018-03-15,Deep,20.27582922368289,45,1.2404049460918871,45
WG,2018-04-12,Surface,21.741219438026043,10,1.382873583998196,10
WG,2018-04-12,Mid-Depth,21.44059728205266,10,1.7372469058779771,10
WG,2018-04-12,Lower Photic,20.73680172765109,10,1.8347205860627027,10
WG,2018-04-12,Deep,20.29534188816889,45,0.6445013628011164,45
WG,2018-05-16,Surface,22.92111457327196,10,1.370073318972941,10
WG,2018-05-16,Mid-Depth,22.57123302400964,10,1.771278344468671,10
WG,2018-05-16,Lower Photic,21.194329930567147,10,1.763338188712868,10
WG,2018-05-16,Deep,20.34019488499996,45,0.7125668472878567,45
WG,2018-06-13,Surface,23.58063616343097,10,0.8626307366458121,10
WG,2018-06-13,Mid-Depth,23.186742343956347,10,1.177996982823793,10
WG,2018-06-13,Lower Photic,21.46602433444124,10,1.3811038640156752,10
WG,2018-06-13,Deep,20.397576265715088,45,0.6771712685928633,45
WG,2018-07-18,Surface,22.38932945812005,10,1.103682995263243,10
WG,2018-07-18,Mid-Depth,22.39276811095322,10,1.158706919439914,10
WG,2018-07-18,Lower Photic,21.929362049483338,10,1.6992423959024023,10
WG,2018-07-18,Deep,20.398134801154768,45,0.7345810962997453,45
WG,2018-08-16,Surface,23.3568156965777,10,0.7164284585515958,10
WG,2018-08-16,Mid-Depth,23.1650871912624,10,0.9576136825193212,10
WG,2018-08-16,Lower Photic,22.50972301095203,10,1.7155247094586472,10
WG,2018-08-16,Deep,20.58341089202617,45,0.9308175386726414,45
WG,2018-09-12,Surface,23.830470569214363,10,0.9828219941238664,10
WG,2018-09-12,Mid-Depth,23.65538617092249,10,1.244304555678802,10
WG,2018-09-12,Lower Photic,22.633293977358257,10,1.6255408002951213,10
WG,2018-09-12,Deep,20.47286457902727,45,0.7914040647012093,45
WG,2018-09-24,Surface,23.85313504047441,10,2.100122293977437,10
WG,2018-09-24,Mid-Depth,23.71903665096578,10,1.8359173344129889,10
WG,2018-09-24,Lower Photic,22.94217542807638,10,0.9773544866432397,10
WG,2018-09-24,Deep,20.62646118339382,45,0.5308048132245167,45
WG,2018-10-10,Surface,23.02549204861018,10,8.29949773003855,10
WG,2018-10-10,Mid-Depth,23.03362353882774,10,5.5764417691017885,10
WG,2018-10-10,Lower Photic,22.99035174933568,10,4.6209177885035375,10
WG,2018-10-10,Deep,20.666799208071456,45,0.779837605799785,45
WG,2018-11-14,Surface,22.82577535180112,10,2.588485818361907,10
WG,2018-11-14,Mid-Depth,22.72278104332662,10,3.4383459253459128,10
WG,2018-11-14,Lower Photic,22.59035971026043,10,3.149022442961131,10
WG,2018-11-14,Deep,20.73229857381504,45,0.7202623510805757,45
WG,2018-12-12,Surface,21.595873508884928,10,2.051809134005416,10
WG,2018-12-12,Mid-Depth,21.60805269451639,10,2.2850109864382544,10
WG,2018-12-12,Lower Photic,21.60981186166937,10,2.316225638171124,10
WG,2018-12-12,Deep,20.82025208602122,45,1.069816862443678,45
WG,2019-02-12,Surface,20.6648197494572,10,2.9635680663467947,10
WG,2019-02-12,Mid-Depth,20.57600170435297,10,1.903353927841752,10
WG,2019-02-12,Lower Photic,20.55493987314021,10,1.861825141635488,10
WG,2019-02-12,Deep,20.40386392619124,45,1.313565284912954,45
WG,2019-03-12,Surface,21.48788778287119,10,3.096689599282983,10
WG,2019-03-12,Mid-Depth,21.09021063704976,10,3.146622887345037,10
WG,2019-03-12,Lower Photic,20.88024409187492,10,1.528408365890563,10
WG,2019-03-12,Deep,20.430704843299072,45,0.6398471363064939,45
WG,2019-04-09,Surface,22.11172467388945,10,2.7508672427344933,10
WG,2019-04-09,Mid-Depth,21.53079336229225,10,3.5923097190398527,10
WG,2019-04-09,Lower Photic,21.09763815499557,10,1.618225434679383,10
WG,2019-04-09,Deep,20.497100016520072,45,0.5523430961478912,45
WG,2019-05-14,Surface,23.7159759008314,10,1.1688695104480158,10
WG,2019-05-14,Mid-Depth,23.05813025414588,10,1.15164208882869,10
WG,2019-05-14,Lower Photic,21.50459209730461,10,1.107324742584661,10
WG,2019-05-14,Deep,20.510243279876747,45,0.4724304476331874,45
WG,2019-06-12,Surface,23.896194270596528,10,0.8419867776592213,10
WG,2019-06-12,Mid-Depth,23.62376786736806,10,1.1155937356856305,10
WG,2019-06-12,Lower Photic,21.63439518829778,10,1.4955793408602591,10
WG,2019-06-12,Deep,20.564805072132515,45,0.5373903440602407,45
WG,2019-07-12,Surface,23.423865509862843,10,1.370242450252132,10
WG,2019-07-12,Mid-Depth,23.4363732449368,10,1.44004687596207,10
WG,2019-07-12,Lower Photic,22.25499475928802,10,2.369443608648647,10
WG,2019-07-12,Deep,20.567886151402817,45,0.7375168930875216,45
WG,2019-08-13,Surface,23.73191733349412,10,1.18029483199129,10
WG,2019-08-13,Mid-Depth,23.685560191062617,10,1.3665641128835009,10
WG,2019-08-13,Lower Photic,22.52034574289154,10,2.18752485817782,10
WG,2019-08-13,Deep,20.591689788860563,45,0.7008539284150977,45
WG,2019-09-10,Surface,23.88658508405673,10,0.9874034629211356,10
WG,2019-09-10,Mid-Depth,23.870456532341272,10,1.1965765860352398,10
WG,2019-09-10,Lower Photic,23.157482090752573,10,1.99741400247146,10
WG,2019-09-10,Deep,20.607860252369463,45,0.701620893631611,45
WG,2020-01-23,Surface,20.8715127407328,10,3.191409045091518,10
WG,2020-01-23,Mid-Depth,20.87145667216466,10,3.338787096733809,10
WG,2020-01-23,Lower Photic,20.86813234674529,10,3.282318988407293,10
WG,2020-01-23,Deep,20.58815171087592,45,1.7298576066782738,45
WG,2020-02-11,Surface,21.62144029067217,10,2.992767965359481,10
WG,2020-02-11,Mid-Depth,21.5242931645574,10,5.106323633695529,10
WG,2020-02-11,Lower Photic,21.02663962478009,10,8.969778294595027,10
WG,2020-02-11,Deep,20.58189870904361,45,1.7387098468178328,45
WG,2020-03-10,Surface,20.95525799600408,10,2.870703458557061,10
WG,2020-03-10,Mid-Depth,20.95902191892576,10,3.0867657910833386,10
WG,2020-03-10,Lower Photic,20.963317779686104,10,3.256861381243695,10
WG,2020-03-10,Deep,20.63866571594418,45,1.875962470358254,45
WG,2020-04-14,Surface,23.30386970336312,10,1.329314454010969,10
WG,2020-04-14,Mid-Depth,22.54298044658733,10,2.225919888544295,10
WG,2020-04-14,Lower Photic,21.202791715776023,10,3.2986998533922858,10
WG,2020-04-14,Deep,20.62990515883056,45,0.96850734195304,45
WG,2020-05-12,Surface,23.764931666924006,10,1.8011647997416698,10
WG,2020-05-12,Mid-Depth,23.468962057848053,10,2.419504394808402,10
WG,2020-05-12,Lower Photic,21.45914153148399,10,3.279659905098889,10
WG,2020-05-12,Deep,20.644551980837647,45,0.842705514856751,45
WG,2020-06-09,Surface,23.5288257048878,10,2.434165961975853,10
WG,2020-06-09,Mid-Depth,23.27636849427758,10,3.581824859440704,10
WG,2020-06-09,Lower Photic,21.88981516632773,10,7.216399410815077,10
WG,2020-06-09,Deep,20.63814354330908,45,0.7370966002395811,45
WG,2020-07-14,Surface,23.86359254249907,10,1.532446148854546,10
WG,2020-07-14,Mid-Depth,23.67088189335634,10,2.893350122236858,10
WG,2020-07-14,Lower Photic,22.20119831285778,10,9.964533935400992,10
WG,2020-07-14,Deep,20.661876665009903,45,0.938029888213026,45
WG,2020-08-11,Surface,24.05082664084537,10,1.3407922333189115,10
WG,2020-08-11,Mid-Depth,24.00160835670283,10,1.419560045093654,10
WG,2020-08-11,Lower Photic,22.64212166125636,10,2.1237072810819524,10
WG,2020-08-11,Deep,20.66418788070221,45,0.8131311701173818,45
WG,2020-09-08,Surface,23.72666569577573,10,1.107175260552559,10
WG,2020-09-08,Mid-Depth,23.72863278292303,10,1.262473051732485,10
WG,2020-09-08,Lower Photic,22.85365072463052,10,1.529113593077826,10
WG,2020-09-08,Deep,20.67945338331577,45,0.7191154231714265,45
WG,2020-10-13,Surface,23.86313073239155,10,1.193885241526715,10
WG,2020-10-13,Mid-Depth,23.86500163154724,10,1.394928229986339,10
WG,2020-10-13,Lower Photic,23.10193919106639,10,1.733820563226364,10
WG,2020-10-13,Deep,20.734814612879592,45,0.78310183597154,45
WG,2020-11-10,Surface,22.89514043926344,10,1.744856796586302,10
WG,2020-11-10,Mid-Depth,22.831282049260743,10,2.043717856134096,10
WG,2020-11-10,Lower Photic,22.697653714763668,10,2.47274113102166,10
WG,2020-11-10,Deep,20.788130689754823,45,0.7816404571445826,45
WG,2020-12-08,Surface,21.97079506411464,10,1.915986544346682,10
WG,2020-12-08,Mid-Depth,21.97231674017445,10,2.132734530100735,10
WG,2020-12-08,Lower Photic,21.97299823706265,10,2.237668904335064,10
WG,2020-12-08,Deep,20.873282538789145,45,1.0361407942834542,45
WG,2021-01-19,Surface,21.26166460948445,10,3.141404573431441,10
WG,2021-01-19,Mid-Depth,21.259671248373586,10,3.5055730187305443,10
WG,2021-01-19,Lower Photic,21.25540664466981,10,3.636962560776772,10
WG,2021-01-19,Deep,20.76386353818785,45,1.7871978867314615,45
WG,2021-02-16,Surface,21.49196274764358,10,4.105443692207311,10
WG,2021-02-16,Mid-Depth,21.16748453119388,10,10.213898400652496,10
WG,2021-02-16,Lower Photic,20.92876382143629,10,6.137256071147533,10
WG,2021-02-16,Deep,20.605722668986893,45,1.1223376509241787,45
WG,2021-03-16,Surface,21.408138900037947,10,2.714787350830661,10
WG,2021-03-16,Mid-Depth,21.1403495801895,10,3.226830171308703,10
WG,2021-03-16,Lower Photic,20.95503247005284,10,2.364247632083844,10
WG,2021-03-16,Deep,20.628568296328886,45,1.0771772971159237,45
WG,2021-04-13,Surface,22.15604263215267,10,2.056947261430284,10
WG,2021-04-13,Mid-Depth,21.423854843478445,10,2.844927073113071,10
WG,2021-04-13,Lower Photic,21.03885930216673,10,1.9380980356056845,10
WG,2021-04-13,Deep,20.65444713740663,45,0.9292466510903056,45
WG,2021-05-11,Surface,22.94321421760512,10,1.36910113160047,10
WG,2021-05-11,Mid-Depth,22.24288594530537,10,1.856528462473636,10
WG,2021-05-11,Lower Photic,21.19402355304762,10,1.493457440786589,10
WG,2021-05-11,Deep,20.66863491329225,45,0.6853087310955703,45
WG,2021-06-08,Surface,24.346388326734257,10,1.0622882582525857,10
WG,2021-06-08,Mid-Depth,23.37652310140451,10,1.414101303089838,10
WG,2021-06-08,Lower Photic,21.3469470204221,10,1.409164652971374,10
WG,2021-06-08,Deep,20.67443237635561,45,0.6228717426350697,45
WG,2021-07-13,Surface,23.64384583404123,10,1.2377056941484492,10
WG,2021-07-13,Mid-Depth,23.45569941167604,10,1.62746014289012,10
WG,2021-07-13,Lower Photic,21.50681511386549,10,2.1684928595063733,10
WG,2021-07-13,Deep,20.679544901325503,45,0.6134095577646186,45
WG,2021-08-10,Surface,23.56599855577727,10,1.2346926366588715,10
WG,2021-08-10,Mid-Depth,23.535307074654988,10,1.511992892980106,10
WG,2021-08-10,Lower Photic,22.0640686314642,10,2.7557867494449053,10
WG,2021-08-10,Deep,20.69083526693801,45,0.9720056297317992,45
WG,2021-09-07,Surface,23.67404799308376,10,1.2720290422260974,10
WG,2021-09-07,Mid-Depth,23.6424528036408,10,1.7033864687798652,10
WG,2021-09-07,Lower Photic,22.76170024488624,10,2.442569232851778,10
WG,2021-09-07,Deep,20.723776129482093,45,0.9956053038598432,45
WG,2021-10-12,Surface,23.86666560357757,10,1.3618227411161137,10
WG,2021-10-12,Mid-Depth,23.85669179258312,10,1.787301836701469,10
WG,2021-10-12,Lower Photic,23.04268603878825,10,2.887287296839165,10
WG,2021-10-12,Deep,20.73151775285949,45,0.9802558326282584,45
WG,2021-11-09,Surface,23.12010424938336,10,1.962657082038485,10
WG,2021-11-09,Mid-Depth,23.12589750454297,10,2.7445183084196154,10
WG,2021-11-09,Lower Photic,22.928003424787462,10,3.221827188930098,10
WG,2021-11-09,Deep,20.8162737882368,45,1.0012459099025266,45
WG,2021-12-07,Surface,21.70790354099384,10,3.64035951362123,10
WG,2021-12-07,Mid-Depth,21.705731581671703,10,8.990225148949685,10
WG,2021-12-07,Lower Photic,21.69769566781067,10,5.392293769300987,10
WG,2021-12-07,Deep,20.88575907083909,45,2.705663233500294,45
WG,2022-01-18,Surface,21.07453471350397,10,3.036594150876367,10
WG,2022-01-18,Mid-Depth,21.072927972667888,10,3.5731431443111865,10
WG,2022-01-18,Lower Photic,21.06849132698768,10,3.596855674845436,10
WG,2022-01-18,Deep,20.69917026756331,45,1.5631128279425892,45
WG,2022-02-08,Surface,20.89766157260516,10,2.116805783760562,10
WG,2022-02-08,Mid-Depth,20.9022882064072,10,2.218382765546313,10
WG,2022-02-08,Lower Photic,20.904288259452382,10,2.288687826441606,10
WG,2022-02-08,Deep,20.64274947210781,45,1.32644255377002,45
WG,2022-03-08,Surface,21.17413326691836,10,1.367520211295961,10
WG,2022-03-08,Mid-Depth,20.885228937760573,10,2.1039112630389005,10
WG,2022-03-08,Lower Photic,20.64440116059964,10,1.8510318951564773,10
WG,2022-03-08,Deep,20.4766756750085,45,0.7565820806950914,45
WG,2022-04-05,Surface,22.39372774446548,10,1.176711256935341,10
WG,2022-04-05,Mid-Depth,21.90553897870628,10,1.7583789843991575,10
WG,2022-04-05,Lower Photic,21.19788413430036,10,2.587302182984638,10
WG,2022-04-05,Deep,20.597871274952595,45,0.9260172543517458,45
WG,2022-05-10,Surface,23.81797645405339,10,1.1285976181844195,10
WG,2022-05-10,Mid-Depth,23.380417686843607,10,1.4013171786209289,10
WG,2022-05-10,Lower Photic,21.57515729339436,10,1.7556415034944235,10
WG,2022-05-10,Deep,20.623378416627485,45,0.829460926431373,45
WG,2022-06-14,Surface,23.19544964262516,10,1.2848724655295922,10
WG,2022-06-14,Mid-Depth,23.208821379084988,10,1.409085242957466,10
WG,2022-06-14,Lower Photic,22.15342492546678,10,1.755748310602074,10
WG,2022-06-14,Deep,20.621746643898184,45,0.6917156433584921,45
WG,2022-07-12,Surface,23.23836849855636,10,1.0286542901633529,10
WG,2022-07-12,Mid-Depth,23.196234721738684,10,1.1059970316050858,10
WG,2022-07-12,Lower Photic,22.34871715037267,10,1.6025486021585995,10
WG,2022-07-12,Deep,20.659107772208905,45,0.719838190140278,45
WG,2022-08-09,Surface,22.97930542983302,10,1.175999997792578,10
WG,2022-08-09,Mid-Depth,22.97901980105248,10,1.4651293443114382,10
WG,2022-08-09,Lower Photic,22.537957699691145,10,1.782392178982412,10
WG,2022-08-09,Deep,20.655145760220588,45,0.8174119312427715,45
WG,2022-09-06,Surface,23.848185020639672,10,1.0990373925569596,10
WG,2022-09-06,Mid-Depth,23.59172025226024,10,1.842780116966011,10
WG,2022-09-06,Lower Photic,22.84054628134117,10,1.692651315905413,10
WG,2022-09-06,Deep,20.71038174278795,45,0.822352322048118,45
WG,2022-10-18,Surface,23.149471259312,10,1.595089441749359,10
WG,2022-10-18,Mid-Depth,23.10881056173056,10,2.156720385708536,10
WG,2022-10-18,Lower Photic,22.79593779532329,10,2.284406661775302,10
WG,2022-10-18,Deep,20.75667723795907,45,0.7165421462562847,45
WG,2022-11-08,Surface,23.137659347807947,10,1.1725371739377874,10
WG,2022-11-08,Mid-Depth,23.10930718821313,10,1.7046762917636642,10
WG,2022-11-08,Lower Photic,22.9109951721017,10,2.058169708449019,10
WG,2022-11-08,Deep,20.77707357171192,45,1.069565841787629,45
WG,2022-12-06,Surface,21.73569819817535,10,2.0365280283238967,10
WG,2022-12-06,Mid-Depth,21.7440733546971,10,2.68425505770279,10
WG,2022-12-06,Lower Photic,21.742548009152465,10,2.838048352321886,10
WG,2022-12-06,Deep,20.93766457515671,45,1.2848081249097054,45
WG,2023-01-17,Surface,20.99394838414328,10,2.1385444788129826,10
WG,2023-01-17,Mid-Depth,21.001556870661048,10,2.3965301391441534,10
WG,2023-01-17,Lower Photic,20.97586294406288,10,2.670524825842341,10
WG,2023-01-17,Deep,20.65266571246744,45,1.4393099692956377,45
WG,2023-02-14,Surface,20.68506813242942,10,2.29999993903262,10
WG,2023-02-14,Mid-Depth,20.68484479950747,10,2.512541934381396,10
WG,2023-02-14,Lower Photic,20.65669576680004,10,2.0364453842187915,10
WG,2023-02-14,Deep,20.53698834073008,45,1.100696508684261,45
WG,2023-03-14,Surface,21.680289721,10,1.6139585708,10
WG,2023-03-14,Mid-Depth,21.428955057,10,2.0364731048,10
WG,2023-03-14,Lower Photic,20.768000625,10,2.2627230253,10
WG,2023-03-14,Deep,20.51439655012381,45,0.875083766404021,45
WG,2023-04-11,Surface,22.20287535275284,10,0.790589051145494,10
WG,2023-04-11,Mid-Depth,22.20223245510116,10,0.9286551265441032,10
WG,2023-04-11,Lower Photic,21.44133599370464,10,1.29080202800141,10
WG,2023-04-11,Deep,20.552258485421337,45,1.197527475845907,45
WG,2023-05-09,Surface,23.53277389795064,10,0.998190724731371,10
WG,2023-05-09,Mid-Depth,23.38643000916425,10,1.285135606921022,10
WG,2023-05-09,Lower Photic,21.79851709558028,10,1.925623088445669,10
WG,2023-05-09,Deep,20.563203765936468,45,0.9590808411466246,45
WG,2023-06-13,Surface,24.662187705101303,10,1.079593028775957,10
WG,2023-06-13,Mid-Depth,24.45609847191324,10,1.501084654906814,10
WG,2023-06-13,Lower Photic,22.30218891645024,10,2.3704925414209788,10
WG,2023-06-13,Deep,20.606345142456256,45,0.8711235529246939,45
WG,2023-07-18,Surface,24.00403711135161,10,1.818063634942472,10
WG,2023-07-18,Mid-Depth,24.02036642623318,10,2.613734651428427,10
WG,2023-07-18,Lower Photic,23.042115273372296,10,2.615616450167434,10
WG,2023-07-18,Deep,20.66625243529616,45,0.6966498477660258,45
WG,2023-08-16,Surface,24.27790046496804,10,1.221596671302438,10
WG,2023-08-16,Mid-Depth,24.24322023882467,10,1.706647423021273,10
WG,2023-08-16,Lower Photic,23.14881260659314,10,2.7079779523348404,10
WG,2023-08-16,Deep,20.685054734587474,45,0.8214655873851666,45
WG,2023-09-05,Surface,24.34232993579075,10,1.466005025400562,10
WG,2023-09-05,Mid-Depth,24.31208305958459,10,2.1750009780627417,10
WG,2023-09-05,Lower Photic,23.47239551609574,10,2.9655513473559894,10
WG,2023-09-05,Deep,20.66604424554727,45,0.7051689166571968,45
WG,2023-10-18,Surface,24.28494131434696,10,20.00315196510855,10
WG,2023-10-18,Mid-Depth,24.25192950606664,10,28.889942178109266,10
WG,2023-10-18,Lower Photic,23.756535783174968,10,25.01278903053555,10
WG,2023-10-18,Deep,20.81672168583737,45,6.653466656202993,45
WG,2023-11-14,Surface,22.65865215849052,10,2.9388476835058466,10
WG,2023-11-14,Mid-Depth,22.66167667350738,10,3.16365187476599,10
WG,2023-11-14,Lower Photic,22.64538838169514,10,3.0587557597360937,10
WG,2023-11-14,Deep,20.91564527014057,45,0.8197340775706247,45
WG,2023-12-05,Surface,22.44864300491028,10,2.604013981137349,10
WG,2023-12-05,Mid-Depth,22.46159031008896,10,3.018033493678863,10
WG,2023-12-05,Lower Photic,22.46699504908942,10,3.137735825412859,10
WG,2023-12-05,Deep,20.951747948101094,45,0.9819713070332624,45
WP,2014-02-26,Surface,21.82,10,1.3037142857142858,10
WP,2014-02-26,Mid-Depth,20.8,10,3.678857142857143,10
WP,2014-02-26,Lower Photic,20.69,10,3.4392642838033063,10
WP,2014-02-26,Deep,20.65474181879689,28,1.8152355531567843,28
WP,2014-03-26,Surface,23.16,10,0.3085301866037791,10
WP,2014-03-26,Mid-Depth,22.43,10,0.7717142857142856,10
WP,2014-03-26,Lower Photic,21.81,10,0.8533608673541961,10
WP,2014-03-26,Deep,20.948728602559736,28,0.3031966678495735,28
WP,2014-04-22,Surface,22.820819755123388,10,0.3588,10
WP,2014-04-22,Mid-Depth,22.117,10,0.625,10
WP,2014-04-22,Lower Photic,21.929,10,0.8089999999999999,10
WP,2014-04-22,Deep,20.754674013902616,28,0.6981873215771938,28
WP,2014-06-24,Surface,24.111999999999995,10,0.6049999999999999,10
WP,2014-06-24,Mid-Depth,23.344999999999995,10,0.836,10
WP,2014-06-24,Lower Photic,22.773,10,0.607,10
WP,2014-06-24,Deep,20.94130878536389,28,0.3404656388346681,28
WP,2014-07-23,Surface,23.404,10,0.453,10
WP,2014-07-23,Mid-Depth,23.028,10,0.852,10
WP,2014-07-23,Lower Photic,22.741000000000003,10,0.78,10
WP,2014-07-23,Deep,20.92910966421949,28,0.3108334871180528,28
WP,2014-08-12,Surface,23.902000000000005,10,0.6460000000000001,10
WP,2014-08-12,Mid-Depth,23.266,10,0.94,10
WP,2014-08-12,Lower Photic,22.73,10,0.9240000000000002,10
WP,2014-08-12,Deep,20.96016837074225,28,0.4560499611281821,28
WP,2014-09-08,Surface,23.926,10,1.201,10
WP,2014-09-08,Mid-Depth,23.277,10,1.866,10
WP,2014-09-08,Lower Photic,22.743,10,0.907,10
WP,2014-09-08,Deep,21.231102632094167,28,0.5116167154702144,28
WP,2014-10-07,Surface,24.179,10,2.056,10
WP,2014-10-07,Mid-Depth,23.27,10,3.1676,10
WP,2014-10-07,Lower Photic,22.986,10,1.3874,10
WP,2014-10-07,Deep,21.22412062092228,28,0.4563193126224544,28
WP,2014-11-11,Surface,22.958,10,1.207,10
WP,2014-11-11,Mid-Depth,22.273000000000003,10,1.932,10
WP,2014-11-11,Lower Photic,22.222,10,1.6949999999999998,10
WP,2014-11-11,Deep,21.401960662327426,28,0.7962310631757922,28
WP,2014-12-08,Surface,21.148000000000003,10,1.944,10
WP,2014-12-08,Mid-Depth,21.095,10,3.4255000000000004,10
WP,2014-12-08,Lower Photic,21.087,10,3.316,10
WP,2014-12-08,Deep,20.775458590872216,28,1.8888705010580475,28
WP,2015-01-14,Surface,20.468,10,0.844,10
WP,2015-01-14,Mid-Depth,20.39,10,0.0099999999999999,10
WP,2015-01-14,Lower Photic,20.39,10,0.0099999999999999,10
WP,2015-01-14,Deep,20.390099098755165,28,0.0177042199865967,28
WP,2015-02-10,Surface,20.578000000000003,10,4.714499999999999,10
WP,2015-02-10,Mid-Depth,20.501,10,5.97,10
WP,2015-02-10,Lower Photic,20.4,10,2.4205,10
WP,2015-02-10,Deep,20.34625494187224,28,1.298581725289994,28
WP,2015-03-10,Surface,21.092,10,1.61,10
WP,2015-03-10,Mid-Depth,20.555,10,5.769,10
WP,2015-03-10,Lower Photic,20.353,10,6.758,10
WP,2015-03-10,Deep,20.34041464057534,28,4.483390524086035,28
WP,2015-04-14,Surface,22.788,10,0.3370000000000001,10
WP,2015-04-14,Mid-Depth,22.023000000000003,10,0.6789999999999999,10
WP,2015-04-14,Lower Photic,21.469,10,0.837,10
WP,2015-04-14,Deep,20.687730124514,28,0.5684364454578854,28
WP,2015-05-05,Surface,23.741,10,0.4630000000000001,10
WP,2015-05-05,Mid-Depth,22.761000000000003,10,0.784,10
WP,2015-05-05,Lower Photic,21.568,10,0.868,10
WP,2015-05-05,Deep,20.5871921486204,28,0.5748923398347757,28
WP,2015-06-09,Surface,24.01,10,0.586,10
WP,2015-06-09,Mid-Depth,23.934,10,0.724,10
WP,2015-06-09,Lower Photic,21.673,10,0.617,10
WP,2015-06-09,Deep,20.55391666666668,28,0.3156071428571428,28
WP,2015-07-14,Surface,23.291000000000004,10,0.6090000000000001,10
WP,2015-07-14,Mid-Depth,22.752,10,1.427,10
WP,2015-07-14,Lower Photic,22.503000000000004,10,1.379,10
WP,2015-07-14,Deep,20.688275087764485,28,0.7651293958131865,28
WP,2015-08-10,Surface,24.422,10,0.931,10
WP,2015-08-10,Mid-Depth,23.609,10,1.625,10
WP,2015-08-10,Lower Photic,22.789,10,1.141,10
WP,2015-08-10,Deep,20.819477764658853,28,0.8183053605536635,28
WP,2015-09-09,Surface,24.099,10,2.5806666666666667,10
WP,2015-09-09,Mid-Depth,23.721,10,2.3063333333333333,10
WP,2015-09-09,Lower Photic,23.198,10,0.962,10
WP,2015-09-09,Deep,20.977994204971093,28,0.4946457538606375,28
WP,2015-10-06,Surface,24.536,10,0.959,10
WP,2015-10-06,Mid-Depth,23.736,10,1.198,10
WP,2015-10-06,Lower Photic,23.105,10,0.7630000000000001,10
WP,2015-10-06,Deep,21.01324290557008,28,0.3917822941915633,28
WP,2015-11-12,Surface,23.48,10,1.8685568551925889,10
WP,2015-11-12,Mid-Depth,23.4,10,2.444746768902095,10
WP,2015-11-12,Lower Photic,23.21,10,1.921989819630592,10
WP,2015-11-12,Deep,21.74257642076336,28,1.045971493583992,28
WP,2015-12-08,Surface,22.055,10,1.1010000000000002,10
WP,2015-12-08,Mid-Depth,21.993,10,2.13,10
WP,2015-12-08,Lower Photic,21.966,10,1.9620000000000004,10
WP,2015-12-08,Deep,21.22329094279192,28,1.0570014808660757,28
WP,2016-01-19,Surface,21.597,10,1.3729999999999998,10
WP,2016-01-19,Mid-Depth,21.505000000000003,10,1.798,10
WP,2016-01-19,Lower Photic,21.476,10,1.671,10
WP,2016-01-19,Deep,21.13638095819075,28,1.0090186449674432,28
WP,2016-02-16,Surface,21.178,10,3.530500000000001,10
WP,2016-02-16,Mid-Depth,20.888,10,5.529999999999999,10
WP,2016-02-16,Lower Photic,20.821,10,4.209999999999999,10
WP,2016-02-16,Deep,20.71841587288776,28,3.061009916891648,28
WP,2016-03-08,Surface,21.840000000000003,10,1.914,10
WP,2016-03-08,Mid-Depth,20.972,10,4.2780000000000005,10
WP,2016-03-08,Lower Photic,20.796,10,3.6319999999999992,10
WP,2016-03-08,Deep,20.655870576258604,28,1.7713705718116213,28
WP,2016-04-13,Surface,23.517000000000003,10,1.099,10
WP,2016-04-13,Mid-Depth,22.404000000000003,10,2.4270000000000005,10
WP,2016-04-13,Lower Photic,21.546,10,1.439,10
WP,2016-04-13,Deep,20.7268459351996,28,0.355216453662886,28
WP,2016-05-17,Surface,24.137,10,0.211,10
WP,2016-05-17,Mid-Depth,23.618,10,0.709,10
WP,2016-05-17,Lower Photic,21.649,10,0.7660000000000001,10
WP,2016-05-17,Deep,20.681335120062247,28,0.2766349871028687,28
WP,2016-06-14,Surface,24.543,10,0.612,10
WP,2016-06-14,Mid-Depth,24.1,10,1.33,10
WP,2016-06-14,Lower Photic,22.617,10,0.8190000000000002,10
WP,2016-06-14,Deep,20.796746737412327,28,0.2701446010168176,28
WP,2016-07-12,Surface,23.697,10,0.344,10
WP,2016-07-12,Mid-Depth,23.558,10,0.8089999999999999,10
WP,2016-07-12,Lower Photic,22.458,10,1.015,10
WP,2016-07-12,Deep,20.7527289552278,28,0.3125655901608545,28
WP,2016-08-10,Surface,24.26,10,0.375,10
WP,2016-08-10,Mid-Depth,23.752,10,0.8109999999999999,10
WP,2016-08-10,Lower Photic,23.106,10,1.0429999999999997,10
WP,2016-08-10,Deep,20.905914569676128,28,0.2975486849872348,28
WP,2016-09-07,Surface,24.039000000000005,10,0.302,10
WP,2016-09-07,Mid-Depth,23.663,10,0.725,10
WP,2016-09-07,Lower Photic,23.308,10,0.691,10
WP,2016-09-07,Deep,20.77869216779477,28,0.2323393784808784,28
WP,2016-10-12,Surface,23.433,10,0.424,10
WP,2016-10-12,Mid-Depth,23.354,10,0.6990000000000001,10
WP,2016-10-12,Lower Photic,23.077,10,0.635,10
WP,2016-10-12,Deep,20.95828571428571,28,0.2134642857142857,28
WP,2016-11-09,Surface,23.112,10,0.387,10
WP,2016-11-09,Mid-Depth,22.745,10,1.033,10
WP,2016-11-09,Lower Photic,22.651,10,1.307,10
WP,2016-11-09,Deep,21.294440244928698,28,0.5376143849367113,28
WP,2016-12-05,Surface,22.232000000000003,10,0.82,10
WP,2016-12-05,Mid-Depth,21.745,10,2.111,10
WP,2016-12-05,Lower Photic,21.619,10,1.874,10
WP,2016-12-05,Deep,21.18387846102356,28,0.8628536755623669,28
WP,2017-02-08,Surface,21.029,10,1.642,10
WP,2017-02-08,Mid-Depth,20.646,10,1.854,10
WP,2017-02-08,Lower Photic,20.418,10,1.3330000000000002,10
WP,2017-02-08,Deep,20.388693199160365,28,0.9830693775554036,28
WP,2017-03-14,Surface,21.227,10,1.82,10
WP,2017-03-14,Mid-Depth,20.559,10,1.912,10
WP,2017-03-14,Lower Photic,20.469,10,1.067,10
WP,2017-03-14,Deep,20.40332641289661,28,0.4797645996080584,28
WP,2017-04-19,Surface,21.935,10,0.182,10
WP,2017-04-19,Mid-Depth,21.447000000000003,10,0.471,10
WP,2017-04-19,Lower Photic,21.22,10,0.626,10
WP,2017-04-19,Deep,20.599374218317617,28,0.4573383004475798,28
WP,2017-05-16,Surface,23.590000000000003,10,0.369,10
WP,2017-05-16,Mid-Depth,22.799,10,0.79,10
WP,2017-05-16,Lower Photic,21.892,10,0.631,10
WP,2017-05-16,Deep,20.644413416383568,28,0.3013128322108765,28
WP,2017-06-13,Surface,24.095,10,0.363,10
WP,2017-06-13,Mid-Depth,23.405,10,0.7819999999999999,10
WP,2017-06-13,Lower Photic,21.989000000000004,10,0.489,10
WP,2017-06-13,Deep,20.647417012463176,28,0.1596426968268297,28
WP,2017-07-11,Surface,23.961,10,0.634,10
WP,2017-07-11,Mid-Depth,22.953,10,0.542,10
WP,2017-07-11,Lower Photic,21.81,10,0.288,10
WP,2017-07-11,Deep,20.621789970778,28,0.1713512372567051,28
WP,2017-08-08,Surface,23.703,10,0.343,10
WP,2017-08-08,Mid-Depth,23.367,10,0.6789999999999999,10
WP,2017-08-08,Lower Photic,22.6,10,0.597,10
WP,2017-08-08,Deep,20.698672586231275,28,0.1735799151122265,28
WP,2017-09-12,Surface,24.228,10,0.74,10
WP,2017-09-12,Mid-Depth,23.613,10,0.716,10
WP,2017-09-12,Lower Photic,22.769,10,0.313,10
WP,2017-09-12,Deep,20.843421197438893,28,0.1456565139407545,28
WP,2017-10-12,Surface,23.679,10,0.585,10
WP,2017-10-12,Mid-Depth,23.303,10,0.858,10
WP,2017-10-12,Lower Photic,23.055,10,0.619,10
WP,2017-10-12,Deep,20.91563908949147,28,0.1831368272886906,28
WP,2017-11-07,Surface,23.357,10,0.576,10
WP,2017-11-07,Mid-Depth,22.791,10,1.789,10
WP,2017-11-07,Lower Photic,22.687,10,1.512,10
WP,2017-11-07,Deep,21.022885102666827,28,0.537040072045718,28
WP,2017-12-13,Surface,22.85654530101157,10,1.794,10
WP,2017-12-13,Mid-Depth,22.40151184741037,10,3.273000000000001,10
WP,2017-12-13,Lower Photic,21.84580355393476,10,3.217,10
WP,2017-12-13,Deep,20.812331300128186,28,2.4174553073568816,28
WP,2018-01-11,Surface,20.711728466416112,10,9.747939279997636,10
WP,2018-01-11,Mid-Depth,20.52941226112913,10,6.925660838797167,10
WP,2018-01-11,Lower Photic,20.49064673247582,10,3.429050725916916,10
WP,2018-01-11,Deep,20.4578569548137,28,2.2051335737592948,28
WP,2018-02-07,Surface,20.38326224079072,10,3.5261176488587447,10
WP,2018-02-07,Mid-Depth,20.271800210341247,10,2.259806357126431,10
WP,2018-02-07,Lower Photic,20.26118102471612,10,1.965688663750497,10
WP,2018-02-07,Deep,20.2744035029273,28,1.545140077893155,28
WP,2018-02-28,Surface,20.61521865152646,10,7.0545614626653546,10
WP,2018-02-28,Mid-Depth,20.31940467713211,10,2.311239705397138,10
WP,2018-02-28,Lower Photic,20.26470012397845,10,1.0453889214718828,10
WP,2018-02-28,Deep,20.259879846587864,28,0.6829471889313281,28
WP,2018-03-13,Surface,20.80626475191963,10,6.856091307628395,10
WP,2018-03-13,Mid-Depth,20.393848490652623,10,3.910483573914436,10
WP,2018-03-13,Lower Photic,20.33599933454878,10,1.9369544697944288,10
WP,2018-03-13,Deep,20.27746029120098,28,0.9129668713279856,28
WP,2018-04-10,Surface,21.88246262141918,10,1.3667805025746833,10
WP,2018-04-10,Mid-Depth,21.532780269068788,10,2.0719892935096467,10
WP,2018-04-10,Lower Photic,20.99445776402309,10,1.7084241262515198,10
WP,2018-04-10,Deep,20.33686763717663,28,0.7105267368815683,28
WP,2018-05-15,Surface,23.146822811498048,10,1.782567851410522,10
WP,2018-05-15,Mid-Depth,22.20411440706433,10,1.9790647533687769,10
WP,2018-05-15,Lower Photic,21.39562355472276,10,1.0250027388965786,10
WP,2018-05-15,Deep,20.518138498145667,28,0.7017865706548764,28
WP,2018-06-12,Surface,23.62795667006916,10,1.453905339333552,10
WP,2018-06-12,Mid-Depth,22.8438612548663,10,0.8082216170031318,10
WP,2018-06-12,Lower Photic,21.20327537206624,10,0.7099505273047396,10
WP,2018-06-12,Deep,20.43479830736181,28,0.535369652444465,28
WP,2018-07-17,Surface,22.2706696823305,10,1.409154267735173,10
WP,2018-07-17,Mid-Depth,22.229187674212938,10,2.103333675417984,10
WP,2018-07-17,Lower Photic,21.714162289266547,10,1.9335888200527769,10
WP,2018-07-17,Deep,20.44098931849626,28,0.5793399601560203,28
WP,2018-08-14,Surface,23.37909296237438,10,0.6948213485363961,10
WP,2018-08-14,Mid-Depth,22.9806519979068,10,1.16065729823079,10
WP,2018-08-14,Lower Photic,22.34167426723897,10,1.396964270317097,10
WP,2018-08-14,Deep,20.72941876871469,28,0.9148014506797226,28
WP,2018-09-11,Surface,23.93497566140811,10,1.168142085939271,10
WP,2018-09-11,Mid-Depth,23.58357554479121,10,1.1910098260279542,10
WP,2018-09-11,Lower Photic,22.4521945564082,10,1.0918794627886306,10
WP,2018-09-11,Deep,20.737803510348588,28,0.8323169143774489,28
WP,2018-12-12,Surface,21.586443712224508,10,1.9329893411067929,10
WP,2018-12-12,Mid-Depth,21.58402923405941,10,1.949230017505664,10
WP,2018-12-12,Lower Photic,21.57820391892336,10,1.740373621132738,10
WP,2018-12-12,Deep,21.065482722163555,28,0.8887680948587048,28
WP,2019-02-12,Surface,20.71869925697323,10,4.872479912689983,10
WP,2019-02-12,Mid-Depth,20.579331532539435,10,8.452862200511056,10
WP,2019-02-12,Lower Photic,20.54902347742882,10,3.705704562598617,10
WP,2019-02-12,Deep,20.500762029333902,28,3.041505606482786,28
WP,2019-03-12,Surface,21.08422184169362,10,2.822212452219236,10
WP,2019-03-12,Mid-Depth,20.82476866584151,10,1.928389758430652,10
WP,2019-03-12,Lower Photic,20.687076557846872,10,1.3373891948564978,10
WP,2019-03-12,Deep,20.53958251974206,28,0.7026190048589561,28
WP,2019-04-09,Surface,21.963005361368875,10,2.684550008304388,10
WP,2019-04-09,Mid-Depth,21.272525546582266,10,2.224239621531188,10
WP,2019-04-09,Lower Photic,21.0738058604502,10,1.290751881450182,10
WP,2019-04-09,Deep,20.61510046622468,28,0.5809878540527462,28
WP,2019-05-14,Surface,23.97121015014809,10,1.308230822227661,10
WP,2019-05-14,Mid-Depth,22.53647540596285,10,0.9561593204135808,10
WP,2019-05-14,Lower Photic,21.22958543792721,10,0.5746033299052584,10
WP,2019-05-14,Deep,20.664888635643013,28,0.4356171277812734,28
WP,2019-06-12,Surface,24.1334871262916,10,1.1326144053730225,10
WP,2019-06-12,Mid-Depth,23.403313479058816,10,1.2629070722314,10
WP,2019-06-12,Lower Photic,21.6800854413152,10,0.7273599315601038,10
WP,2019-06-12,Deep,20.72234373198072,28,0.466545087697392,28
WP,2019-07-12,Surface,23.594042827566337,10,1.4873898287475398,10
WP,2019-07-12,Mid-Depth,23.49745459563775,10,1.6068794662069188,10
WP,2019-07-12,Lower Photic,22.023235262389687,10,1.3910255953894914,10
WP,2019-07-12,Deep,20.71377135065733,28,0.5315217237935524,28
WP,2019-08-13,Surface,23.78624623678585,10,1.484918685914598,10
WP,2019-08-13,Mid-Depth,23.47751743106405,10,1.718565849090652,10
WP,2019-08-13,Lower Photic,23.06374173329913,10,1.391929909709315,10
WP,2019-08-13,Deep,20.85991273969124,28,0.6668935172729074,28
WP,2019-09-10,Surface,24.18208742045478,10,1.2026068329436312,10
WP,2019-09-10,Mid-Depth,23.68969534827089,10,1.510936607171555,10
WP,2019-09-10,Lower Photic,22.53917355470445,10,1.5225292151396892,10
WP,2019-09-10,Deep,20.80504692233455,28,0.6694737307488999,28
WP,2020-01-23,Surface,20.954082754942075,10,3.589678804314718,10
WP,2020-01-23,Mid-Depth,20.849833124084537,10,3.937867364068494,10
WP,2020-01-23,Lower Photic,20.81433896576933,10,3.569078691033924,10
WP,2020-01-23,Deep,20.72848560219413,28,2.390661913482765,28
WP,2020-02-11,Surface,21.44657093382677,10,5.423963872654887,10
WP,2020-02-11,Mid-Depth,21.041045762988333,10,6.422395061832093,10
WP,2020-02-11,Lower Photic,20.94462092319957,10,5.710803718941543,10
WP,2020-02-11,Deep,20.748335414942662,28,2.01121067325132,28
WP,2020-03-10,Surface,20.93998543503281,10,2.396216708738315,10
WP,2020-03-10,Mid-Depth,20.87852478096162,10,2.696403493051935,10
WP,2020-03-10,Lower Photic,20.82225322490892,10,2.7561352834553885,10
WP,2020-03-10,Deep,20.72873243671404,28,2.415875800707243,28
WP,2020-08-11,Surface,23.90387282843872,10,2.039353150262021,10
WP,2020-08-11,Mid-Depth,23.756798392878483,10,1.951612975555772,10
WP,2020-08-11,Lower Photic,22.56977655943377,10,1.3020108491728792,10
WP,2020-08-11,Deep,20.886945593895625,28,0.5837992379222153,28
WP,2020-09-08,Surface,23.87986420667449,10,1.5778974170389255,10
WP,2020-09-08,Mid-Depth,23.62217056580693,10,1.4133226830632448,10
WP,2020-09-08,Lower Photic,22.83420650798304,10,1.070743000211442,10
WP,2020-09-08,Deep,20.89976544667231,28,0.5722450609671832,28
WP,2020-10-13,Surface,23.83322046177468,10,1.7243551329227749,10
WP,2020-10-13,Mid-Depth,23.62650320159469,10,1.376701133780348,10
WP,2020-10-13,Lower Photic,22.769588931761664,10,1.0244731029523044,10
WP,2020-10-13,Deep,20.88183709049552,28,0.5923848075536057,28
WP,2020-11-10,Surface,22.912417831126724,10,1.512338062260968,10
WP,2020-11-10,Mid-Depth,22.75522009730316,10,2.1107538001377426,10
WP,2020-11-10,Lower Photic,22.65056717023602,10,1.8620135746714064,10
WP,2020-11-10,Deep,21.10667370107319,28,0.878709561466165,28
WP,2020-12-08,Surface,21.95473398523492,10,1.6466762392325172,10
WP,2020-12-08,Mid-Depth,21.918888498836747,10,2.105741048211954,10
WP,2020-12-08,Lower Photic,21.91287088221318,10,2.1851055846825096,10
WP,2020-12-08,Deep,21.285664401979425,28,1.4942839782054569,28
WP,2021-01-19,Surface,21.20120299775628,10,1.836276953998039,10
WP,2021-01-19,Mid-Depth,21.154827516148607,10,3.043465353312919,10
WP,2021-01-19,Lower Photic,21.15084930018704,10,3.2956178902823403,10
WP,2021-01-19,Deep,20.99439786499239,28,2.7378909296772536,28
WP,2021-02-16,Surface,21.513667272037747,10,6.640878105368837,10
WP,2021-02-16,Mid-Depth,21.12925806815824,10,5.647601833222177,10
WP,2021-02-16,Lower Photic,20.99571058575264,10,5.901112310580879,10
WP,2021-02-16,Deep,20.79704285536094,28,2.8646954088598675,28
WP,2021-03-16,Surface,21.40675894365114,10,2.010027968531913,10
WP,2021-03-16,Mid-Depth,21.03239370180336,10,3.115687465666715,10
WP,2021-03-16,Lower Photic,20.896399222545018,10,2.001808396720872,10
WP,2021-03-16,Deep,20.78092713705899,28,1.1432211088870083,28
WP,2021-04-13,Surface,21.96442468901185,10,1.89375369478653,10
WP,2021-04-13,Mid-Depth,21.22585403709931,10,3.368358435103103,10
WP,2021-04-13,Lower Photic,21.10291966029589,10,3.2781100369915395,10
WP,2021-04-13,Deep,20.84672790327278,28,1.35533435808451,28
WP,2021-05-11,Surface,22.990851073729907,10,1.462422269626459,10
WP,2021-05-11,Mid-Depth,22.080596005656453,10,1.7654149282468812,10
WP,2021-05-11,Lower Photic,21.2605374544831,10,1.0535683694353748,10
WP,2021-05-11,Deep,20.890090376972378,28,0.6955566789783834,28
WP,2021-06-08,Surface,24.44517555816499,10,1.761916364800135,10
WP,2021-06-08,Mid-Depth,23.06818011349025,10,1.321184175992148,10
WP,2021-06-08,Lower Photic,21.207483101151944,10,0.8174759180655998,10
WP,2021-06-08,Deep,20.85978548857764,28,0.5763825655767116,28
WP,2021-07-13,Surface,23.57749420439968,10,2.011251995240632,10
WP,2021-07-13,Mid-Depth,23.47561484435896,10,1.9649179425879608,10
WP,2021-07-13,Lower Photic,21.89356292378778,10,1.649704760367306,10
WP,2021-07-13,Deep,20.918931071599467,28,0.6031591650504503,28
WP,2021-08-10,Surface,23.75158967872673,10,1.5828429509512736,10
WP,2021-08-10,Mid-Depth,23.3404318627202,10,1.9220888903437905,10
WP,2021-08-10,Lower Photic,22.40181326369511,10,1.9370829061979,10
WP,2021-08-10,Deep,20.98167961682661,28,1.1367855980746433,28
WP,2021-09-07,Surface,24.214375848591818,10,1.324488275523107,10
WP,2021-09-07,Mid-Depth,23.63825107301483,10,1.896081336010365,10
WP,2021-09-07,Lower Photic,22.919909341518867,10,1.313272895151016,10
WP,2021-09-07,Deep,20.94680310667152,28,0.7163553626223406,28
WP,2021-10-12,Surface,24.29906229913901,10,1.0341519358928033,10
WP,2021-10-12,Mid-Depth,23.86054057801061,10,2.8081362755726738,10
WP,2021-10-12,Lower Photic,22.98816038231881,10,2.701126940795666,10
WP,2021-10-12,Deep,20.973752951736085,28,0.8854736826159187,28
WP,2021-11-09,Surface,23.328363384975173,10,1.6020413463186205,10
WP,2021-11-09,Mid-Depth,23.17764060232907,10,2.996261251619585,10
WP,2021-11-09,Lower Photic,23.08450719785789,10,2.9757296355366503,10
WP,2021-11-09,Deep,21.12727742451309,28,1.0510702121714603,28
WP,2021-12-07,Surface,21.81951092537775,10,2.1932267316187493,10
WP,2021-12-07,Mid-Depth,21.69455666736132,10,5.708410397101271,10
WP,2021-12-07,Lower Photic,21.679872396043823,10,5.72246318146607,10
WP,2021-12-07,Deep,21.19251799681162,28,4.210682412724922,28
WP,2022-01-18,Surface,21.20587999436035,10,2.082052213099025,10
WP,2022-01-18,Mid-Depth,21.02690107710983,10,2.567837607694997,10
WP,2022-01-18,Lower Photic,20.992683126321243,10,1.859019672947292,10
WP,2022-01-18,Deep,20.88040554693846,28,1.2529444704605557,28
WP,2022-02-08,Surface,21.091913663942098,10,1.6650291460083602,10
WP,2022-02-08,Mid-Depth,20.98715994413434,10,2.434412858716656,10
WP,2022-02-08,Lower Photic,20.857486361980268,10,1.956891216452648,10
WP,2022-02-08,Deep,20.779946627064664,28,1.5649202737357104,28
WP,2022-03-08,Surface,21.2249737732757,10,1.8294727866028453,10
WP,2022-03-08,Mid-Depth,20.71658244161616,10,2.428012072325829,10
WP,2022-03-08,Lower Photic,20.58776414209976,10,1.284467909912193,10
WP,2022-03-08,Deep,20.543435439136008,28,0.8320992165168976,28
WP,2022-04-05,Surface,22.83440676501534,10,1.003347754858981,10
WP,2022-04-05,Mid-Depth,21.80621265504957,10,1.9274961457240216,10
WP,2022-04-05,Lower Photic,21.17621993498846,10,2.035176371945138,10
WP,2022-04-05,Deep,20.71477529282488,28,0.8968594793881169,28
WP,2022-05-10,Surface,24.27777163888648,10,1.169748594503169,10
WP,2022-05-10,Mid-Depth,22.959607198251987,10,1.1950470333294494,10
WP,2022-05-10,Lower Photic,21.535123413136738,10,0.9769549184165218,10
WP,2022-05-10,Deep,20.74535478870412,28,0.6819058554287543,28
WP,2022-06-14,Surface,23.504156140537592,10,1.582729826770524,10
WP,2022-06-14,Mid-Depth,22.952342831513867,10,1.648629516863495,10
WP,2022-06-14,Lower Photic,22.00210612903427,10,1.124283987625239,10
WP,2022-06-14,Deep,20.764003472066783,28,0.6277487263968259,28
WP,2022-07-12,Surface,23.568189242699923,10,1.1599093581926236,10
WP,2022-07-12,Mid-Depth,22.939957395156007,10,1.491346745169371,10
WP,2022-07-12,Lower Photic,22.30383746323597,10,1.379209040777169,10
WP,2022-07-12,Deep,20.8059395854574,28,0.6634902423662147,28
WP,2022-08-09,Surface,23.01833219316259,10,1.3401750187043144,10
WP,2022-08-09,Mid-Depth,22.9151277301989,10,1.9835104502221832,10
WP,2022-08-09,Lower Photic,22.55481289548877,10,1.760939882004947,10
WP,2022-08-09,Deep,20.9254323514564,28,0.8669983400831276,28
WP,2022-09-06,Surface,24.21986503743888,10,1.421275934535192,10
WP,2022-09-06,Mid-Depth,23.50007190587342,10,1.4829955838458049,10
WP,2022-09-06,Lower Photic,22.83352035584758,10,1.0329163610582204,10
WP,2022-09-06,Deep,21.02368717232498,28,0.77088726771657,28
WP,2022-10-18,Surface,23.47225693808865,10,1.771651447509493,10
WP,2022-10-18,Mid-Depth,22.90021685299433,10,2.541655575239557,10
WP,2022-10-18,Lower Photic,22.78087220723973,10,1.685908195740011,10
WP,2022-10-18,Deep,21.16489452654879,28,0.7813433373496033,28
WP,2022-11-08,Surface,23.38460128201135,10,1.8347629566797896,10
WP,2022-11-08,Mid-Depth,22.962258363985747,10,1.785782288415494,10
WP,2022-11-08,Lower Photic,22.79701999496312,10,1.655732453962587,10
WP,2022-11-08,Deep,21.11071902332004,28,1.0442238250674092,28
WP,2022-12-06,Surface,21.801692522123385,10,1.4611526856385866,10
WP,2022-12-06,Mid-Depth,21.68716272552024,10,2.422397939498481,10
WP,2022-12-06,Lower Photic,21.68300107896136,10,2.594603458113105,10
WP,2022-12-06,Deep,21.162390655318067,28,1.5575472632006646,28
WP,2023-01-17,Surface,21.22796969517559,10,1.7203248757695615,10
WP,2023-01-17,Mid-Depth,21.03422308643437,10,3.3108771132284955,10
WP,2023-01-17,Lower Photic,20.90515890006721,10,3.0328456193414786,10
WP,2023-01-17,Deep,20.78594093219512,28,1.8752214555839355,28
WP,2023-02-14,Surface,20.777742606340528,10,2.020706731684752,10
WP,2023-02-14,Mid-Depth,20.658290771033258,10,2.633516994979591,10
WP,2023-02-14,Lower Photic,20.643359126695184,10,2.532941570930357,10
WP,2023-02-14,Deep,20.58517005441922,28,2.009452131424481,28
WP,2023-03-14,Surface,22.048728952384018,10,1.5791574271697617,10
WP,2023-03-14,Mid-Depth,21.258327196312912,10,2.072951752760076,10
WP,2023-03-14,Lower Photic,20.680333419087617,10,2.1478705518948287,10
WP,2023-03-14,Deep,20.570243437611385,28,1.4199400197148666,28
WP,2023-04-11,Surface,22.22138139762644,10,0.5775688472529223,10
WP,2023-04-11,Mid-Depth,22.06665392815408,10,1.0165391878579464,10
WP,2023-04-11,Lower Photic,21.42494342729471,10,1.452573295639716,10
WP,2023-04-11,Deep,20.62098656194404,28,1.1970870285002768,28
WP,2023-05-09,Surface,23.96707384429014,10,1.2642645122211849,10
WP,2023-05-09,Mid-Depth,22.888661486395723,10,1.5624950103608772,10
WP,2023-05-09,Lower Photic,21.6452702340898,10,1.4540872640286842,10
WP,2023-05-09,Deep,20.646916901922243,28,1.0412138787199017,28
WP,2023-06-13,Surface,24.857123595652418,10,1.0324592615115786,10
WP,2023-06-13,Mid-Depth,24.16289809428636,10,2.2130088725785777,10
WP,2023-06-13,Lower Photic,22.15603587500967,10,1.563338404998214,10
WP,2023-06-13,Deep,20.7761152493531,28,0.8165505195448003,28
WP,2023-07-18,Surface,24.054968369378283,10,2.038186107100147,10
WP,2023-07-18,Mid-Depth,23.84672189656795,10,3.139111408025427,10
WP,2023-07-18,Lower Photic,22.282960072099968,10,1.2394312655893736,10
WP,2023-07-18,Deep,20.76442388341324,28,0.7757198332155185,28
WP,2023-08-16,Surface,24.32751398607627,10,2.4478875503445585,10
WP,2023-08-16,Mid-Depth,23.975753836484905,10,2.022268686727033,10
WP,2023-08-16,Lower Photic,22.801933864354687,10,1.515436489121465,10
WP,2023-08-16,Deep,20.72964170161616,28,0.6598644952189383,28
WP,2023-09-05,Surface,24.63022235857349,10,2.0618292829342493,10
WP,2023-09-05,Mid-Depth,24.09660062594,10,6.669905004573371,10
WP,2023-09-05,Lower Photic,23.09031226048301,10,1.650977698846854,10
WP,2023-09-05,Deep,20.78196368659261,28,0.6086657389709081,28
WP,2023-10-18,Surface,24.333407135788622,10,17.47551147678559,10
WP,2023-10-18,Mid-Depth,24.17395234921002,10,25.97096576521396,10
WP,2023-10-18,Lower Photic,23.73969837748268,10,19.263179426372453,10
WP,2023-10-18,Deep,21.10202943763247,28,7.596744743272741,28
WP,2023-11-14,Surface,22.66241846166209,10,2.2355193273023835,10
WP,2023-11-14,Mid-Depth,22.549414888026696,10,3.5261527415481604,10
WP,2023-11-14,Lower Photic,22.53359062714218,10,3.4542827150898474,10
WP,2023-11-14,Deep,21.344200100156304,28,1.2037342279493028,28
WP,2023-12-05,Surface,22.434656237172668,10,1.7470918416430046,10
WP,2023-12-05,Mid-Depth,22.35279087187015,10,2.993940459353297,10
WP,2023-12-05,Lower Photic,22.347142725041618,10,2.775316350751484,10
WP,2023-12-05,Deep,21.423331196935315,28,1.3118847192373868,28
